packets_per_second,bytes_per_second,average_packet_size,flow_duration,packet_count,byte_count,syn_count,ack_count,syn_ack_ratio,dns_query_length,dns_entropy,dns_digit_ratio,dns_unique_char_ratio,dns_subdomain_count,inbound_bytes,outbound_bytes,outbound_inbound_ratio,is_tcp,is_udp,is_icmp,unique_destination_ports,unique_destination_hosts,connection_rate,fanout_score,source_ip_count,source_ip_entropy,destination_concentration,aggregate_packet_rate,mean_inter_arrival_time,inter_arrival_std,periodicity_score,repeated_destination_count,label
347.63463566718866,486690.37613419886,1400.0062991526663,170.2189970637904,53076.66666666666,74307664.0,1.0,1.0,1.0,0.0,0.0,0.0,0.0,0.0,34040.333333333336,74273623.66666667,2822.391399804699,1.0,0.0,0.0,1.0,1.0,0.0072289156626506,1.0,1.0,0.0,1.0,383.68674698795184,207.5,120.5,0.6326219512195123,3.0,5
1078.8284239135403,64729.70543481245,60.0,0.2161233118003545,120.31428571428572,7218.857142857143,118.37142857142857,1.9428571428571428,81.94047619047619,0.0,0.0,0.0,0.0,0.0,116.57142857142856,7102.285714285715,62.62619047619047,1.0,0.0,0.0,1.0,1.0,36.99788583509514,0.0285714285714285,35.0,5.129283016944964,1.0,4451.374207188161,0.0278235294117647,0.029343273192691,0.4867078119495188,35.0,1
100.12505055882455,6007.503033529475,60.0,0.049342421532494,2.0531914893617023,123.19148936170212,1.0,0.0851063829787234,1.0,0.0,0.0,0.0,0.0,0.0,5.1063829787234045,60.0,0.0851063829787234,1.0,0.0,0.0,188.0,1.0,28.22822822822823,1.0,1.0,0.0,1.0,57.95795795795796,0.035614973262032,0.0283413378928277,0.5568640939249325,1.0,2
6.322824394545634,7286.988004929374,1115.8333333333333,32.86898565278822,179.5,197003.5,2.5,2.6666666666666665,0.6555555555555556,4.5,1.0680323215864629,0.0,0.2472222222222222,1.0,97484.5,99519.0,1.0992051764097128,0.6666666666666666,0.3333333333333333,0.0,3.0,5.0,0.0451127819548872,1.25,4.0,1.9182958340544891,0.3333333333333333,8.097744360902256,26.6,26.9785099662676,0.4964677072346179,1.0,0
7.16501960972984,721.2074331366343,111.041452991453,1.548053980099927,9.833333333333334,1061.1666666666667,1.0,1.0,1.0,0.0,0.0,0.0,0.0,0.0,436.8333333333333,624.3333333333334,1.4176522503111642,1.0,0.0,0.0,1.0,1.0,0.0062383118663959,1.0,1.0,0.0,1.0,0.0613434000195598,192.3597322,96.76462839943083,0.6653183142409297,6.0,3
6.605592291528029,781.426198444048,141.6060606060606,0.3142034457260164,1.9090909090909087,218.63636363636363,0.0,0.0,0.0,62.18181818181818,4.751305201246893,0.2508521919332427,0.4927103490293015,3.0,65.0909090909091,152.54545454545453,2.342857555327846,0.0,1.0,0.0,1.0,1.0,0.0434782608695652,1.0,1.0,0.0,1.0,0.0830039525691699,25.3,18.729922583929707,0.5746092319779399,11.0,4
194.18065426459657,271855.1054845247,1400.013670757161,254.0452038472892,50974.25,71364515.0,1.0,1.0,1.0,0.0,0.0,0.0,0.0,0.0,26769.0,71337746.0,4404.305881757209,1.0,0.0,0.0,1.0,1.0,0.0095923261390887,1.0,1.0,0.0,1.0,488.96163069544366,139.0,127.28707711311466,0.5219930366390064,4.0,5
191.15023228661,267612.31357659993,1400.0137410739644,243.54794818391824,42942.0,60119297.5,1.0,1.0,1.0,0.0,0.0,0.0,0.0,0.0,29713.5,60089584.0,4099.098307952719,1.0,0.0,0.0,1.0,1.0,0.0086206896551724,1.0,1.0,0.0,1.0,370.1896551724138,232.0,0.0,1.0,2.0,5
10.278339503093102,1142.0869633233378,140.64166666666668,0.264241056788736,1.925,215.625,0.0,0.0,0.0,62.05,4.715335363500914,0.2296342360458982,0.4864320640925787,3.0,64.275,150.475,2.341249490413496,0.0,1.0,0.0,1.0,1.0,0.1403508771929824,1.0,1.0,0.0,1.0,0.2701754385964912,7.3076923076923075,7.629745588909192,0.4892199290318001,40.0,4
99.51163380832084,5970.6980284992505,60.0,0.0488240920925304,2.028169014084507,121.69014084507042,1.0,0.0774647887323943,1.0,0.0,0.0,0.0,0.0,0.0,4.647887323943662,60.0,0.0774647887323943,1.0,0.0,0.0,142.0,1.0,25.132743362831857,1.0,1.0,0.0,1.0,50.97345132743362,0.0400709219858156,0.0327790032670047,0.5500475374099887,1.0,2
8.137186531785725,12018.70026417064,1453.5,41.63309493623029,265.5,389485.5,3.0,2.5,1.5,0.0,0.0,0.0,0.0,0.0,186629.0,202856.5,1.106816075224264,1.0,0.0,0.0,2.0,2.0,0.1111111111111111,1.0,2.0,1.0,0.5,29.5,18.0,0.0,1.0,1.0,0
21.16784447302933,26496.24437199904,1174.3333333333333,13.996805248979433,302.0,366615.6666666667,2.6666666666666665,3.6666666666666665,0.6833333333333332,0.0,0.0,0.0,0.0,0.0,188886.3333333333,177729.33333333334,1.037426430023276,1.0,0.0,0.0,3.0,3.0,0.0193548387096774,1.5,2.0,0.9182958340544896,0.3333333333333333,5.84516129032258,77.5,57.5,0.5740740740740741,1.0,0
86.09003007255671,5165.401804353403,60.0,0.0498093805997484,1.847058823529412,110.82352941176472,1.0,0.1058823529411764,1.0,0.0,0.0,0.0,0.0,0.0,6.352941176470588,60.0,0.1058823529411764,1.0,0.0,0.0,170.0,1.0,45.57640750670242,1.0,1.0,0.0,1.0,84.1823056300268,0.0220710059171597,0.0181014805254427,0.5494060206777166,1.0,2
9.232530318756542,901.3348130916036,124.48015873015872,0.291988529412358,2.071428571428572,213.52380952380952,0.0,0.0,0.0,62.095238095238095,4.699414878574042,0.2228493781992769,0.4811198727684053,3.0,63.57142857142857,148.97619047619048,2.34412305765067,0.0,1.0,0.0,1.0,1.0,0.1409395973154362,1.0,1.0,0.0,1.0,0.2919463087248322,7.268292682926829,7.122702933933747,0.5050583626341498,42.0,4
975.8772784600384,58552.63670760232,60.0,0.2505907876634177,130.09375,7805.625,127.125,2.96875,54.81510416666666,0.0,0.0,0.0,0.0,0.0,178.125,7627.5,47.50260416666666,1.0,0.0,0.0,1.0,1.0,35.35911602209945,0.03125,32.0,5.0,1.0,4600.0,0.0291935483870967,0.0239184358033696,0.5496602853774947,32.0,1
9.201409379903632,1274.4449904568985,201.1343915343915,1.0795570162991404,9.0,1379.8333333333333,1.0,1.0,1.0,0.0,0.0,0.0,0.0,0.0,555.5,824.3333333333334,1.5147104329472825,1.0,0.0,0.0,1.0,1.0,0.0099918378175643,1.0,1.0,0.0,1.0,0.0899265403580795,120.0980262,1.3400718344523748,0.988964980050394,6.0,3
1441.641851007545,86498.51106045273,60.0,0.231259332215204,126.2909090909091,7577.454545454545,123.67272727272729,2.618181818181818,62.13666666666666,0.0,0.0,0.0,0.0,0.0,157.0909090909091,7420.363636363636,40.99121212121212,1.0,0.0,0.0,1.0,1.0,58.324496288441146,0.0181818181818181,55.0,5.781359713524656,1.0,7365.8536585365855,0.0174629629629629,0.0161803641434129,0.5190617119331661,55.0,1
28.117237628685352,24166.34985513365,958.2857142857144,15.240700670015263,222.42857142857144,225493.85714285716,0.4285714285714285,0.4285714285714285,0.1428571428571428,4.285714285714286,0.9376364796770676,0.0,0.1999999999999999,0.8571428571428571,103860.57142857143,121633.28571428572,1.0784443283977363,0.1428571428571428,0.7142857142857143,0.1428571428571428,4.0,5.0,0.0296610169491525,1.0,5.0,2.1280852788913944,0.2857142857142857,6.5974576271186445,39.333333333333336,15.391195174153594,0.7187514338831096,1.0,0
5.349265357220549,6835.666660112919,1130.5,38.4142998240092,126.5,142088.16666666666,3.1666666666666665,3.6666666666666665,0.8749999999999999,2.5,0.5538719047996034,0.0,0.1222222222222222,0.5,67973.83333333333,74114.33333333333,0.96828432540757,1.0,0.0,0.0,3.0,4.0,0.048780487804878,0.8,5.0,2.2516291673878226,0.5,6.170731707317073,24.6,18.44559568027013,0.571487038597897,2.0,0
1285.0412803691404,77102.47682214841,60.0,0.2208864265078887,120.21428571428572,7212.857142857143,118.21428571428572,2.0,76.33095238095238,0.0,0.0,0.0,0.0,0.0,120.0,7092.857142857143,47.85476190476191,1.0,0.0,0.0,1.0,1.0,42.94478527607362,0.0238095238095238,42.0,5.3923174227787625,1.0,5162.576687116564,0.0238536585365853,0.0231859513558026,0.5070972865454265,42.0,1
28.808039920515068,28759.20384391564,899.4,26.640128574889825,348.4,304851.2,2.8,3.0,1.01,2.4,0.6044110417748401,0.0,0.15,0.6,159884.2,144967.0,0.983365656758898,1.0,0.0,0.0,4.0,5.0,0.0193050193050193,1.6666666666666667,3.0,1.3709505944546687,0.2,6.725868725868726,64.75,54.2649748917292,0.5440491842216044,1.0,0
80.08729642266086,4805.237785359651,60.0,0.0512804217767967,2.0653266331658293,123.91959798994976,1.0,0.1105527638190954,1.0,0.0,0.0,0.0,0.0,0.0,6.633165829145729,60.0,0.1105527638190954,1.0,0.0,0.0,199.0,1.0,22.1357063403782,1.0,1.0,0.0,1.0,45.7174638487208,0.0454040404040404,0.0421707493991659,0.5184601699424007,1.0,2
7.925541152222425,904.3180612583296,139.1196158008658,1.3875362214340217,9.75,1188.25,1.0,1.0,1.0,0.0,0.0,0.0,0.0,0.0,471.625,716.625,1.5185540796837342,1.0,0.0,0.0,1.0,1.0,0.0095257214041362,1.0,1.0,0.0,1.0,0.0928757836903279,119.97591514285716,1.4267986074775372,0.9882473911546018,8.0,3
11.085261280004651,1007.1051161598184,129.31944444444446,0.2609138931573713,1.9166666666666667,195.83333333333331,0.0,0.0,0.0,61.75,4.789024766483954,0.2436488020855948,0.5043338810429534,3.0,58.16666666666666,136.66666666666666,2.349662203868957,0.0,1.0,0.0,1.0,1.0,0.0476190476190476,1.0,1.0,0.0,1.0,0.0912698412698412,22.90909090909091,30.09516586205271,0.4322122845341545,12.0,4
9.799741238241822,1105.34120138585,147.7450980392157,0.2501072309701481,1.7647058823529411,217.64705882352945,0.0,0.0,0.0,62.05882352941177,4.770923353657372,0.2307236928490159,0.5013494334301845,3.0,64.82352941176471,151.88235294117646,2.343799998366899,0.0,1.0,0.0,1.0,1.0,0.0639097744360902,1.0,1.0,0.0,1.0,0.112781954887218,16.625,16.955364195439742,0.4950809914758964,17.0,4
1041.823389025696,62509.40334154176,60.0,0.2249297886268386,134.2173913043478,8053.04347826087,131.7391304347826,2.4782608695652173,73.5913043478261,0.0,0.0,0.0,0.0,0.0,148.69565217391303,7904.347826086957,50.37391304347827,1.0,0.0,0.0,1.0,1.0,23.421588594704684,0.0434782608695652,23.0,4.523561956057013,1.0,3143.584521384929,0.0446363636363636,0.0379192268986993,0.54068250674563,23.0,1
101.66348481229466,6099.809088737679,60.0,0.0492513219053598,2.0502793296089385,123.01675977653632,1.0,0.0893854748603352,1.0,0.0,0.0,0.0,0.0,0.0,5.363128491620111,60.0,0.0893854748603352,1.0,0.0,0.0,179.0,1.0,26.836581709145428,1.0,1.0,0.0,1.0,55.02248875562219,0.0374719101123595,0.0314054993708664,0.5440377388392523,1.0,2
8.413549022299534,1042.8573737011588,142.04901960784312,0.271531501681823,1.8823529411764703,225.58823529411765,0.0,0.0,0.0,62.76470588235294,4.73550110794817,0.2263500383002067,0.4891592883468568,3.0,67.23529411764706,157.41176470588235,2.3416677076951293,0.0,1.0,0.0,1.0,1.0,0.065891472868217,1.0,1.0,0.0,1.0,0.1240310077519379,16.125,18.027323012582876,0.4721494345804531,17.0,4
778.3457162985361,46700.74297791217,60.0,0.260613074313147,130.0,7800.0,127.27272727272728,2.727272727272727,65.56136363636364,0.0,0.0,0.0,0.0,0.0,163.63636363636363,7636.363636363636,61.8340909090909,1.0,0.0,0.0,1.0,1.0,22.916666666666668,0.0454545454545454,22.0,4.459431618637295,1.0,2979.166666666667,0.0457142857142857,0.0400108828732798,0.5332656262739222,22.0,1
11.257055676472511,1215.165935611947,108.06344149677484,1.2656859020543596,12.11111111111111,1309.0,1.0,1.0,1.0,0.0,0.0,0.0,0.0,0.0,546.0,763.0,1.421666663394066,1.0,0.0,0.0,1.0,1.0,0.009408161554642,1.0,1.0,0.0,1.0,0.113943289939554,119.57702825,2.199395565347657,0.9819390691856524,9.0,3
1094.7778467154053,65686.67080292433,60.0,0.2379135754241179,123.29629629629628,7397.777777777777,121.25925925925924,2.037037037037037,78.26234567901234,0.0,0.0,0.0,0.0,0.0,122.22222222222224,7275.555555555556,53.85493827160494,1.0,0.0,0.0,1.0,1.0,31.952662721893493,0.037037037037037,27.0,4.754887502163471,1.0,3939.6449704142015,0.0325,0.0282315290193292,0.535142133333348,27.0,1
87.66235290374729,5259.741174224838,60.0,0.0493982500446941,1.9142857142857144,114.85714285714286,1.0,0.0285714285714285,1.0,0.0,0.0,0.0,0.0,0.0,1.7142857142857142,60.0,0.0285714285714285,1.0,0.0,0.0,70.0,1.0,8.274231678486997,1.0,1.0,0.0,1.0,15.839243498817964,0.1226086956521739,0.1145584108199962,0.5169717566485603,1.0,2
423.8621846663687,593418.0764447916,1400.0259470166463,70.5457493053347,29863.0,41808959.0,1.0,1.0,1.0,0.0,0.0,0.0,0.0,0.0,33174.666666666664,41775784.333333336,1445.3059407348876,1.0,0.0,0.0,1.0,1.0,0.0074812967581047,1.0,1.0,0.0,1.0,223.4139650872818,200.5,83.5,0.7059859154929577,3.0,5
9.132460476977196,775.4197636486839,95.64969696969698,1.360196797466203,11.6,1045.4,1.0,1.0,1.0,0.0,0.0,0.0,0.0,0.0,427.4,618.0,1.4652109787985377,1.0,0.0,0.0,1.0,1.0,0.0052172581762514,1.0,1.0,0.0,1.0,0.0605201948445168,239.58944675,147.05546808277003,0.6196627384938611,5.0,3
576.5418130906554,807172.1266806697,1400.0345923935097,117.81876253400156,39199.66666666666,54880480.66666666,1.0,1.0,1.0,0.0,0.0,0.0,0.0,0.0,26103.0,54854377.66666666,2068.945338065364,1.0,0.0,0.0,1.0,1.0,0.0153061224489795,1.0,1.0,0.0,1.0,599.9948979591836,98.0,14.0,0.875,3.0,5
9.565348190462949,1099.0355200126653,112.58580207671116,1.3342138593103867,11.636363636363637,1268.1818181818182,1.0,1.0,1.0,0.0,0.0,0.0,0.0,0.0,511.27272727272725,756.9090909090909,1.4781762166131396,1.0,0.0,0.0,1.0,1.0,0.0061144385783947,1.0,1.0,0.0,1.0,0.0711498307304115,179.9020443,145.0526271742963,0.5536219666693732,11.0,3
308.48067894738244,431875.30939877016,1400.006388143085,210.3158385653096,52366.5,73313472.5,1.0,1.0,1.0,0.0,0.0,0.0,0.0,0.0,35538.5,73277934.0,2025.7588388672996,1.0,0.0,0.0,1.0,1.0,0.0058309037900874,1.0,1.0,0.0,1.0,305.34402332361515,343.0,0.0,1.0,2.0,5
131.94247044712216,7916.548226827332,60.0,0.0465920641132144,2.066666666666667,124.0,1.0,0.1259259259259259,1.0,0.0,0.0,0.0,0.0,0.0,7.555555555555555,60.0,0.1259259259259259,1.0,0.0,0.0,135.0,1.0,17.90450928381963,1.0,1.0,0.0,1.0,37.0026525198939,0.0562686567164179,0.0488016338390403,0.5355334644926879,1.0,2
135.05603458077414,189079.70125450668,1400.0172606372028,208.960185875491,29567.0,41394051.0,1.0,1.0,1.0,0.0,0.0,0.0,0.0,0.0,36958.5,41357092.5,1015.024660454096,1.0,0.0,0.0,1.0,1.0,0.0089285714285714,1.0,1.0,0.0,1.0,263.99107142857144,224.0,0.0,1.0,2.0,5
9.91914754217894,1197.01071221537,155.4691031191031,1.1747287142871718,10.0,1327.3333333333333,1.0,1.0,1.0,0.0,0.0,0.0,0.0,0.0,528.6666666666666,798.6666666666666,1.539793528870656,1.0,0.0,0.0,1.0,1.0,0.007148475691569,1.0,1.0,0.0,1.0,0.0714847569156909,152.60723236363637,73.14652297951132,0.6759897842304862,12.0,3
11.456332389972872,11033.716684274745,1043.571428571429,20.99121477032478,180.28571428571428,177865.0,2.571428571428572,2.7142857142857144,0.5952380952380952,3.857142857142857,0.9464552042375728,0.0,0.2238095238095238,0.8571428571428571,83411.28571428571,94453.71428571428,1.0987191793068445,0.5714285714285714,0.2857142857142857,0.1428571428571428,4.0,5.0,0.0355329949238578,1.25,4.0,1.9502120649147463,0.4285714285714285,6.406091370558376,32.833333333333336,20.963592779440795,0.6103198770967887,1.0,0
17.036163256637902,1599.8998295564925,105.6923076923077,0.2248569548779474,2.1538461538461537,211.92307692307693,0.0,0.0,0.0,62.38461538461539,4.720682442927487,0.2476929959217769,0.4925797332398691,3.0,63.07692307692308,147.92307692307693,2.3449380024945223,0.0,1.0,0.0,1.0,1.0,0.0501930501930501,1.0,1.0,0.0,1.0,0.1081081081081081,21.58333333333333,23.005283209635905,0.4840547881214002,13.0,4
978.9526927450044,58737.161564700255,60.0,0.2812033249133221,133.05555555555554,7983.333333333333,130.57407407407408,2.4814814814814814,73.78765432098766,0.0,0.0,0.0,0.0,0.0,148.88888888888889,7834.444444444444,47.56543209876544,1.0,0.0,0.0,1.0,1.0,55.21472392638037,0.0185185185185185,54.0,5.7548875021634665,1.0,7346.625766871166,0.0184528301886792,0.022353562071246,0.4522044014854307,54.0,1
108.53838875394489,6512.303325236692,60.0,0.0497505406941239,1.9438202247191008,116.62921348314607,1.0,0.1011235955056179,1.0,0.0,0.0,0.0,0.0,0.0,6.067415730337078,60.0,0.1011235955056179,1.0,0.0,0.0,89.0,1.0,11.055900621118012,1.0,1.0,0.0,1.0,21.490683229813666,0.0914772727272727,0.0802770737781352,0.5326052853305371,1.0,2
9.416008177932506,12203.549923803885,1195.3333333333333,33.936172370557074,239.33333333333331,292529.0,2.333333333333333,3.0,0.7666666666666666,6.0,1.1307157412215114,0.0,0.2037037037037037,1.0,143171.66666666666,149357.33333333334,0.9679483220715094,1.0,0.0,0.0,3.0,2.0,0.0245901639344262,0.6666666666666666,3.0,1.584962500721156,0.6666666666666666,5.885245901639344,61.0,43.0,0.5865384615384615,1.0,0
10.638115457577433,945.9775984433512,123.23684210526318,0.272553448672917,2.0526315789473686,203.05263157894737,0.0,0.0,0.0,59.47368421052632,4.67804557720451,0.2195714289019546,0.4999798526911496,3.0,60.47368421052632,141.73684210526315,2.344642335554771,0.0,1.0,0.0,1.0,1.0,0.0666666666666666,1.0,1.0,0.0,1.0,0.1368421052631579,15.833333333333334,10.647117502456291,0.5979253688511152,19.0,4
10.060999162594504,11212.899356668124,926.1666666666666,32.63476987605059,221.0,234486.5,2.0,2.0,0.7083333333333334,2.0,0.4863826390090815,0.0,0.1111111111111111,0.5,120061.33333333331,114425.16666666669,0.9805657432509136,0.6666666666666666,0.0,0.3333333333333333,3.0,5.0,0.0294117647058823,1.0,5.0,2.2516291673878226,0.3333333333333333,6.5,40.8,23.40427311411316,0.6354717220687838,1.0,0
9.54997572271978,1058.3745324000795,125.54954954954954,0.2833396252926129,1.972972972972973,209.86486486486487,0.0,0.0,0.0,60.13513513513514,4.721936858458401,0.2288135475320155,0.5022407409589801,3.0,62.54054054054054,146.40540540540542,2.3417113440204296,0.0,1.0,0.0,1.0,1.0,0.1267123287671233,1.0,1.0,0.0,1.0,0.25,8.11111111111111,7.411619172989939,0.5225312147192822,37.0,4
384.3939122053832,455035.1461196255,1147.0,3.103042283831475,166.0,187327.0,1.0,2.0,0.5,0.0,0.0,0.0,0.0,0.0,95346.0,91981.0,0.9021661259172844,1.0,0.0,0.0,2.0,2.0,0.0093457943925233,1.0,2.0,1.0,0.5,1.5514018691588785,214.0,0.0,1.0,1.0,0
9.455029526482855,1064.6866538050658,109.89545454545456,1.0936839044358355,10.0,1006.0,1.0,1.0,1.0,0.0,0.0,0.0,0.0,0.0,397.6,608.4,1.5507773840725574,1.0,0.0,0.0,1.0,1.0,0.0034731287956661,1.0,1.0,0.0,1.0,0.0347312879566611,359.906031,207.09238783075864,0.6347566748813581,5.0,3
9.975473716948466,1028.3971318304618,119.60119047619048,0.2387181798431086,2.107142857142857,209.25,0.0,0.0,0.0,59.42857142857143,4.719065428647931,0.2491448791208267,0.5046790434206259,3.0,62.392857142857146,145.96428571428572,2.339336986941806,0.0,1.0,0.0,1.0,1.0,0.1033210332103321,1.0,1.0,0.0,1.0,0.2177121771217712,10.037037037037036,10.318919988999284,0.4930761557513188,28.0,4
79.40196256249133,4764.117753749481,60.0,0.0539270460367168,2.0194174757281558,121.16504854368932,1.0,0.0485436893203883,1.0,0.0,0.0,0.0,0.0,0.0,2.912621359223301,60.0,0.0485436893203883,1.0,0.0,0.0,103.0,1.0,12.174940898345152,1.0,1.0,0.0,1.0,24.586288416075647,0.0829411764705882,0.0735458805086484,0.5300194027011015,1.0,2
15.817692268430466,12207.07462788796,976.0,15.283142954544026,184.0,142563.0,3.0,2.75,0.8125,6.0,1.4276942711037668,0.0,0.3333333333333333,1.5,62889.5,79673.5,1.152919067959672,0.75,0.25,0.0,3.0,3.0,0.0228571428571428,0.75,4.0,2.0,0.5,4.2057142857142855,58.333333333333336,33.62869145371091,0.6343198017705176,1.0,0
141.3055353755072,197830.92208271523,1400.0224517531938,130.17890595097273,18395.0,25753413.0,1.0,1.0,1.0,0.0,0.0,0.0,0.0,0.0,6831.0,25746582.0,3769.0794905577513,1.0,0.0,0.0,1.0,1.0,1.0,1.0,1.0,0.0,1.0,18395.0,0.0,0.0,0.0,0.0,5
861.1434358286612,51668.606149719686,60.0,0.2236546217059631,113.6829268292683,6820.975609756098,111.09756097560977,2.5853658536585367,60.956504065040654,0.0,0.0,0.0,0.0,0.0,155.1219512195122,6665.8536585365855,48.98089430894309,1.0,0.0,0.0,1.0,1.0,42.93193717277487,0.024390243902439,41.0,5.357552004618081,1.0,4880.628272251309,0.023875,0.0275891169666591,0.4639154697916479,41.0,1
14.57836770117542,20283.49223044622,1407.0,26.275641727608964,362.5,509250.0,2.5,3.5,0.65,7.5,1.620111964470926,0.0,0.3333333333333333,1.5,230096.0,279154.0,1.217756195419302,1.0,0.0,0.0,2.0,1.0,0.0126582278481012,0.5,2.0,1.0,1.0,4.5886075949367084,158.0,0.0,1.0,1.0,0
9.878749803782858,979.5379623206642,123.4871182058682,1.249207553939985,10.666666666666666,1194.5833333333333,1.0,1.0,1.0,0.0,0.0,0.0,0.0,0.0,477.9166666666667,716.6666666666666,1.4944134362533124,1.0,0.0,0.0,1.0,1.0,0.0090908740566088,1.0,1.0,0.0,1.0,0.0969693232704943,120.00046245454546,1.6036079616767809,0.9868128759490696,12.0,3
1403.0646003824454,84183.87602294673,60.0,0.227155212548326,124.63793103448276,7478.275862068966,122.22413793103448,2.413793103448276,62.58045977011495,0.0,0.0,0.0,0.0,0.0,144.82758620689654,7333.448275862069,44.35632183908046,1.0,0.0,0.0,1.0,1.0,58.46774193548387,0.0172413793103448,58.0,5.85798099512757,1.0,7287.298387096775,0.0174035087719298,0.0167372466757531,0.5097575769405225,58.0,1
280.13343729060534,392193.5427895279,1400.022076880892,128.0580433157489,33731.5,47224812.5,1.0,1.0,1.0,0.0,0.0,0.0,0.0,0.0,33954.5,47190858.0,1454.833433785824,1.0,0.0,0.0,1.0,1.0,0.0163934426229508,1.0,1.0,0.0,1.0,552.9754098360655,122.0,0.0,1.0,2.0,5
847.1478137015706,50828.86882209423,60.0,0.2356155703612323,119.30909090909093,7158.545454545455,117.10909090909092,2.2,73.57454545454546,0.0,0.0,0.0,0.0,0.0,132.0,7026.545454545455,47.42909090909092,1.0,0.0,0.0,1.0,1.0,58.63539445628998,0.0181818181818181,55.0,5.781359713524656,1.0,6995.735607675907,0.0173703703703703,0.0177568935975073,0.4944982446186188,55.0,1
1634.171564984818,98050.29389908913,60.0,0.2455273460084049,130.16,7809.6,127.92,2.24,72.79433333333333,0.0,0.0,0.0,0.0,0.0,134.4,7675.2,44.35433333333334,1.0,0.0,0.0,1.0,1.0,51.3347022587269,0.02,50.0,5.643856189774728,1.0,6681.724845995894,0.0198775510204081,0.0194911101170337,0.5049079761948887,50.0,1
790.9381280938197,1107321.541484333,1400.0123139191803,95.86036918687633,51595.5,72234196.5,1.0,1.0,1.0,0.0,0.0,0.0,0.0,0.0,39027.0,72195169.5,2082.9782302970307,1.0,0.0,0.0,1.0,1.0,0.0132890365448504,1.0,1.0,0.0,1.0,685.6544850498339,100.33333333333331,75.01703510240561,0.5721877531731718,4.0,5
75.52132748462238,4531.279649077342,60.0,0.0524801828038573,2.06,123.6,1.0,0.1666666666666666,1.0,0.0,0.0,0.0,0.0,0.0,10.0,60.0,0.1666666666666666,1.0,0.0,0.0,150.0,1.0,37.68844221105528,1.0,1.0,0.0,1.0,77.63819095477388,0.0267114093959731,0.022834183518133,0.5391278582997465,1.0,2
250.28733740450565,350409.6416379476,1400.0570646377469,129.16803192909944,31847.0,44586760.5,1.0,1.0,1.0,0.0,0.0,0.0,0.0,0.0,25021.5,44561739.0,1608.8686526209804,1.0,0.0,0.0,1.0,1.0,0.005,1.0,1.0,0.0,1.0,159.235,400.0,0.0,1.0,2.0,5
500.9722007651305,30058.332045907835,60.0,0.2831808133170521,114.8,6888.0,112.65714285714286,2.142857142857143,71.32571428571427,0.0,0.0,0.0,0.0,0.0,128.57142857142858,6759.428571428572,52.95428571428572,1.0,0.0,0.0,1.0,1.0,36.0082304526749,0.0285714285714285,35.0,5.129283016944964,1.0,4133.744855967078,0.0285882352941176,0.0334163729216495,0.4610663000181317,35.0,1
8.997253864630446,1006.9385585789066,136.66176470588235,0.2976192347971145,1.9411764705882355,220.11764705882356,0.0,0.0,0.0,62.6764705882353,4.739750654967398,0.2253581358295188,0.4893810648499552,3.0,65.52941176470588,153.7941176470588,2.346858403621573,0.0,1.0,0.0,1.0,1.0,0.1197183098591549,1.0,1.0,0.0,1.0,0.2323943661971831,8.606060606060606,7.001901879898122,0.5513891139732563,34.0,4
856.6412478611114,51398.47487166668,60.0,0.2539676303649204,112.28571428571428,6737.142857142857,109.76190476190476,2.523809523809524,65.12857142857145,0.0,0.0,0.0,0.0,0.0,151.42857142857142,6585.714285714285,51.842857142857135,1.0,0.0,0.0,1.0,1.0,22.0820189274448,0.0476190476190476,21.0,4.39231742277876,1.0,2479.4952681388013,0.04755,0.0420517241025858,0.5306817527926088,21.0,1
92.99007626177077,59546.96686816364,800.6666666666666,12.993116135419172,239.0,165631.0,1.3333333333333333,1.3333333333333333,0.6666666666666666,0.0,0.0,0.0,0.0,0.0,83503.0,82128.0,0.9785743551391428,0.6666666666666666,0.3333333333333333,0.0,2.0,3.0,0.0182926829268292,1.0,3.0,1.584962500721156,0.3333333333333333,4.371951219512195,82.0,12.0,0.8723404255319149,1.0,0
1437.3860058087955,86243.16034852773,60.0,0.217567246493142,124.70666666666666,7482.4,121.98666666666666,2.72,59.70088888888889,0.0,0.0,0.0,0.0,0.0,163.2,7319.2,43.99422222222223,1.0,0.0,0.0,1.0,1.0,75.52870090634441,0.0133333333333333,75.0,6.228818690495891,1.0,9418.932527693856,0.0134189189189189,0.012951058348443,0.5088710840690581,75.0,1
9.715189950486527,1624.4719567437123,175.33501683501683,1.1425221823207137,9.77777777777778,1565.7777777777778,1.0,1.0,1.0,0.0,0.0,0.0,0.0,0.0,634.5555555555555,931.2222222222222,1.485896198976655,1.0,0.0,0.0,1.0,1.0,0.0050011610223097,1.0,1.0,0.0,1.0,0.0489002411070286,224.947766125,93.62596808933566,0.706108953645424,9.0,3
11.549414180167943,1274.4055821276288,126.48989898989898,0.2395198909095097,2.0303030303030303,209.66666666666663,0.0,0.0,0.0,62.39393939393939,4.709224765167249,0.2341608958954628,0.4845113101895582,3.0,62.39393939393939,146.33333333333334,2.346242527559574,0.0,1.0,0.0,1.0,1.0,0.1314741035856573,1.0,1.0,0.0,1.0,0.2669322709163346,7.84375,9.284090474435285,0.4579532376955194,33.0,4
204.6993160785777,248114.25039822035,1135.2857142857142,17.70342130793037,272.1428571428572,304486.8571428572,1.2857142857142858,1.2857142857142858,0.6666666666666666,2.142857142857143,0.4747473469710886,0.0,0.1047619047619047,0.4285714285714285,152930.42857142858,151556.42857142858,0.9715544856776348,0.7142857142857143,0.2857142857142857,0.0,3.0,6.0,0.0325581395348837,1.2,5.0,2.235926350629033,0.2857142857142857,8.86046511627907,35.833333333333336,52.35588685992138,0.4063232814034351,2.0,0
34.20561503739337,25404.363623931746,937.0,15.378382296014031,419.0,367853.0,0.0,0.0,0.0,0.0,0.0,0.0,0.0,0.0,168830.0,199023.0,1.2189808187811737,0.0,1.0,0.0,2.0,2.0,0.0096618357487922,1.0,2.0,1.0,0.5,4.048309178743962,207.0,0.0,1.0,1.0,0
41.49593445094039,44302.555982852806,1110.0,10.252391898687824,298.0,323228.0,0.0,0.0,0.0,0.0,0.0,0.0,0.0,0.0,168003.5,155224.5,1.108553092807607,0.0,1.0,0.0,2.0,2.0,0.0121951219512195,1.0,2.0,1.0,0.5,3.634146341463415,164.0,0.0,1.0,1.0,0
10.319583893505447,1130.8293909642634,131.6796842046842,1.2985465179025844,10.916666666666666,1292.9166666666667,1.0,1.0,1.0,0.0,0.0,0.0,0.0,0.0,532.8333333333334,760.0833333333334,1.4671988310626762,1.0,0.0,0.0,1.0,1.0,0.0090736963096317,1.0,1.0,0.0,1.0,0.0990545180468133,120.22763972727276,1.5077309748356125,0.9876146844903024,12.0,3
1190.919189682006,71455.15138092035,60.0,0.217029819474647,127.83333333333331,7670.0,125.38888888888889,2.4444444444444446,70.48456790123457,0.0,0.0,0.0,0.0,0.0,146.66666666666666,7523.333333333333,45.151234567901234,1.0,0.0,0.0,1.0,1.0,54.49041372351161,0.0185185185185185,54.0,5.7548875021634665,1.0,6965.691220988901,0.0186981132075471,0.0221551858622526,0.4576891862662198,54.0,1
9.67769388805564,7553.445020670173,911.25,39.08090765088619,330.75,266071.5,3.5,4.0,0.8333333333333334,3.0,0.8129072918469556,0.0,0.2083333333333333,0.75,135760.75,130310.75,1.024236481462504,1.0,0.0,0.0,4.0,3.0,0.0136054421768707,1.0,3.0,1.5,0.5,4.5,98.0,71.62867209900423,0.5777325188444676,1.0,0
8.597151634600724,951.353420440534,128.1,0.2925761133505359,1.9333333333333331,201.26666666666668,0.0,0.0,0.0,61.266666666666666,4.69082767677764,0.2100516508635109,0.4846404324725611,3.0,59.86666666666667,140.46666666666667,2.3467256294744163,0.0,1.0,0.0,1.0,1.0,0.0581395348837209,1.0,1.0,0.0,1.0,0.1124031007751938,18.428571428571427,19.583937608277296,0.4848028161126397,15.0,4
10.302536741302642,1083.9082637290508,121.5965668946438,1.1414972923610915,10.538461538461538,1158.076923076923,1.0,1.0,1.0,0.0,0.0,0.0,0.0,0.0,462.6923076923077,695.3846153846154,1.5539326461948624,1.0,0.0,0.0,1.0,1.0,0.0067773511684299,1.0,1.0,0.0,1.0,0.0714228546211462,159.84612666666666,75.23498201440614,0.6799615994815003,13.0,3
81.48673297101952,4889.203978261171,60.0,0.0530252020152588,1.9775280898876404,118.65168539325845,1.0,0.0898876404494382,1.0,0.0,0.0,0.0,0.0,0.0,5.393258426966292,60.0,0.0898876404494382,1.0,0.0,0.0,89.0,1.0,28.343949044585987,1.0,1.0,0.0,1.0,56.05095541401273,0.0356818181818181,0.0289511914712211,0.5520680279839063,1.0,2
5.956224594909036,6868.304167460559,968.6666666666666,24.421138992725023,186.0,244692.0,2.6666666666666665,2.333333333333333,0.75,0.0,0.0,0.0,0.0,0.0,138041.0,106651.0,0.7184264320309309,0.6666666666666666,0.0,0.3333333333333333,3.0,3.0,0.014018691588785,1.5,2.0,0.9182958340544896,0.3333333333333333,2.607476635514019,107.0,64.0,0.6257309941520468,1.0,0
107.6551252011162,6459.307512066971,60.0,0.0506543254911933,1.9545454545454544,117.27272727272728,1.0,0.1193181818181818,1.0,0.0,0.0,0.0,0.0,0.0,7.159090909090909,60.0,0.1193181818181818,1.0,0.0,0.0,176.0,1.0,21.755253399258343,1.0,1.0,0.0,1.0,42.52163164400495,0.0462285714285714,0.0367626252088299,0.5570298212538094,1.0,2
124.1977672345525,7451.866034073151,60.0,0.0474289150042125,1.947674418604651,116.86046511627907,1.0,0.1046511627906976,1.0,0.0,0.0,0.0,0.0,0.0,6.27906976744186,60.0,0.1046511627906976,1.0,0.0,0.0,172.0,1.0,27.92207792207792,1.0,1.0,0.0,1.0,54.38311688311688,0.0360233918128655,0.0315019637773415,0.5334794833437329,1.0,2
8.931104167805831,1006.2416539097068,141.3,0.2757466241542866,1.8,203.0,0.0,0.0,0.0,62.5,4.735678972909777,0.2158438391914185,0.4812843981916989,3.0,60.5,141.6,2.339802762982218,0.0,1.0,0.0,1.0,1.0,0.0386100386100386,1.0,1.0,0.0,1.0,0.0694980694980695,28.77777777777778,29.965824154926068,0.4898878657584761,10.0,4
8.382125116560605,872.3243543700765,132.8695652173913,0.3237148021861539,1.8695652173913044,211.95652173913044,0.0,0.0,0.0,60.69565217391305,4.743400559642448,0.241185126472541,0.5055226905137168,3.0,63.130434782608695,147.91304347826087,2.343302544246927,0.0,1.0,0.0,1.0,1.0,0.0815602836879432,1.0,1.0,0.0,1.0,0.1524822695035461,12.818181818181818,13.186206166212148,0.4929238029318131,23.0,4
10.34787307103534,1160.358551787309,142.16666666666663,0.2840570817193435,1.7878787878787878,208.0606060606061,0.0,0.0,0.0,64.60606060606061,4.711079678640653,0.2359802461278019,0.4690551465706192,3.0,62.0,145.15151515151516,2.341677679240679,0.0,1.0,0.0,1.0,1.0,0.1145833333333333,1.0,1.0,0.0,1.0,0.2048611111111111,9.0,8.881159834165805,0.5033230552977644,33.0,4
9.542683117033237,10038.46222426817,1017.6666666666666,25.83737322151931,219.83333333333331,207318.16666666663,1.8333333333333333,1.5,0.7083333333333334,9.5,2.1397193256541525,0.0,0.4694444444444444,2.0,114491.0,92827.16666666669,0.8801684723697133,0.5,0.5,0.0,4.0,4.0,0.0304568527918781,1.3333333333333333,3.0,1.4591479170272446,0.5,6.695431472081219,39.4,37.813225199657325,0.5102752785953417,2.0,0
6.846593676825939,7849.101525378847,1084.857142857143,42.52656644968954,247.14285714285717,276329.28571428574,0.7142857142857143,0.4285714285714285,0.5,4.714285714285714,0.9665292122771028,0.0,0.192063492063492,0.8571428571428571,128743.57142857143,147585.7142857143,1.1781264132762448,0.2857142857142857,0.5714285714285714,0.1428571428571428,4.0,4.0,0.0318181818181818,1.0,4.0,1.8423709931771088,0.5714285714285714,7.863636363636363,36.66666666666666,37.6592913133296,0.4933224900583851,2.0,0
880.4416144550864,52826.49686730519,60.0,0.271818836890965,133.50632911392404,8010.379746835443,130.873417721519,2.632911392405063,66.06371308016877,0.0,0.0,0.0,0.0,0.0,157.9746835443038,7852.405063291139,46.55738396624472,1.0,0.0,0.0,1.0,1.0,79.87866531850354,0.0126582278481012,79.0,6.303780748177105,1.0,10664.307381193124,0.0126794871794871,0.0150635351775307,0.457033376404274,79.0,1
92.2814634024016,5536.887804144096,60.0,0.0499511147884397,1.984732824427481,119.08396946564883,1.0,0.099236641221374,1.0,0.0,0.0,0.0,0.0,0.0,5.954198473282442,60.0,0.099236641221374,1.0,0.0,0.0,131.0,1.0,17.583892617449663,1.0,1.0,0.0,1.0,34.899328859060404,0.0573076923076923,0.0556055954785191,0.5075371856693955,1.0,2
83.16021772703007,87917.77732286407,1090.142857142857,14.360929929715544,303.1428571428572,335657.5714285714,1.2857142857142858,1.0,0.4642857142857143,3.857142857142857,0.8964086565979204,0.0,0.2023809523809523,0.8571428571428571,175530.85714285713,160126.7142857143,0.9525732070285964,0.4285714285714285,0.4285714285714285,0.1428571428571428,4.0,4.0,0.0292887029288702,0.8,5.0,2.235926350629033,0.2857142857142857,8.878661087866108,39.833333333333336,23.405246325462063,0.6298897531895026,2.0,0
24.031459671472646,17534.04544071566,807.0,15.328252389828714,289.6666666666667,208253.0,4.333333333333333,3.6666666666666665,1.222222222222222,8.0,2.1121972227029926,0.0,0.5277777777777778,2.0,90368.33333333331,117884.66666666669,1.1451177296348576,1.0,0.0,0.0,2.0,2.0,0.0202702702702702,0.6666666666666666,3.0,1.584962500721156,0.6666666666666666,5.871621621621622,74.0,74.0,0.5,1.0,0
1530.3521929123642,91821.13157474184,60.0,0.247052044413205,134.7391304347826,8084.347826086957,132.04347826086956,2.6956521739130435,63.98333333333333,0.0,0.0,0.0,0.0,0.0,161.7391304347826,7922.608695652174,29.89637681159421,1.0,0.0,0.0,1.0,1.0,23.3739837398374,0.0434782608695652,23.0,4.523561956057013,1.0,3149.390243902439,0.0447272727272727,0.0353131212005625,0.558808753085336,23.0,1
10.149842192909244,968.2413859462324,111.23889404246547,1.2569841399933173,10.142857142857142,1057.2857142857142,1.0,1.0,1.0,0.0,0.0,0.0,0.0,0.0,428.8571428571428,628.4285714285714,1.478228303686436,1.0,0.0,0.0,1.0,1.0,0.0097215943017458,1.0,1.0,0.0,1.0,0.0986047422034219,120.00775083333332,1.6733958113590863,0.9862476985342242,7.0,3
8.342628468399413,1125.2028255165148,169.6968253968254,1.116235876642422,8.142857142857142,1173.7142857142858,1.0,1.0,1.0,0.0,0.0,0.0,0.0,0.0,456.7142857142857,717.0,1.5541907645554982,1.0,0.0,0.0,1.0,1.0,0.0058322499200075,1.0,1.0,0.0,1.0,0.0474911779200616,200.0371525,134.30001690368215,0.5983096430970649,7.0,3
9.218608767912922,10150.155358916658,1083.1666666666667,33.91137815903014,258.1666666666667,300246.8333333333,1.8333333333333333,2.333333333333333,0.6666666666666666,0.0,0.0,0.0,0.0,0.0,161447.83333333334,138799.0,0.9379634170657316,0.8333333333333334,0.0,0.1666666666666666,4.0,4.0,0.026431718061674,1.3333333333333333,3.0,1.4591479170272448,0.5,6.823788546255507,45.4,24.385241438214223,0.6505673558526814,1.0,0
10.471784479530443,12744.53319298637,1151.857142857143,34.53458916382892,225.0,264265.28571428574,1.8571428571428568,2.0,0.6666666666666666,3.857142857142857,0.86361237681026,0.0,0.1904761904761904,0.8571428571428571,122968.71428571428,141296.57142857142,1.1061578616384269,0.7142857142857143,0.2857142857142857,0.0,4.0,4.0,0.0736842105263157,0.8,5.0,2.235926350629033,0.2857142857142857,16.57894736842105,15.833333333333334,8.82074574826616,0.6422196213830798,1.0,0
28.0173579892203,25947.91131079188,1101.6666666666667,32.08933751185953,283.0,303724.5,3.333333333333333,3.5,0.9444444444444444,7.5,1.6195556088879235,0.0,0.3583333333333333,1.5,167522.33333333334,136202.16666666666,0.8311960782213799,1.0,0.0,0.0,4.0,5.0,0.023076923076923,1.25,4.0,1.7924812503605778,0.3333333333333333,6.530769230769231,52.0,39.83465827643059,0.5662350247275415,1.0,0
100.03852198736608,6002.311319241963,60.0,0.0476040538608549,1.881188118811881,112.87128712871286,1.0,0.1287128712871287,1.0,0.0,0.0,0.0,0.0,0.0,7.722772277227722,60.0,0.1287128712871287,1.0,0.0,0.0,101.0,1.0,16.694214876033058,1.0,1.0,0.0,1.0,31.40495867768595,0.0604999999999999,0.0489566134449677,0.5527304207197857,1.0,2
11.805062631646967,1447.3998983206857,141.0952184720042,1.0713891737246153,10.571428571428571,1366.7142857142858,1.0,1.0,1.0,0.0,0.0,0.0,0.0,0.0,570.5,796.2142857142857,1.4286672438830483,1.0,0.0,0.0,1.0,1.0,0.008315947646885,1.0,1.0,0.0,1.0,0.0879114465527849,129.50094476923076,32.12974497581445,0.8012150722953937,14.0,3
8.35367374165855,8037.232586812167,1116.0,40.13401272566136,278.0,272808.0,1.5,1.5,0.8333333333333333,7.5,1.6867786311375927,0.0,0.3666666666666666,1.5,132222.5,140585.5,1.0155227370832418,1.0,0.0,0.0,2.0,2.0,0.0240963855421686,1.0,2.0,1.0,0.5,6.698795180722891,83.0,0.0,1.0,1.0,0
13.184964157047151,12295.437789728345,1029.8,34.57659228751875,295.2,283092.8,2.4,2.6,0.5866666666666667,5.6,1.3265942678781273,0.0,0.3025641025641025,1.2,144048.2,139044.6,1.029838351246002,0.6,0.4,0.0,3.0,4.0,0.0191570881226053,1.0,4.0,1.9219280948873625,0.4,5.655172413793103,65.25,59.37749994737064,0.5235602096451798,1.0,0
7.452270420473766,947.097678620471,154.42597402597403,1.4547137755505444,9.4,1315.6,1.0,1.0,1.0,0.0,0.0,0.0,0.0,0.0,533.0,782.6,1.484767657932925,1.0,0.0,0.0,1.0,1.0,0.0069482695054086,1.0,1.0,0.0,1.0,0.0653137333508414,179.900909,58.777753198872,0.7537368751049176,5.0,3
98.81031806907438,5928.619084144461,60.0,0.0464578760241691,2.045977011494253,122.75862068965516,1.0,0.1149425287356321,1.0,0.0,0.0,0.0,0.0,0.0,6.896551724137931,60.0,0.1149425287356321,1.0,0.0,0.0,87.0,1.0,13.942307692307692,1.0,1.0,0.0,1.0,28.525641025641026,0.0725581395348837,0.0735825125602422,0.4964952495740481,1.0,2
10.747489931955537,1096.9052266546707,117.1989247311828,0.2457970871734948,2.193548387096774,219.1935483870968,0.0,0.0,0.0,61.87096774193548,4.704080775165275,0.2180636875008176,0.4863919830214048,3.0,65.3225806451613,152.96774193548387,2.342295115983915,0.0,1.0,0.0,1.0,1.0,0.1095406360424028,1.0,1.0,0.0,1.0,0.2402826855123674,9.433333333333334,10.157700964730596,0.481512777212869,31.0,4
8.462348364143809,7931.948551184432,898.0,39.3890940682326,329.0,304826.0,3.0,2.0,1.125,0.0,0.0,0.0,0.0,0.0,172749.5,132076.5,0.7557879309796085,1.0,0.0,0.0,1.0,2.0,1.0,1.0,2.0,1.0,0.5,329.0,2.0,0.0,1.0,1.0,0
1168.634248272955,70118.05489637729,60.0,0.2406019083221843,131.0625,7863.75,128.7375,2.325,74.95625,0.0,0.0,0.0,0.0,0.0,139.5,7724.25,53.11875,1.0,0.0,0.0,1.0,1.0,82.05128205128206,0.0125,80.0,6.321928094887356,1.0,10753.846153846154,0.0123417721518987,0.0130606046693034,0.4858510775888346,80.0,1
97.44843040683432,5846.90582441006,60.0,0.046273498010629,2.131782945736434,127.90697674418604,1.0,0.1007751937984496,1.0,0.0,0.0,0.0,0.0,0.0,6.046511627906977,60.0,0.1007751937984496,1.0,0.0,0.0,129.0,1.0,40.3125,1.0,1.0,0.0,1.0,85.9375,0.025,0.0181572988079174,0.5792762913932329,1.0,2
17.41838162070039,17368.808937371046,1138.142857142857,27.3268413366156,290.2857142857143,304939.5714285714,1.7142857142857142,2.142857142857143,0.6023809523809524,7.285714285714286,1.7169958591334062,0.0,0.3952380952380952,1.7142857142857142,145617.2857142857,159322.2857142857,1.1500617351679905,0.7142857142857143,0.1428571428571428,0.1428571428571428,3.0,4.0,0.0252707581227436,1.0,4.0,1.8423709931771088,0.2857142857142857,7.335740072202166,46.16666666666666,39.64600302118179,0.5379935950553945,2.0,0
1243.7932657736303,74627.59594641784,60.0,0.2271968776480556,127.63333333333334,7658.0,125.03333333333332,2.6,71.8111111111111,0.0,0.0,0.0,0.0,0.0,156.0,7502.0,46.27777777777778,1.0,0.0,0.0,1.0,1.0,33.557046979865774,0.0333333333333333,30.0,4.906890595608519,1.0,4282.997762863534,0.0308275862068965,0.0260544111898439,0.5419568161764845,30.0,1
113.87251554563764,6832.350932738257,60.0,0.0490441783666641,2.090909090909091,125.45454545454544,1.0,0.0748663101604278,1.0,0.0,0.0,0.0,0.0,0.0,4.491978609625669,60.0,0.0748663101604278,1.0,0.0,0.0,187.0,1.0,28.333333333333336,1.0,1.0,0.0,1.0,59.24242424242424,0.0354838709677419,0.0258413742199355,0.5786176779097815,1.0,2
100.89891363236642,6053.934817941985,60.0,0.0435354741159006,1.871794871794872,112.3076923076923,1.0,0.1025641025641025,1.0,0.0,0.0,0.0,0.0,0.0,6.153846153846154,60.0,0.1025641025641025,1.0,0.0,0.0,78.0,1.0,14.689265536723164,1.0,1.0,0.0,1.0,27.495291902071564,0.0689610389610389,0.0522129609123276,0.5691075563496047,1.0,2
21.59184203999417,18237.10871281049,992.5,31.058502270216927,454.0,450076.0,0.0,0.0,0.0,7.5,1.5949490477321435,0.0,0.3333333333333333,1.5,232886.0,217190.0,0.9830682280695268,0.0,1.0,0.0,2.0,2.0,0.037037037037037,1.0,2.0,1.0,0.5,16.814814814814813,54.0,0.0,1.0,1.0,0
10.183995940470538,916.9566659302732,98.94144420394422,1.220382483654827,11.0,968.8333333333334,1.0,1.0,1.0,0.0,0.0,0.0,0.0,0.0,382.5833333333333,586.25,1.551618650870105,1.0,0.0,0.0,1.0,1.0,0.0090811792609007,1.0,1.0,0.0,1.0,0.0998929718699083,120.12857136363635,1.6710201647628995,0.9862805766111844,12.0,3
464.91142763037135,650884.5687317986,1400.0201060959946,140.9915426546424,54169.75,75838690.25,1.0,1.0,1.0,0.0,0.0,0.0,0.0,0.0,20449.0,75818241.25,4409.872607363711,1.0,0.0,0.0,1.0,1.0,0.0219780219780219,1.0,1.0,0.0,1.0,1190.543956043956,60.66666666666666,41.24991582482994,0.5952580550052134,4.0,5
254.4213404468316,356195.37310378137,1400.0214778635907,188.632559336096,47402.0,66363693.0,1.0,1.0,1.0,0.0,0.0,0.0,0.0,0.0,28474.5,66335218.5,2235.713028594328,1.0,0.0,0.0,1.0,1.0,0.0082987551867219,1.0,1.0,0.0,1.0,393.37759336099583,241.0,0.0,1.0,2.0,5
427.31210941064046,598245.1856156483,1400.0176301216595,166.583558132735,62787.5,87903596.0,1.0,1.0,1.0,0.0,0.0,0.0,0.0,0.0,21185.0,87882411.0,6806.444170883394,1.0,0.0,0.0,1.0,1.0,0.0054945054945054,1.0,1.0,0.0,1.0,344.9862637362637,364.0,0.0,1.0,2.0,5
7.492794084272121,8687.967935629584,1162.0,33.491409647660824,273.6666666666667,314830.6666666667,1.0,1.0,0.3333333333333333,0.0,0.0,0.0,0.0,0.0,154273.0,160557.66666666666,1.0979716838215234,0.3333333333333333,0.6666666666666666,0.0,3.0,2.0,0.0129310344827586,1.0,2.0,0.9182958340544896,0.6666666666666666,3.538793103448276,116.0,114.0,0.5043478260869565,1.0,0
64.41033161082628,3864.619896649576,60.0,0.0571118179334254,1.92,115.2,1.0,0.1,1.0,0.0,0.0,0.0,0.0,0.0,6.0,60.0,0.1,1.0,0.0,0.0,50.0,1.0,14.450867052023122,1.0,1.0,0.0,1.0,27.745664739884397,0.0706122448979591,0.0641238649345476,0.5240781033810364,1.0,2
8.811517680015028,1141.073736582196,141.30694662480377,1.2755430460123798,9.071428571428571,1204.357142857143,1.0,1.0,1.0,0.0,0.0,0.0,0.0,0.0,486.7142857142857,717.6428571428571,1.4907397927004478,1.0,0.0,0.0,1.0,1.0,0.0089824671883802,1.0,1.0,0.0,1.0,0.0814838094945926,119.89167946153846,1.4629728705116232,0.987944649484812,14.0,3
382.9716827719507,536166.034330249,1400.0172010904632,116.154101001031,39640.333333333336,55496965.0,1.0,1.0,1.0,0.0,0.0,0.0,0.0,0.0,42206.66666666666,55454758.333333336,1387.036524118961,1.0,0.0,0.0,1.0,1.0,0.0303030303030303,1.0,1.0,0.0,1.0,1201.2222222222222,49.5,40.5,0.5499999999999999,3.0,5
141.94493205216585,8516.695923129952,60.0,0.0480995754180476,2.075268817204301,124.51612903225806,1.0,0.1021505376344086,1.0,0.0,0.0,0.0,0.0,0.0,6.129032258064516,60.0,0.1021505376344086,1.0,0.0,0.0,186.0,1.0,29.712460063897765,1.0,1.0,0.0,1.0,61.66134185303515,0.0338378378378378,0.0293511024826441,0.5355025367765142,1.0,2
11.854862512440496,11710.790229346976,1102.1666666666667,29.412357997903083,241.0,234664.66666666663,2.5,2.333333333333333,0.75,0.0,0.0,0.0,0.0,0.0,131367.16666666666,103297.5,1.0134566743701374,0.6666666666666666,0.1666666666666666,0.1666666666666666,3.0,5.0,0.0204778156996587,1.0,5.0,2.2516291673878226,0.3333333333333333,4.935153583617748,58.6,57.72555759799987,0.5037585996579619,1.0,0
76.09214344846403,4565.528606907842,60.0,0.0496488156738777,1.9555555555555555,117.33333333333331,1.0,0.1,1.0,0.0,0.0,0.0,0.0,0.0,6.0,60.0,0.1,1.0,0.0,0.0,90.0,1.0,12.552301255230123,1.0,1.0,0.0,1.0,24.54672245467225,0.080561797752809,0.0605473080996702,0.5709184908097377,1.0,2
7.51718009450079,1136.4132147967105,159.69894867037723,1.3156591371233664,9.285714285714286,1311.142857142857,1.0,1.0,1.0,0.0,0.0,0.0,0.0,0.0,502.8571428571428,808.2857142857143,1.583333682993646,1.0,0.0,0.0,1.0,1.0,0.0097278773345574,1.0,1.0,0.0,1.0,0.0903302895351767,119.93024033333334,1.628323898321489,0.986604613927338,7.0,3
8.330856714204359,1101.7969887019865,131.92156862745097,0.2818484919491932,1.8823529411764703,209.94117647058823,0.0,0.0,0.0,62.05882352941177,4.748126443735176,0.2341200434590396,0.4946208133644866,3.0,62.588235294117645,146.64705882352942,2.34316449590494,0.0,1.0,0.0,1.0,1.0,0.0674603174603174,1.0,1.0,0.0,1.0,0.1269841269841269,15.75,10.335013304297194,0.6037949766889855,17.0,4
9.77693378910124,1081.301341851975,130.75252525252526,0.2708055998351498,1.9696969696969695,211.24242424242425,0.0,0.0,0.0,61.39393939393939,4.7061662354114056,0.235656020070521,0.4861310044655993,3.0,62.96969696969697,147.3939393939394,2.340870976916095,0.0,1.0,0.0,1.0,1.0,0.1134020618556701,1.0,1.0,0.0,1.0,0.2233676975945017,9.09375,9.14931477967066,0.4984770985483596,33.0,4
10.042017067805997,1456.4201336158285,155.247107984608,1.0984956982898657,9.416666666666666,1359.0,1.0,1.0,1.0,0.0,0.0,0.0,0.0,0.0,545.1666666666666,813.8333333333334,1.514577527183855,1.0,0.0,0.0,1.0,1.0,0.0090893373861002,1.0,1.0,0.0,1.0,0.085591260385777,120.02075009090908,2.0905154794963603,0.9828802406581312,12.0,3
1016.0745276823552,60964.47166094131,60.0,0.2531043110401034,114.07692307692308,6844.615384615385,111.6923076923077,2.3846153846153846,59.75384615384615,0.0,0.0,0.0,0.0,0.0,143.07692307692307,6701.538461538462,46.67692307692308,1.0,0.0,0.0,1.0,1.0,28.38427947598253,0.0384615384615384,26.0,4.70043971814109,1.0,3237.991266375546,0.03664,0.0431721021030943,0.4590782479663503,26.0,1
208.1885818610123,291466.7844719725,1400.013304603598,280.8799573794055,58476.0,81867178.0,1.0,1.0,1.0,0.0,0.0,0.0,0.0,0.0,18999.0,81848179.0,4308.025632928049,1.0,0.0,0.0,1.0,1.0,1.0,1.0,1.0,0.0,1.0,58476.0,0.0,0.0,0.0,0.0,5
10.427603023464815,1324.0203701499106,131.25385328956756,1.1716141058676055,10.857142857142858,1378.571428571429,1.0,1.0,1.0,0.0,0.0,0.0,0.0,0.0,539.4285714285714,839.1428571428571,1.5462919329403089,1.0,0.0,0.0,1.0,1.0,0.0097509703716472,1.0,1.0,0.0,1.0,0.1058676783207418,119.64621183333334,1.67271762305631,0.9862122289526334,7.0,3
13.7205200344974,1362.3635973721473,126.78921568627452,0.2414695614987272,2.0,203.76470588235293,0.0,0.0,0.0,60.294117647058826,4.674570277239284,0.2236526086965306,0.4856288175839846,3.0,60.73529411764706,142.11764705882354,2.339455769288304,0.0,1.0,0.0,1.0,1.0,0.1160409556313993,1.0,1.0,0.0,1.0,0.2320819112627986,8.878787878787879,10.931626554947016,0.4481878917014632,34.0,4
10.077701939156745,1260.5413303776068,152.8985507246377,0.2616541066440144,1.7391304347826086,210.0,0.0,0.0,0.0,60.17391304347826,4.738947455929506,0.2427345749308131,0.5097791976152112,3.0,62.43478260869565,146.6086956521739,2.348409081984389,0.0,1.0,0.0,1.0,1.0,0.0815602836879432,1.0,1.0,0.0,1.0,0.1418439716312056,12.818181818181818,10.088861381094604,0.5595738265594536,23.0,4
816.3818792671324,48982.91275602795,60.0,0.2489735130380053,126.3095238095238,7578.571428571428,123.95238095238096,2.357142857142857,74.61865079365079,0.0,0.0,0.0,0.0,0.0,141.42857142857142,7437.142857142857,42.26150793650793,1.0,0.0,0.0,1.0,1.0,43.29896907216495,0.0238095238095238,42.0,5.3923174227787625,1.0,5469.072164948454,0.0236585365853658,0.0275987007082805,0.461564802055737,42.0,1
92.52733959146404,5551.640375487842,60.0,0.0493867809262279,2.048192771084337,122.89156626506023,1.0,0.108433734939759,1.0,0.0,0.0,0.0,0.0,0.0,6.506024096385542,60.0,0.108433734939759,1.0,0.0,0.0,83.0,1.0,17.62208067940552,1.0,1.0,0.0,1.0,36.09341825902335,0.0574390243902439,0.0467690479158024,0.5511955371514073,1.0,2
1031.0987505480357,61865.925032882136,60.0,0.2841938852713328,125.4102564102564,7524.615384615385,122.84615384615384,2.5641025641025643,67.32820512820513,0.0,0.0,0.0,0.0,0.0,153.84615384615384,7370.7692307692305,57.78974358974358,1.0,0.0,0.0,1.0,1.0,42.11663066954643,0.0256410256410256,39.0,5.285402218862247,1.0,5281.857451403887,0.0243684210526315,0.0312657716433529,0.4380115873307245,39.0,1
7.377867110579176,904.0943690845344,155.22943722943722,1.3659023332233593,9.11111111111111,1212.6666666666667,1.0,1.0,1.0,0.0,0.0,0.0,0.0,0.0,473.22222222222223,739.4444444444445,1.5452940153176604,1.0,0.0,0.0,1.0,1.0,0.0057676526692134,1.0,1.0,0.0,1.0,0.0525497243195,195.053354375,83.78177738371615,0.6995293352911682,9.0,3
68.44595989552943,4106.757593731767,60.0,0.0485511267204226,1.8387096774193548,110.3225806451613,1.0,0.1774193548387097,1.0,0.0,0.0,0.0,0.0,0.0,10.64516129032258,60.0,0.1774193548387097,1.0,0.0,0.0,62.0,1.0,7.721046077210461,1.0,1.0,0.0,1.0,14.196762141967625,0.1316393442622951,0.1325064839473699,0.4983585966680751,1.0,2
195.94943328791487,274334.42416089494,1400.026001163203,212.3296066842531,40077.5,56109454.0,1.0,1.0,1.0,0.0,0.0,0.0,0.0,0.0,13505.0,56095949.0,5260.57083430645,1.0,0.0,0.0,1.0,1.0,0.054054054054054,1.0,1.0,0.0,1.0,2166.3513513513512,37.0,0.0,1.0,2.0,5
1056.887045297432,63413.22271784592,60.0,0.2514283355089121,128.4516129032258,7707.096774193548,126.2741935483871,2.177419354838709,76.56397849462365,0.0,0.0,0.0,0.0,0.0,130.6451612903226,7576.451612903225,57.75752688172043,1.0,0.0,0.0,1.0,1.0,65.19453207150369,0.0161290322580645,62.0,5.954196310386873,1.0,8374.342797055731,0.0155901639344262,0.0131490535085171,0.5424700225529017,62.0,1
132.4054796092259,7944.328776553552,60.0,0.0510763916344447,1.862745098039216,111.76470588235294,1.0,0.0588235294117647,1.0,0.0,0.0,0.0,0.0,0.0,3.5294117647058822,60.0,0.0588235294117647,1.0,0.0,0.0,51.0,1.0,6.737120211360634,1.0,1.0,0.0,1.0,12.549537648612946,0.1514,0.1657951748393179,0.4773086478276189,1.0,2
959.3229902609452,57559.3794156567,60.0,0.260814535902727,129.45454545454547,7767.272727272727,127.0,2.4545454545454546,71.39696969696969,0.0,0.0,0.0,0.0,0.0,147.27272727272728,7620.0,43.85151515151514,1.0,0.0,0.0,1.0,1.0,22.33502538071066,0.0454545454545454,22.0,4.459431618637295,1.0,2891.3705583756346,0.0469047619047619,0.0479989134419725,0.494235462782589,22.0,1
8.30774806170877,1035.3618283228188,151.91408313908315,1.2921087530083868,9.454545454545457,1263.8181818181818,1.0,1.0,1.0,0.0,0.0,0.0,0.0,0.0,535.1818181818181,728.6363636363636,1.4319654376969213,1.0,0.0,0.0,1.0,1.0,0.0083301748907268,1.0,1.0,0.0,1.0,0.0787580171486903,132.0500487,35.78467361693763,0.7867862315798863,11.0,3
1249.0339207907584,74942.03524744551,60.0,0.2251602271447397,128.77083333333334,7726.25,126.20833333333331,2.5625,63.60381944444445,0.0,0.0,0.0,0.0,0.0,153.75,7572.5,47.22881944444445,1.0,0.0,0.0,1.0,1.0,55.23590333716916,0.0208333333333333,48.0,5.5849625007211605,1.0,7112.77330264672,0.0184893617021276,0.017135098160042,0.5190074957953774,48.0,1
9.023063992221935,908.918332861923,126.83854166666666,0.2831308199935048,2.03125,207.4375,0.0,0.0,0.0,61.6875,4.717263276901493,0.2318665835984644,0.4886639380065378,3.0,61.84375,144.8125,2.341804880409931,0.0,1.0,0.0,1.0,1.0,0.1077441077441077,1.0,1.0,0.0,1.0,0.2188552188552188,9.580645161290322,8.154848917919296,0.5401961241396261,32.0,4
22.722392943966845,27046.2630047732,1222.0,21.802889166648708,346.0,431919.0,2.6,2.0,0.8,2.6,0.678549482089757,0.0,0.1692307692307692,0.6,218578.0,213341.0,1.0163910828906189,0.6,0.4,0.0,5.0,3.0,0.0196078431372549,0.75,4.0,1.9219280948873625,0.4,6.784313725490196,63.75,57.30346848141044,0.5266267939261052,1.0,0
6.0629238980496725,1126.578695255281,213.8507936507937,1.255400348985907,7.166666666666667,1334.5,1.0,1.0,1.0,0.0,0.0,0.0,0.0,0.0,522.8333333333334,811.6666666666666,1.5498094161770322,1.0,0.0,0.0,1.0,1.0,0.009990108144569,1.0,1.0,0.0,1.0,0.071595775036078,120.1188198,1.9199451893571773,0.984267743208278,6.0,3
89.29198346124437,5357.519007674662,60.0,0.0530144939704223,2.0375,122.25,1.0,0.1375,1.0,0.0,0.0,0.0,0.0,0.0,8.25,60.0,0.1375,1.0,0.0,0.0,80.0,1.0,16.46090534979424,1.0,1.0,0.0,1.0,33.53909465020576,0.0615189873417721,0.0526533590738457,0.5388256374956731,1.0,2
651.7947393576013,912521.9905628888,1400.016232888645,83.1737439222309,47517.0,66524510.5,1.0,1.0,1.0,0.0,0.0,0.0,0.0,0.0,28861.0,66495649.5,5605.915419054201,1.0,0.0,0.0,1.0,1.0,0.0077220077220077,1.0,1.0,0.0,1.0,366.9266409266409,172.66666666666666,123.7641125510766,0.5824856215077259,4.0,5
610.6895863566718,36641.37518140031,60.0,0.2825497206402489,108.66,6519.6,105.66,3.0,48.867333333333335,0.0,0.0,0.0,0.0,0.0,180.0,6339.6,46.04733333333333,1.0,0.0,0.0,1.0,1.0,51.3347022587269,0.02,50.0,5.643856189774728,1.0,5578.028747433265,0.0198775510204081,0.0194827319178315,0.5050154505138614,50.0,1
290.2006488892398,406287.5202484676,1400.022451025415,152.42557899791188,34891.0,48848265.333333336,1.0,1.0,1.0,0.0,0.0,0.0,0.0,0.0,37821.333333333336,48810444.0,1424.6022888230302,1.0,0.0,0.0,1.0,1.0,0.0114503816793893,1.0,1.0,0.0,1.0,399.51526717557255,131.0,71.0,0.6485148514851484,3.0,5
13.489227317064676,15170.51068660656,1204.0,15.737629435326824,232.5,260112.0,3.5,4.5,0.775,6.0,1.5110276044371,0.0,0.375,1.5,140124.5,119987.5,0.9991752225054932,1.0,0.0,0.0,2.0,2.0,0.011049723756906,1.0,2.0,1.0,0.5,2.569060773480663,181.0,0.0,1.0,1.0,0
10.91301090250525,1170.8171635650108,127.02651515151514,0.2551762862759952,2.0454545454545454,214.1818181818182,0.0,0.0,0.0,59.93181818181818,4.731698862422309,0.239248186709743,0.5031657742352634,3.0,63.79545454545455,149.45454545454547,2.3428282626486348,0.0,1.0,0.0,1.0,1.0,0.1527777777777778,1.0,1.0,0.0,1.0,0.3125,6.697674418604652,5.74470386518295,0.5382953536569218,44.0,4
73.89568141893847,4433.740885136308,60.0,0.0484231648759272,2.0859375,125.15625,1.0,0.1171875,1.0,0.0,0.0,0.0,0.0,0.0,7.03125,60.0,0.1171875,1.0,0.0,0.0,128.0,1.0,16.020025031289112,1.0,1.0,0.0,1.0,33.41677096370463,0.0629133858267716,0.0565143732845793,0.52679030649912,1.0,2
10.22585444694132,1058.6374233490849,110.9715934065934,1.2995344707722003,11.8,1190.8,1.0,1.0,1.0,0.0,0.0,0.0,0.0,0.0,476.9333333333333,713.8666666666667,1.4917088570614825,1.0,0.0,0.0,1.0,1.0,0.0089363563194213,1.0,1.0,0.0,1.0,0.1054490045691715,119.8954622142857,1.0663328377120482,0.9911845484993534,15.0,3
15.606558298678626,14487.481283166671,826.1666666666666,29.274555443773988,346.8333333333333,288003.5,3.5,3.333333333333333,0.8833333333333333,4.5,1.0958100993642406,0.0,0.2611111111111111,1.0,155371.66666666666,132631.83333333334,0.9152635544176658,0.8333333333333334,0.1666666666666666,0.0,3.0,5.0,0.0451127819548872,1.25,4.0,1.9182958340544896,0.3333333333333333,15.646616541353383,26.6,11.876026271442818,0.6913395840916844,1.0,0
7.445469388596938,8394.987770729236,893.6,34.06206782936986,222.0,242937.2,0.6,1.0,0.2333333333333333,7.4,1.8332863573421616,0.0,0.4358974358974358,1.8,138400.8,104536.4,0.8214227978295503,0.4,0.4,0.2,4.0,5.0,0.026595744680851,1.25,4.0,1.9219280948873625,0.2,5.904255319148936,47.0,30.854497241083024,0.603690238400237,1.0,0
80.74840036260173,4844.904021756103,60.0,0.0512167674511018,1.9765625,118.59375,1.0,0.1171875,1.0,0.0,0.0,0.0,0.0,0.0,7.03125,60.0,0.1171875,1.0,0.0,0.0,128.0,1.0,13.675213675213676,1.0,1.0,0.0,1.0,27.02991452991453,0.0737007874015748,0.0738353472485706,0.4995439766423497,1.0,2
95.42222935667466,5725.33376140048,60.0,0.0496589782745003,2.0789473684210527,124.73684210526316,1.0,0.0947368421052631,1.0,0.0,0.0,0.0,0.0,0.0,5.684210526315789,60.0,0.0947368421052631,1.0,0.0,0.0,190.0,1.0,24.35897435897436,1.0,1.0,0.0,1.0,50.64102564102564,0.0412698412698412,0.0319800895478426,0.5634113344428984,1.0,2
19.60733258537862,17125.5367350374,904.2,31.62250095339171,319.0,304665.8,2.4,2.8,0.8533333333333333,2.4,0.6169925001442311,0.0,0.15,0.6,144850.2,159815.6,1.0925378760139597,0.8,0.2,0.0,3.0,3.0,0.0531914893617021,0.75,4.0,1.9219280948873625,0.6,16.96808510638298,23.5,14.309088021254183,0.6215436877712998,1.0,0
117.09812731208936,7025.887638725362,60.0,0.0487467356458091,2.02027027027027,121.2162162162162,1.0,0.1216216216216216,1.0,0.0,0.0,0.0,0.0,0.0,7.297297297297297,60.0,0.1216216216216216,1.0,0.0,0.0,148.0,1.0,43.27485380116959,1.0,1.0,0.0,1.0,87.42690058479532,0.0232653061224489,0.0163783192224522,0.5868612146351361,1.0,2
438.4023241418491,613768.2022987447,1400.0320263694473,161.49590111881955,34900.333333333336,48861242.333333336,1.0,1.0,1.0,0.0,0.0,0.0,0.0,0.0,38716.333333333336,48822526.0,1265.4030712789352,1.0,0.0,0.0,1.0,1.0,0.0069605568445475,1.0,1.0,0.0,1.0,242.92575406032483,215.5,126.5,0.6301169590643275,3.0,5
676.8061854941806,40608.37112965083,60.0,0.2670788087459994,118.82142857142856,7129.285714285715,116.96428571428572,1.8571428571428568,75.6345238095238,0.0,0.0,0.0,0.0,0.0,111.42857142857144,7017.857142857143,47.56309523809523,1.0,0.0,0.0,1.0,1.0,30.63457330415755,0.0357142857142857,28.0,4.807354922057606,1.0,3640.043763676149,0.0338518518518518,0.0363131480154622,0.482460655823667,28.0,1
136.14431104318558,8168.65866259113,60.0,0.0493250050536452,2.1,126.0,1.0,0.109090909090909,1.0,0.0,0.0,0.0,0.0,0.0,6.545454545454546,60.0,0.109090909090909,1.0,0.0,0.0,110.0,1.0,14.53104359313078,1.0,1.0,0.0,1.0,30.515191545574638,0.0694495412844036,0.0612085450409345,0.5315364952726656,1.0,2
965.4928247526802,57929.56948516082,60.0,0.2771232692484227,139.65384615384616,8379.23076923077,137.03846153846155,2.6153846153846154,76.6647435897436,0.0,0.0,0.0,0.0,0.0,156.92307692307693,8222.307692307691,53.049358974358974,1.0,0.0,0.0,1.0,1.0,27.60084925690021,0.0384615384615384,26.0,4.70043971814109,1.0,3854.564755838641,0.03768,0.0444411701016073,0.458834183114769,26.0,1
8.272166562348726,885.4299933752837,130.72222222222223,0.2837329911835647,1.9333333333333331,213.0,0.0,0.0,0.0,61.13333333333333,4.69058618658004,0.2473369903445371,0.4845635752242881,3.0,63.4,148.73333333333332,2.3468951754563943,0.0,1.0,0.0,1.0,1.0,0.0508474576271186,1.0,1.0,0.0,1.0,0.0983050847457627,21.071428571428573,16.355271259113486,0.5630052520482512,15.0,4
9.97998963110945,11755.319148656276,1119.8,26.955866680538627,212.4,243379.2,2.0,1.6,0.75,4.8,1.3006516669551291,0.0,0.3333333333333333,1.2,118442.4,124936.8,1.0650397271344896,0.6,0.4,0.0,4.0,4.0,0.048076923076923,1.0,4.0,1.9219280948873625,0.4,10.211538461538462,26.0,14.508618128546908,0.6418387296622565,1.0,0
5.68998660432688,4266.86422793123,921.0,39.85172498436719,147.0,111857.0,5.0,5.0,1.0,0.0,0.0,0.0,0.0,0.0,58499.5,53357.5,0.899333427532325,1.0,0.0,0.0,1.0,2.0,0.25,1.0,2.0,1.0,0.5,36.75,8.0,0.0,1.0,1.0,0
13.046514058565691,11588.799259451322,893.1666666666666,32.81744508211794,340.3333333333333,311087.8333333333,2.5,2.833333333333333,0.9944444444444444,0.0,0.0,0.0,0.0,0.0,154351.16666666666,156736.66666666666,1.007008329555798,1.0,0.0,0.0,4.0,3.0,0.0431654676258992,0.6,5.0,2.2516291673878226,0.3333333333333333,14.690647482014388,27.8,13.481839637082173,0.6734196015583602,1.0,0
919.7074703650356,55182.44822190215,60.0,0.2454932665633858,124.15,7449.0,121.0,3.15,51.91583333333333,0.0,0.0,0.0,0.0,0.0,189.0,7260.0,48.31583333333334,1.0,0.0,0.0,1.0,1.0,21.45922746781116,0.05,20.0,4.321928094887363,1.0,2664.163090128756,0.0490526315789473,0.0373722014396157,0.5675756592831533,20.0,1
6.272213888558632,5788.253548870042,900.2,42.59430297039199,280.8,255296.8,1.4,1.0,0.7,8.4,1.9171021133227344,0.0,0.43,1.8,141990.4,113306.4,0.8749423223599703,0.6,0.4,0.0,3.0,4.0,0.0200803212851405,1.0,4.0,1.9219280948873625,0.4,5.63855421686747,62.25,28.82164984868146,0.6835277509898021,1.0,0
999.4490881593864,59966.945289563184,60.0,0.2677009179530166,131.07407407407408,7864.444444444444,128.8148148148148,2.259259259259259,70.39074074074075,0.0,0.0,0.0,0.0,0.0,135.55555555555554,7728.888888888889,44.390740740740746,1.0,0.0,0.0,1.0,1.0,29.31596091205212,0.037037037037037,27.0,4.754887502163471,1.0,3842.562432138979,0.0354230769230769,0.0279218319281678,0.5592095334174728,27.0,1
7.80184088043945,6688.276753865512,805.25,27.163728771517,177.25,131169.0,0.25,0.0,0.25,6.75,1.6146299407490852,0.0,0.3708333333333333,1.5,61721.25,69447.75,0.9689611358745076,0.25,0.5,0.25,3.0,2.0,0.0291970802919708,0.6666666666666666,3.0,1.5,0.75,5.175182481751825,45.66666666666666,9.285592184789412,0.8310243768160701,2.0,0
9.012588313964722,639.9556625689122,86.05962185962187,1.5802775246494034,13.0,1034.0,1.0,1.0,1.0,0.0,0.0,0.0,0.0,0.0,386.0,648.0,1.6442941694854245,1.0,0.0,0.0,1.0,1.0,0.0038458194176417,1.0,1.0,0.0,1.0,0.0499956524293423,312.0271312,222.7082945438642,0.5835168499748127,6.0,3
8.675751053563454,10002.163181456232,1165.6666666666667,29.846466259159357,235.33333333333331,288851.8333333333,2.1666666666666665,2.0,0.9861111111111112,6.0,1.1307157412215114,0.0,0.2222222222222222,1.0,150143.0,138708.83333333334,0.8450693448902181,0.8333333333333334,0.1666666666666666,0.0,3.0,2.0,0.06,0.5,4.0,1.9182958340544891,0.6666666666666666,14.12,20.0,16.235762994081924,0.5519409099586623,2.0,0
72.43955728148342,4346.373436889005,60.0,0.0520752959863854,1.868421052631579,112.10526315789474,1.0,0.0789473684210526,1.0,0.0,0.0,0.0,0.0,0.0,4.7368421052631575,60.0,0.0789473684210526,1.0,0.0,0.0,76.0,1.0,19.94750656167979,1.0,1.0,0.0,1.0,37.27034120734909,0.0508,0.0453654787990457,0.5282560918368152,1.0,2
15.741813465724132,17568.45367704069,1031.7142857142858,31.797099389422502,305.1428571428572,317815.8571428572,2.7142857142857144,2.4285714285714284,0.8452380952380951,3.4285714285714284,0.8486215775612413,0.0,0.2023809523809523,0.8571428571428571,153856.14285714287,163959.7142857143,1.0566671946154045,0.7142857142857143,0.2857142857142857,0.0,4.0,3.0,0.0284552845528455,0.75,4.0,1.8423709931771088,0.4285714285714285,8.682926829268293,41.0,28.6065260619554,0.5890252296674986,1.0,0
36.082607369138046,50518.08330482392,1400.0753984191117,261.4738035763269,9370.5,13119356.0,1.0,1.0,1.0,0.0,0.0,0.0,0.0,0.0,19002.5,13100353.5,693.2744784619766,1.0,0.0,0.0,1.0,1.0,0.0084745762711864,1.0,1.0,0.0,1.0,79.41101694915254,236.0,0.0,1.0,2.0,5
120.2143420251154,7212.860521506923,60.0,0.0542704542330349,2.071428571428572,124.28571428571428,1.0,0.1071428571428571,1.0,0.0,0.0,0.0,0.0,0.0,6.428571428571429,60.0,0.1071428571428571,1.0,0.0,0.0,140.0,1.0,19.88636363636364,1.0,1.0,0.0,1.0,41.19318181818182,0.0506474820143884,0.0462120329574735,0.5228963001631971,1.0,2
11.782595041003448,1136.4420008256934,117.62345679012346,0.2799955760168853,2.111111111111111,204.92592592592592,0.0,0.0,0.0,60.81481481481482,4.745220328749103,0.2277504963683322,0.5049764200144673,3.0,60.96296296296296,142.96296296296296,2.344839346131836,0.0,1.0,0.0,1.0,1.0,0.0940766550522648,1.0,1.0,0.0,1.0,0.1986062717770035,11.038461538461538,12.151229026888815,0.4760072803625514,27.0,4
159.84107928289427,223779.77140539416,1400.0141416046008,66.3596620317311,10607.0,14849950.0,1.0,1.0,1.0,0.0,0.0,0.0,0.0,0.0,6564.0,14843386.0,2261.332419256551,1.0,0.0,0.0,1.0,1.0,1.0,1.0,1.0,0.0,1.0,10607.0,0.0,0.0,0.0,0.0,5
10.323989412624131,1266.5089975825274,129.975,0.2374201679888574,2.0,212.5,0.0,0.0,0.0,60.4,4.725537288120499,0.2424472753710964,0.5030806465629,3.0,63.25,148.3,2.3448346250205887,0.0,1.0,0.0,1.0,1.0,0.0766283524904214,1.0,1.0,0.0,1.0,0.1532567049808429,13.736842105263158,15.447166680292977,0.4706975729825661,20.0,4
957.142731257198,57428.56387543188,60.0,0.2333529525738901,116.65454545454546,6999.272727272727,114.50909090909092,2.145454545454545,74.18757575757577,0.0,0.0,0.0,0.0,0.0,128.72727272727272,6870.545454545455,45.733030303030304,1.0,0.0,0.0,1.0,1.0,56.584362139917694,0.0181818181818181,55.0,5.781359713524656,1.0,6600.82304526749,0.018,0.0197540431867054,0.4767701279299925,55.0,1
296.75872312471887,256074.91516567772,1041.0,8.841605313028305,207.0,217179.0,2.6666666666666665,2.333333333333333,0.8333333333333334,5.0,1.0632993651547624,0.0,0.2222222222222222,1.0,94820.33333333331,122358.66666666669,1.147285470289144,0.6666666666666666,0.3333333333333333,0.0,3.0,2.0,0.0171428571428571,1.0,2.0,0.9182958340544896,0.6666666666666666,3.5485714285714285,87.5,16.5,0.8413461538461539,1.0,0
85.88399631472247,5153.039778883348,60.0,0.0521654995346801,1.9038461538461535,114.23076923076924,1.0,0.1153846153846153,1.0,0.0,0.0,0.0,0.0,0.0,6.923076923076923,60.0,0.1153846153846153,1.0,0.0,0.0,156.0,1.0,42.85714285714285,1.0,1.0,0.0,1.0,81.59340659340658,0.0234838709677419,0.0173239922534112,0.5754741639000792,1.0,2
12.286056703448722,11664.613832980016,867.0,35.27885301306449,315.0,278615.0,1.5,1.0,0.75,7.5,1.528282381065477,0.0,0.3,1.5,134104.0,144511.0,1.1187171381917955,0.5,0.0,0.5,2.0,2.0,0.0088105726872246,1.0,2.0,1.0,0.5,2.7753303964757707,227.0,0.0,1.0,1.0,0
17.50526344180925,14390.211554064152,810.8571428571429,27.89562274449774,312.42857142857144,278116.4285714286,3.0,3.2857142857142856,1.0595238095238095,3.857142857142857,0.9202181804074442,0.0,0.2142857142857142,0.8571428571428571,142961.42857142858,135155.0,0.9940988372021248,1.0,0.0,0.0,4.0,3.0,0.0283400809716599,0.75,4.0,1.6644977792004614,0.7142857142857143,8.854251012145749,41.16666666666666,19.22166023584389,0.6816990762656023,2.0,0
10.518214011589375,1234.3637147133009,139.05555555555554,0.2600373860325544,1.880952380952381,216.0952380952381,0.0,0.0,0.0,62.40476190476191,4.713791738986033,0.2387043610571664,0.4838696409436356,3.0,64.38095238095238,150.78571428571428,2.342621148706315,0.0,1.0,0.0,1.0,1.0,0.1484098939929328,1.0,1.0,0.0,1.0,0.2791519434628975,6.902439024390244,8.159402411310317,0.4582732499115036,42.0,4
36.5349639454438,46180.04603675404,1100.75,26.27408754207962,323.25,369104.25,0.75,1.0,0.1875,0.0,0.0,0.0,0.0,0.0,197531.5,171572.75,0.8454402917334782,0.25,0.75,0.0,3.0,3.0,0.018018018018018,1.5,2.0,0.8112781244591328,0.5,5.824324324324325,74.0,59.53710327742412,0.5541531019005599,1.0,0
1141.0453230326734,68462.71938196041,60.0,0.2502876732108464,128.52631578947367,7711.578947368421,126.29824561403508,2.2280701754385963,73.2450292397661,0.0,0.0,0.0,0.0,0.0,133.68421052631578,7577.894736842105,49.54327485380118,1.0,0.0,0.0,1.0,1.0,61.35629709364908,0.0175438596491228,57.0,5.832890014164737,1.0,7885.898815931108,0.0165892857142857,0.0155388646231154,0.5163473632957232,57.0,1
872.4548271027177,1221450.9492195968,1400.0146989377818,128.91943158500757,64763.5,90669861.5,1.0,1.0,1.0,0.0,0.0,0.0,0.0,0.0,23606.0,90646255.5,4968.884916359618,1.0,0.0,0.0,1.0,1.0,0.0384615384615384,1.0,1.0,0.0,1.0,2490.903846153846,52.0,0.0,1.0,2.0,5
83.62266931186306,5017.360158711785,60.0,0.0499459509236988,1.8777777777777775,112.66666666666669,1.0,0.1333333333333333,1.0,0.0,0.0,0.0,0.0,0.0,8.0,60.0,0.1333333333333333,1.0,0.0,0.0,90.0,1.0,25.280898876404493,1.0,1.0,0.0,1.0,47.47191011235955,0.04,0.0353155916166776,0.5310985300836767,1.0,2
6.070938054497638,5761.920708402897,940.25,40.540399745217485,245.75,240520.75,0.5,0.25,0.5,0.0,0.0,0.0,0.0,0.0,117229.5,123291.25,1.118743674705321,0.5,0.5,0.0,3.0,3.0,0.0150943396226415,0.75,4.0,2.0,0.5,3.709433962264151,88.33333333333333,47.78656249988647,0.6489377088678006,1.0,0
74.68771005466701,4481.262603280021,60.0,0.0513537695520609,1.7702702702702702,106.2162162162162,1.0,0.054054054054054,1.0,0.0,0.0,0.0,0.0,0.0,3.2432432432432434,60.0,0.054054054054054,1.0,0.0,0.0,74.0,1.0,10.72463768115942,1.0,1.0,0.0,1.0,18.98550724637681,0.0945205479452054,0.0898863985610453,0.5125650076419519,1.0,2
20.033445162017625,17687.570410549564,938.0,29.22154379329146,428.57142857142856,401389.28571428574,2.142857142857143,2.142857142857143,0.7095238095238096,2.571428571428572,0.4845924605235048,0.0,0.0952380952380952,0.4285714285714285,204828.7142857143,196560.57142857145,0.9479658856895417,0.5714285714285714,0.2857142857142857,0.1428571428571428,4.0,4.0,0.0325581395348837,1.0,4.0,1.8423709931771088,0.5714285714285714,13.953488372093023,35.833333333333336,17.733364661626464,0.6689479597324622,2.0,0
960.8124670729932,57648.74802437958,60.0,0.2550320449607305,136.36,8181.6,134.32,2.04,85.56866666666667,0.0,0.0,0.0,0.0,0.0,122.4,8059.2,45.568666666666665,1.0,0.0,0.0,1.0,1.0,26.93965517241379,0.04,25.0,4.643856189774723,1.0,3673.4913793103447,0.0386666666666666,0.0267109008126312,0.5914363008215419,25.0,1
832.2680016377108,49936.080098262646,60.0,0.2802229405104886,109.975,6598.5,107.175,2.8,56.19416666666666,0.0,0.0,0.0,0.0,0.0,168.0,6430.5,32.094166666666666,1.0,0.0,0.0,1.0,1.0,42.96455424274973,0.025,40.0,5.321928094887364,1.0,4725.026852846401,0.0238717948717948,0.0289687537124093,0.4517703829995994,40.0,1
9.445745309861266,10964.66988670046,1174.3333333333333,42.22441628653544,394.0,476848.6666666667,1.6666666666666667,2.0,0.2777777777777778,10.0,2.204593730405679,0.0,0.4888888888888889,2.0,226624.0,250224.66666666663,1.093089908567389,0.3333333333333333,0.6666666666666666,0.0,3.0,3.0,0.015228426395939,1.0,3.0,1.584962500721156,0.3333333333333333,6.0,98.5,91.5,0.5184210526315789,1.0,0
21.124986567986216,20311.917700420385,942.5,18.96366219500328,304.0,288293.1666666667,1.6666666666666667,1.5,0.8333333333333334,4.0,1.0838763891292742,0.0,0.2777777777777778,1.0,151647.0,136646.16666666666,0.9090901354204192,0.6666666666666666,0.3333333333333333,0.0,3.0,3.0,0.0210526315789473,1.0,3.0,1.4591479170272448,0.5,6.4,57.0,55.96427431853289,0.5045843063557715,2.0,0
265.1594562554739,371230.8725090441,1400.042335884344,158.59415777924914,27400.5,38361699.5,1.0,1.0,1.0,0.0,0.0,0.0,0.0,0.0,33366.0,38328333.5,1482.7371402273418,1.0,0.0,0.0,1.0,1.0,0.0042735042735042,1.0,1.0,0.0,1.0,117.09615384615384,468.0,0.0,1.0,2.0,5
1834.759726437532,110085.58358625192,60.0,0.2418141867066571,132.30769230769232,7938.461538461538,129.6153846153846,2.6923076923076925,72.34529914529915,0.0,0.0,0.0,0.0,0.0,161.53846153846155,7776.923076923077,39.21709401709401,1.0,0.0,0.0,1.0,1.0,40.49844236760125,0.0263157894736842,38.0,5.234120167580196,1.0,5358.255451713396,0.0253421052631579,0.023212152347865,0.5219337399034731,39.0,1
709.9397782902847,42596.38669741708,60.0,0.2971689817218387,125.21666666666668,7513.0,122.8,2.4166666666666665,73.85194444444444,0.0,0.0,0.0,0.0,0.0,145.0,7368.0,59.86861111111112,1.0,0.0,0.0,1.0,1.0,63.35797254487856,0.0166666666666666,60.0,5.906890595608517,1.0,7933.474128827878,0.0160508474576271,0.0152052886972448,0.5135262841861292,60.0,1
230.6118934990378,322862.8059140275,1400.030902754017,145.84031126998178,30657.0,42920546.75,1.0,1.0,1.0,0.0,0.0,0.0,0.0,0.0,19596.5,42900950.25,2640.1912461624515,1.0,0.0,0.0,1.0,1.0,0.0114285714285714,1.0,1.0,0.0,1.0,350.36571428571426,116.66666666666669,17.55625877635159,0.8692007440725559,4.0,5
6.825873381455139,775.0311389594449,132.09872904872904,1.559698409063239,10.5,1188.3333333333333,1.0,1.0,1.0,0.0,0.0,0.0,0.0,0.0,495.3333333333333,693.0,1.4052776515518686,1.0,0.0,0.0,1.0,1.0,0.0099889130390469,1.0,1.0,0.0,1.0,0.1048835869099929,120.1331912,1.7367838522707906,0.9857488782489218,6.0,3
857.3000623510039,51438.00374106024,60.0,0.2333952946871454,112.6774193548387,6760.645161290323,109.83870967741936,2.838709677419355,50.647849462365606,0.0,0.0,0.0,0.0,0.0,170.32258064516128,6590.322580645161,43.74462365591399,1.0,0.0,0.0,1.0,1.0,36.47058823529412,0.032258064516129,31.0,4.954196310386877,1.0,4109.411764705883,0.0283333333333333,0.0242161562231131,0.539174282614084,31.0,1
37.41226595510192,32027.303470187628,928.3333333333334,16.57368406725885,220.33333333333331,194813.16666666663,1.0,0.8333333333333334,0.5,0.0,0.0,0.0,0.0,0.0,95687.66666666669,99125.5,1.005909848983661,0.3333333333333333,0.6666666666666666,0.0,3.0,4.0,0.0397350993377483,0.8,5.0,2.251629167387823,0.3333333333333333,8.754966887417218,30.2,17.232527382830412,0.6366938821592664,1.0,0
9.616612353983207,8822.727567441241,848.5,35.83745844006354,262.5,229601.0,2.0,2.0,0.5,14.5,3.314058727482543,0.0,0.7506410256410256,3.0,134630.5,94970.5,0.8581956525554859,0.5,0.5,0.0,3.0,3.0,0.014760147601476,1.0,3.0,1.5,0.5,3.874538745387454,90.33333333333331,53.368738248362426,0.6286153869534032,1.0,0
1224.7603763728696,73485.62258237218,60.0,0.2346381022992104,125.34883720930232,7520.930232558139,122.86046511627907,2.488372093023256,67.0139534883721,0.0,0.0,0.0,0.0,0.0,149.30232558139534,7371.627906976744,50.43255813953488,1.0,0.0,0.0,1.0,1.0,44.88517745302714,0.0232558139534883,43.0,5.426264754702098,1.0,5626.304801670146,0.0228095238095238,0.0195913466019568,0.5379494238719169,43.0,1
6.559139389482868,7651.025832410274,1004.0,37.35144158807438,238.0,271834.0,2.5,2.5,0.5,6.0,1.6258145836939113,0.0,0.4166666666666667,1.5,125188.0,146646.0,1.303133176074912,0.5,0.5,0.0,2.0,2.0,0.0210526315789473,1.0,2.0,1.0,0.5,5.010526315789473,95.0,0.0,1.0,1.0,0
82.20181974641187,4932.109184784713,60.0,0.0502137750593325,1.9245283018867925,115.47169811320757,1.0,0.1037735849056603,1.0,0.0,0.0,0.0,0.0,0.0,6.226415094339623,60.0,0.1037735849056603,1.0,0.0,0.0,106.0,1.0,34.3042071197411,1.0,1.0,0.0,1.0,66.01941747572816,0.0294285714285714,0.0233739199976046,0.557333008987198,1.0,2
78.79364043221076,4727.618425932646,60.0,0.0487248239988974,1.855072463768116,111.30434782608695,1.0,0.1159420289855072,1.0,0.0,0.0,0.0,0.0,0.0,6.956521739130435,60.0,0.1159420289855072,1.0,0.0,0.0,138.0,1.0,27.87878787878788,1.0,1.0,0.0,1.0,51.71717171717172,0.0361313868613138,0.0314665428897786,0.5345043405080007,1.0,2
12.193818487006988,1248.3166901529437,144.7051282051282,0.2969611470775378,1.8461538461538465,215.92307692307693,0.0,0.0,0.0,61.38461538461539,4.750055296272311,0.2147117915393019,0.4989266939807963,3.0,64.3076923076923,150.6153846153846,2.3423347121899947,0.0,1.0,0.0,1.0,1.0,0.0572687224669603,1.0,1.0,0.0,1.0,0.105726872246696,18.916666666666668,11.018607998391731,0.6319189276972603,13.0,4
84.48030906264846,5068.818543758908,60.0,0.0487934714875328,1.983695652173913,119.02173913043478,1.0,0.0869565217391304,1.0,0.0,0.0,0.0,0.0,0.0,5.217391304347826,60.0,0.0869565217391304,1.0,0.0,0.0,184.0,1.0,22.38442822384428,1.0,1.0,0.0,1.0,44.40389294403892,0.0449180327868852,0.0359700672836786,0.555310765708434,1.0,2
115.29054916876696,6917.432950126017,60.0,0.0479358290338209,1.948717948717949,116.92307692307692,1.0,0.0897435897435897,1.0,0.0,0.0,0.0,0.0,0.0,5.384615384615385,60.0,0.0897435897435897,1.0,0.0,0.0,156.0,1.0,42.62295081967213,1.0,1.0,0.0,1.0,83.06010928961749,0.0236129032258064,0.0168440233860364,0.5836553886645025,1.0,2
66.36922001181638,3982.153200708984,60.0,0.0541705769490771,1.9407894736842104,116.44736842105264,1.0,0.0723684210526315,1.0,0.0,0.0,0.0,0.0,0.0,4.342105263157895,60.0,0.0723684210526315,1.0,0.0,0.0,152.0,1.0,15.784008307372792,1.0,1.0,0.0,1.0,30.63343717549325,0.063774834437086,0.0548053958992595,0.5378201261390085,1.0,2
1302.9843521038902,78179.06112623341,60.0,0.2289664110612507,129.57407407407408,7774.444444444444,127.25925925925924,2.314814814814815,70.375,0.0,0.0,0.0,0.0,0.0,138.88888888888889,7635.555555555556,46.782407407407405,1.0,0.0,0.0,1.0,1.0,54.76673427991887,0.0185185185185185,54.0,5.7548875021634665,1.0,7096.348884381338,0.0186037735849056,0.0156366039147403,0.5433285186501817,54.0,1
3.962850589929428,3843.985448053444,1031.5,42.89745010032724,180.5,152285.0,2.0,1.5,0.6666666666666666,0.0,0.0,0.0,0.0,0.0,85087.5,67197.5,0.8221614777986408,0.5,0.0,0.5,2.0,2.0,0.1333333333333333,2.0,1.0,0.0,0.5,24.066666666666663,15.0,0.0,1.0,1.0,0
7.233413470612048,8640.478370905495,1202.3333333333333,27.630231643003476,170.5,200487.3333333333,2.0,2.0,0.7222222222222223,0.0,0.0,0.0,0.0,0.0,98758.33333333331,101729.0,0.98706880911446,0.6666666666666666,0.1666666666666666,0.1666666666666666,4.0,4.0,0.0242914979757085,0.8,5.0,2.2516291673878226,0.3333333333333333,4.1417004048583,49.4,36.00333317902663,0.578431756245922,1.0,0
25.26946021635457,26322.717388331366,1180.1666666666667,16.3996621851384,178.16666666666666,195368.16666666663,2.333333333333333,2.5,0.625,2.0,0.4758980903679222,0.0,0.1111111111111111,0.5,94397.33333333331,100970.83333333331,1.1248584464882367,0.6666666666666666,0.3333333333333333,0.0,4.0,3.0,0.0236220472440944,0.6,5.0,2.2516291673878226,0.5,4.208661417322834,50.8,40.8724846320847,0.5541466472069458,2.0,0
9.832971075725863,1021.8539512781682,126.26881720430109,0.2789817215325934,2.064516129032258,219.1935483870968,0.0,0.0,0.0,63.54838709677419,4.722612905861219,0.2322050227658451,0.4756588120325942,3.0,65.35483870967742,153.03225806451613,2.341759465694687,0.0,1.0,0.0,1.0,1.0,0.1103202846975089,1.0,1.0,0.0,1.0,0.2277580071174377,9.366666666666667,7.273162234467817,0.562906429045557,31.0,4
9.191381352716238,822.2650151999694,114.01666666666668,0.3019927984019256,2.05,197.05,0.0,0.0,0.0,62.4,4.755530997777757,0.2336810534732704,0.4947697446414623,3.0,58.65,137.45,2.343603419701251,0.0,1.0,0.0,1.0,1.0,0.0706713780918728,1.0,1.0,0.0,1.0,0.1448763250883392,14.894736842105264,15.293255262032844,0.4933993884297963,20.0,4
9.131430178641985,7697.965092514404,994.5,21.44551760555601,166.75,140198.0,1.75,1.75,0.5208333333333333,6.0,1.6258145836939113,0.0,0.4166666666666667,1.5,61291.0,78907.0,1.257467577546591,0.5,0.5,0.0,3.0,3.0,0.048780487804878,1.5,2.0,1.0,0.5,8.134146341463415,27.33333333333333,19.067132861433453,0.5890745411608835,1.0,0
80.6611650524935,4839.66990314961,60.0,0.0528217754089682,2.019230769230769,121.15384615384616,1.0,0.0705128205128205,1.0,0.0,0.0,0.0,0.0,0.0,4.230769230769231,60.0,0.0705128205128205,1.0,0.0,0.0,156.0,1.0,16.335078534031414,1.0,1.0,0.0,1.0,32.98429319371728,0.0616129032258064,0.0580042698202273,0.5150840941717891,1.0,2
9.60789623375056,1144.6497899399772,132.30133153883153,1.3378795802269172,11.083333333333334,1411.0,1.0,1.0,1.0,0.0,0.0,0.0,0.0,0.0,573.8333333333334,837.1666666666666,1.4757048393024483,1.0,0.0,0.0,1.0,1.0,0.0090967663471472,1.0,1.0,0.0,1.0,0.1008224936808819,119.922734,1.9029503969869328,0.9843797274244248,12.0,3
7.650104284427617,1070.074933079843,156.11177503052502,1.2531252988337696,9.0,1251.25,1.0,1.0,1.0,0.0,0.0,0.0,0.0,0.0,510.25,741.0,1.4786068822720446,1.0,0.0,0.0,1.0,1.0,0.009088494009527,1.0,1.0,0.0,1.0,0.0817964460857436,120.03188754545454,1.141791245984321,0.9905772337906028,12.0,3
91.46541533812584,5487.924920287551,60.0,0.0514192617587134,1.944954128440367,116.69724770642202,1.0,0.1009174311926605,1.0,0.0,0.0,0.0,0.0,0.0,6.055045871559633,60.0,0.1009174311926605,1.0,0.0,0.0,109.0,1.0,11.425576519916143,1.0,1.0,0.0,1.0,22.222222222222225,0.0883333333333333,0.0881549561641108,0.5005053512891152,1.0,2
81.86384749576366,4911.830849745821,60.0,0.0497721443123744,2.1311475409836067,127.8688524590164,1.0,0.1147540983606557,1.0,0.0,0.0,0.0,0.0,0.0,6.885245901639344,60.0,0.1147540983606557,1.0,0.0,0.0,122.0,1.0,13.631284916201118,1.0,1.0,0.0,1.0,29.05027932960894,0.0739669421487603,0.0792889822663361,0.4826367556820806,1.0,2
24.688614947012272,31601.255565972428,1170.2,17.989157621233794,349.4,407522.6,1.8,2.0,0.71,9.0,1.9701333973321749,0.0,0.43,1.8,225188.4,182334.2,0.829645313484991,0.8,0.2,0.0,3.0,4.0,0.026595744680851,1.0,4.0,1.9219280948873625,0.4,9.29255319148936,47.0,45.17742799230607,0.509886216438183,1.0,0
91.64284692150522,5498.570815290314,60.0,0.0510037575075305,1.9448275862068964,116.6896551724138,1.0,0.0827586206896551,1.0,0.0,0.0,0.0,0.0,0.0,4.965517241379311,60.0,0.0827586206896551,1.0,0.0,0.0,145.0,1.0,37.275064267352185,1.0,1.0,0.0,1.0,72.49357326478149,0.0270138888888888,0.0214437203029721,0.5574746534013109,1.0,2
4.746954489484292,5720.206927298208,1111.0,40.05398617345029,193.66666666666663,237321.3333333333,1.6666666666666667,1.0,1.3333333333333333,4.0,1.0073517362914,0.0,0.25,1.0,111830.0,125491.33333333331,1.2096717469879077,1.0,0.0,0.0,2.0,3.0,0.0131578947368421,1.0,3.0,1.584962500721156,0.3333333333333333,2.548245614035088,114.0,61.0,0.6514285714285714,1.0,0
137.11696666689647,8227.018000013788,60.0,0.0473327022345039,1.8867924528301887,113.20754716981132,1.0,0.1698113207547169,1.0,0.0,0.0,0.0,0.0,0.0,10.18867924528302,60.0,0.1698113207547169,1.0,0.0,0.0,53.0,1.0,5.875831485587583,1.0,1.0,0.0,1.0,11.086474501108649,0.1734615384615384,0.1441404845625989,0.546160055310339,1.0,2
5.322954479515611,5663.387322521031,1060.0,47.75335918893448,254.66666666666663,267521.5,2.833333333333333,2.6666666666666665,0.7305555555555555,2.5,0.5316496825773812,0.0,0.1111111111111111,0.5,127125.5,140396.0,1.1485687868764929,0.6666666666666666,0.1666666666666666,0.1666666666666666,4.0,6.0,0.0214285714285714,1.5,4.0,1.7924812503605778,0.1666666666666666,5.457142857142857,56.0,42.03332011630773,0.5712343510712585,1.0,0
56.05553533527307,39166.38149354821,681.3333333333334,29.03551761087421,146.66666666666666,103216.33333333331,3.6666666666666665,4.0,0.9444444444444444,0.0,0.0,0.0,0.0,0.0,54263.333333333336,48953.0,0.9460507923388028,1.0,0.0,0.0,3.0,3.0,0.0196078431372549,1.5,2.0,0.9182958340544896,0.3333333333333333,2.8758169934640523,76.5,51.5,0.59765625,1.0,0
17.23168755673036,17897.73017274436,1009.2,23.98279303438874,248.4,266081.4,1.2,1.2,0.7,5.0,1.282960523864597,0.0,0.3192307692307692,1.2,150057.0,116024.4,0.7467477584663255,0.6,0.2,0.2,3.0,4.0,0.0253807106598984,1.3333333333333333,3.0,1.3709505944546687,0.4,6.304568527918781,49.25,23.12331074911203,0.6804994754313387,2.0,0
1035.6058917902772,62136.35350741665,60.0,0.2751222060152498,127.8030303030303,7668.181818181818,125.0909090909091,2.712121212121212,65.16691919191919,0.0,0.0,0.0,0.0,0.0,162.72727272727272,7505.454545454545,48.54570707070707,1.0,0.0,0.0,1.0,1.0,67.55373592630502,0.0151515151515151,66.0,6.044394119358462,1.0,8633.572159672467,0.0150307692307692,0.0141181489642769,0.5156544448817205,66.0,1
7.323823876879042,7203.021585181609,957.8333333333334,39.83019042691635,277.1666666666667,290626.6666666667,2.333333333333333,2.5,0.7388888888888889,7.0,1.6136251986323271,0.0,0.3611111111111111,1.5,159404.5,131222.16666666666,0.9810924615797884,0.8333333333333334,0.1666666666666666,0.0,3.0,4.0,0.0228136882129277,1.0,4.0,1.9182958340544896,0.3333333333333333,6.32319391634981,52.6,28.253141418256483,0.6505622302032538,1.0,0
6.128059134868633,939.5418340046464,168.21212121212122,0.2922565605994886,1.6363636363636365,233.45454545454547,0.0,0.0,0.0,59.45454545454545,4.671230940502604,0.2539845418784855,0.4895369811839248,3.0,69.54545454545455,163.0,2.344369033033385,0.0,1.0,0.0,1.0,1.0,0.0391459074733096,1.0,1.0,0.0,1.0,0.0640569395017793,28.1,27.68916755700684,0.5036820090797498,11.0,4
8.066180319067072,1221.4164761424097,170.8872520336806,1.3494418904170005,9.0,1305.142857142857,1.0,1.0,1.0,0.0,0.0,0.0,0.0,0.0,506.1428571428572,799.0,1.5942437548631552,1.0,0.0,0.0,1.0,1.0,0.0097258431806546,1.0,1.0,0.0,1.0,0.0875325886258915,119.95532366666669,1.368288193074677,0.9887219958909852,7.0,3
7.250373396979499,1071.792015195938,158.0522283272283,1.4633809869040435,10.833333333333334,1540.3333333333333,1.0,1.0,1.0,0.0,0.0,0.0,0.0,0.0,605.6666666666666,934.6666666666666,1.5530910889261993,1.0,0.0,0.0,1.0,1.0,0.0100140634670012,1.0,1.0,0.0,1.0,0.1084856875591803,119.8314754,2.038233393933738,0.9832753075878754,6.0,3
24.18952760039477,29073.987329026004,1222.6666666666667,18.74775743934409,270.0,319985.6666666667,2.5,2.5,0.875,6.5,1.582192738373322,0.0,0.3722222222222222,1.5,165455.33333333334,154530.33333333334,1.0698181713921533,0.8333333333333334,0.0,0.1666666666666666,2.0,3.0,0.0472440944881889,0.75,4.0,1.9182958340544891,0.6666666666666666,12.755905511811024,25.4,28.548905408088768,0.4708158545176281,2.0,0
1530.3162814991144,91818.97688994688,60.0,0.2120401573963651,132.97058823529412,7978.235294117647,130.47058823529412,2.5,76.17303921568627,0.0,0.0,0.0,0.0,0.0,150.0,7828.235294117647,60.14362745098039,1.0,0.0,0.0,1.0,1.0,34.623217922606926,0.0294117647058823,34.0,5.087462841250338,1.0,4603.869653767821,0.0297575757575757,0.0268339792540707,0.5258306782955812,34.0,1
87.11810699842486,5227.086419905491,60.0,0.0494865400362436,1.9895833333333333,119.375,1.0,0.1041666666666666,1.0,0.0,0.0,0.0,0.0,0.0,6.25,60.0,0.1041666666666666,1.0,0.0,0.0,96.0,1.0,16.05351170568562,1.0,1.0,0.0,1.0,31.939799331103675,0.0629473684210526,0.0505105238479129,0.5548081950247086,1.0,2
198.8197146277154,278349.8793323308,1400.0118777026337,216.96290411567645,41192.25,57669615.5,1.0,1.0,1.0,0.0,0.0,0.0,0.0,0.0,24634.0,57644981.5,3094.5315244063986,1.0,0.0,0.0,1.0,1.0,0.0098765432098765,1.0,1.0,0.0,1.0,406.837037037037,135.0,117.32859838931002,0.5350166444142518,4.0,5
18.22208586500961,13999.548110532343,751.0,20.56995167419158,369.0,262677.0,2.0,2.0,0.5,6.0,1.4276942711037668,0.0,0.3333333333333333,1.5,118163.0,144514.0,1.223428166139822,0.5,0.0,0.5,2.0,2.0,0.0206185567010309,1.0,2.0,1.0,0.5,7.608247422680412,97.0,0.0,1.0,1.0,0
984.2965843734768,59057.79506240861,60.0,0.2525334062896769,126.95081967213116,7617.049180327869,123.9672131147541,2.9836065573770494,53.54945355191256,0.0,0.0,0.0,0.0,0.0,179.01639344262296,7438.032786885245,40.13961748633879,1.0,0.0,0.0,1.0,1.0,65.73275862068965,0.0163934426229508,61.0,5.930737337562883,1.0,8344.827586206897,0.0154666666666666,0.0166787955866789,0.4811461893056748,61.0,1
898.4321474967658,53905.92884980593,60.0,0.2730757624223291,122.70270270270272,7362.162162162162,120.56756756756756,2.135135135135135,69.00540540540541,0.0,0.0,0.0,0.0,0.0,128.1081081081081,7234.054054054054,40.46486486486486,1.0,0.0,0.0,1.0,1.0,37.87103377686796,0.027027027027027,37.0,5.209453365628954,1.0,4646.878198567042,0.0271388888888888,0.0278878236848367,0.4931948070226395,37.0,1
1015.3498770193634,60920.992621161815,60.0,0.2469101125460702,134.7,8082.0,132.625,2.075,79.56583333333333,0.0,0.0,0.0,0.0,0.0,124.5,7957.5,52.66583333333333,1.0,0.0,0.0,1.0,1.0,41.75365344467641,0.025,40.0,5.321928094887364,1.0,5624.217118997913,0.0245641025641025,0.0242960320404908,0.5027432438099191,40.0,1
1239.3488677214234,74360.9320632854,60.0,0.2700213524082515,127.69767441860463,7661.860465116279,125.6279069767442,2.069767441860465,80.62286821705428,0.0,0.0,0.0,0.0,0.0,124.18604651162792,7537.674418604651,51.7624031007752,1.0,0.0,0.0,1.0,1.0,44.28424304840371,0.0232558139534883,43.0,5.426264754702098,1.0,5654.994850669413,0.0231190476190476,0.0230519107574439,0.5007270464374618,43.0,1
196.5194790143964,275130.9986218535,1400.018980631275,249.61251329434697,49129.333333333336,68781953.66666667,1.0,1.0,1.0,0.0,0.0,0.0,0.0,0.0,21513.33333333333,68760440.33333333,4942.772057570769,1.0,0.0,0.0,1.0,1.0,0.015228426395939,1.0,1.0,0.0,1.0,748.1624365482234,98.5,34.5,0.7406015037593985,3.0,5
72.35271708395042,4341.163025037025,60.0,0.0527844943288886,1.9886363636363635,119.3181818181818,1.0,0.0738636363636363,1.0,0.0,0.0,0.0,0.0,0.0,4.431818181818182,60.0,0.0738636363636363,1.0,0.0,0.0,176.0,1.0,20.04555808656037,1.0,1.0,0.0,1.0,39.863325740318906,0.0501714285714285,0.0478387086031419,0.5119004015070998,1.0,2
10.67752806731631,10616.97187407472,1080.5,30.93631306710621,250.5,277605.5,2.0,2.0,0.5,0.0,0.0,0.0,0.0,0.0,120010.5,157595.0,1.2850339814174516,0.5,0.5,0.0,2.0,1.0,0.0833333333333333,0.5,2.0,1.0,1.0,20.875,24.0,0.0,1.0,1.0,0
14.202847633108654,14350.714363457497,916.3333333333334,23.185706571950984,294.6666666666667,285087.6666666667,1.8333333333333333,2.1666666666666665,0.5222222222222223,5.166666666666667,1.0654529377631785,0.0,0.2152777777777777,1.0,139304.0,145783.66666666666,1.0108575705995326,0.6666666666666666,0.1666666666666666,0.1666666666666666,5.0,6.0,0.0265486725663716,1.5,4.0,1.7924812503605778,0.1666666666666666,7.823008849557522,45.2,36.04108766394266,0.5563687205539615,1.0,0
996.8827377995218,59812.96426797131,60.0,0.2521001079368641,130.57142857142858,7834.285714285715,127.68571428571428,2.8857142857142857,61.12904761904761,0.0,0.0,0.0,0.0,0.0,173.14285714285714,7661.142857142857,36.78619047619048,1.0,0.0,0.0,1.0,1.0,35.93429158110883,0.0285714285714285,35.0,5.129283016944964,1.0,4691.991786447638,0.0286470588235294,0.0337263052797081,0.4592835296828643,35.0,1
733.734567216696,44024.07403300174,60.0,0.2766313231422875,121.05882352941175,7263.529411764706,118.55882352941175,2.5,68.0171568627451,0.0,0.0,0.0,0.0,0.0,150.0,7113.529411764706,40.54656862745099,1.0,0.0,0.0,1.0,1.0,35.306334371754936,0.0294117647058823,34.0,5.087462841250338,1.0,4274.143302180685,0.0291818181818181,0.0271766996295506,0.5177889574649442,34.0,1
22.277404863172883,25034.46568755313,1206.75,29.68597071966421,365.25,434737.0,1.5,1.5,0.7,3.25,0.8481868526121962,0.0,0.2115384615384615,0.75,241367.25,193369.75,0.8765234333376528,0.5,0.5,0.0,3.0,2.0,0.0145985401459854,0.6666666666666666,3.0,1.5,0.5,5.332116788321168,91.33333333333331,77.21111031163555,0.5418946561402095,1.0,0
13.537496942026769,13764.50383067016,1046.4,20.85152621411008,266.0,282651.6,2.6,3.0,0.75,12.0,2.5720488097624554,0.0,0.5466666666666666,2.4,133818.4,148833.2,1.1459012302689433,0.8,0.0,0.2,4.0,3.0,0.0190839694656488,0.75,4.0,1.9219280948873625,0.6,5.076335877862595,65.5,82.42724064288456,0.4427852484460617,1.0,0
96.1960290066086,5771.761740396516,60.0,0.0505077888719586,2.0163934426229506,120.98360655737704,1.0,0.1147540983606557,1.0,0.0,0.0,0.0,0.0,0.0,6.885245901639344,60.0,0.1147540983606557,1.0,0.0,0.0,61.0,1.0,7.577639751552795,1.0,1.0,0.0,1.0,15.27950310559006,0.1341666666666666,0.1165803251935,0.5350679011993371,1.0,2
3.4600380391892287,3623.142363165517,1025.5,44.75001253010589,158.0,173764.5,1.5,1.5,1.25,6.0,1.5424812503605778,0.0,0.375,1.5,96168.5,77596.0,0.7694612492320212,1.0,0.0,0.0,2.0,2.0,0.0166666666666666,1.0,2.0,1.0,0.5,2.6333333333333333,120.0,0.0,1.0,1.0,0
93.22026410849924,5593.215846509956,60.0,0.0517816500291994,2.1320754716981134,127.9245283018868,1.0,0.1194968553459119,1.0,0.0,0.0,0.0,0.0,0.0,7.169811320754717,60.0,0.1194968553459119,1.0,0.0,0.0,159.0,1.0,32.12121212121212,1.0,1.0,0.0,1.0,68.48484848484848,0.0313291139240506,0.0246777825148002,0.5593795749467425,1.0,2
8.653824772881327,870.1889743124209,118.0,0.3047806270269133,2.0434782608695654,214.65217391304347,0.0,0.0,0.0,61.26086956521739,4.709795983464922,0.2469051685964858,0.488516755961263,3.0,63.95652173913044,149.7391304347826,2.34113631412085,0.0,1.0,0.0,1.0,1.0,0.0798611111111111,1.0,1.0,0.0,1.0,0.1631944444444444,13.090909090909092,9.727697526833044,0.5736944989765732,23.0,4
1063.6007985444842,63816.04791266906,60.0,0.2597634663349784,117.82857142857142,7069.714285714285,115.22857142857144,2.6,53.967619047619046,0.0,0.0,0.0,0.0,0.0,156.0,6913.714285714285,33.139047619047616,1.0,0.0,0.0,1.0,1.0,36.26943005181347,0.0285714285714285,35.0,5.129283016944964,1.0,4273.575129533679,0.0283823529411764,0.0314081431047299,0.4746967297174592,35.0,1
5.006016626744186,695.8855423011444,163.50920634920635,1.6210846510857462,8.2,1083.0,1.0,1.0,1.0,0.0,0.0,0.0,0.0,0.0,424.0,659.0,1.60267173207543,1.0,0.0,0.0,1.0,1.0,0.0029725269994449,1.0,1.0,0.0,1.0,0.0243747213954481,420.517627,247.4572761893567,0.6295410575938842,5.0,3
1558.5493965718842,93512.96379431304,60.0,0.2506812349523148,130.24193548387098,7814.516129032258,127.56451612903226,2.677419354838709,64.74677419354839,0.0,0.0,0.0,0.0,0.0,160.6451612903226,7653.870967741936,44.9241935483871,1.0,0.0,0.0,1.0,1.0,67.98245614035088,0.0161290322580645,62.0,5.954196310386873,1.0,8854.166666666666,0.0149508196721311,0.0135941480050746,0.5237637625377283,62.0,1
201.7646831236959,282473.08010788565,1400.0166077475171,257.1073446618077,47873.66666666666,67023839.0,1.0,1.0,1.0,0.0,0.0,0.0,0.0,0.0,32855.0,66990984.0,2013.9840362179257,1.0,0.0,0.0,1.0,1.0,0.0077922077922077,1.0,1.0,0.0,1.0,373.0415584415584,192.5,164.5,0.5392156862745098,3.0,5
1327.6681313938486,79660.08788363093,60.0,0.2423217629285636,127.3,7638.0,125.2875,2.0125,78.09916666666666,0.0,0.0,0.0,0.0,0.0,120.75,7517.25,51.086666666666666,1.0,0.0,0.0,1.0,1.0,81.05369807497468,0.0125,80.0,6.321928094887356,1.0,10318.135764944276,0.0124936708860759,0.0119956462753188,0.5101682012502625,80.0,1
110.01983418620208,6601.190051172126,60.0,0.0536593314912452,2.005813953488372,120.34883720930232,1.0,0.063953488372093,1.0,0.0,0.0,0.0,0.0,0.0,3.8372093023255816,60.0,0.063953488372093,1.0,0.0,0.0,172.0,1.0,26.79127725856698,1.0,1.0,0.0,1.0,53.73831775700935,0.0375438596491228,0.0327643028053319,0.533990056608911,1.0,2
9.865829275260674,1141.570613914036,140.18507326007327,1.3134310332250752,10.5,1221.2857142857142,1.0,1.0,1.0,0.0,0.0,0.0,0.0,0.0,506.5,714.7857142857143,1.4179494693616943,1.0,0.0,0.0,1.0,1.0,0.0089844232158196,1.0,1.0,0.0,1.0,0.0943364437661065,119.86557746153844,1.5202385730842765,0.9874759784730478,14.0,3
972.7093582436516,58362.56149461909,60.0,0.242405384965321,131.57534246575344,7894.520547945205,129.12328767123287,2.452054794520548,72.00022831050228,0.0,0.0,0.0,0.0,0.0,147.12328767123287,7747.397260273972,48.4796803652968,1.0,0.0,0.0,1.0,1.0,79.26167209554832,0.0136986301369863,73.0,6.189824558880028,1.0,10428.88165038002,0.0127916666666666,0.0119721174911634,0.5165473331999638,73.0,1
10.10196177245623,1255.171769023479,142.94323291088,1.3146681457649274,9.588235294117649,1229.1176470588234,1.0,1.0,1.0,0.0,0.0,0.0,0.0,0.0,492.7647058823529,736.3529411764706,1.4845330578708928,1.0,0.0,0.0,1.0,1.0,0.0088658752092913,1.0,1.0,0.0,1.0,0.0850080975949701,119.841524375,1.647490885097657,0.9864391782123632,17.0,3
540.8317846886738,757171.0725952496,1400.0121590709907,119.48491160443254,64621.5,90470885.5,1.0,1.0,1.0,0.0,0.0,0.0,0.0,0.0,26032.5,90444853.0,3710.042538965403,1.0,0.0,0.0,1.0,1.0,0.0344827586206896,1.0,1.0,0.0,1.0,2228.3275862068967,58.0,0.0,1.0,2.0,5
845.0744002654541,50704.46401592724,60.0,0.2408864663738428,112.3,6738.0,109.58,2.72,53.97933333333334,0.0,0.0,0.0,0.0,0.0,163.2,6574.8,30.139333333333333,1.0,0.0,0.0,1.0,1.0,54.406964091403694,0.02,50.0,5.643856189774728,1.0,6109.902067464635,0.0187551020408163,0.0171565785707667,0.5222563166472075,50.0,1
940.8100802673924,56448.60481604355,60.0,0.2534346330918283,127.05263157894736,7623.157894736842,124.35087719298244,2.701754385964912,64.65058479532163,0.0,0.0,0.0,0.0,0.0,162.10526315789474,7461.0526315789475,41.66812865497076,1.0,0.0,0.0,1.0,1.0,58.282208588957054,0.0175438596491228,57.0,5.832890014164737,1.0,7404.907975460122,0.0174642857142857,0.0200499058474047,0.4655381067073362,57.0,1
1034.2707806431083,62056.246838586514,60.0,0.2473211335225436,132.9047619047619,7974.285714285715,130.0952380952381,2.8095238095238093,64.2452380952381,0.0,0.0,0.0,0.0,0.0,168.57142857142858,7805.714285714285,40.34047619047619,1.0,0.0,0.0,1.0,1.0,21.47239263803681,0.0476190476190476,21.0,4.39231742277876,1.0,2853.783231083845,0.0489,0.0381023621315004,0.5620537052326199,21.0,1
9.770345801202678,1067.0799111651704,135.80459770114942,0.2767518700340913,1.9310344827586208,217.93103448275863,0.0,0.0,0.0,62.689655172413794,4.741343501043422,0.2383419319914079,0.4883923070931217,3.0,64.93103448275862,152.0344827586207,2.341411504828837,0.0,1.0,0.0,1.0,1.0,0.0996563573883161,1.0,1.0,0.0,1.0,0.1924398625429553,10.392857142857142,9.951092135734529,0.5108574053413388,29.0,4
10.485367557429448,1141.6567352054803,123.021406001406,1.1345022522796275,10.133333333333333,1119.7333333333331,1.0,1.0,1.0,0.0,0.0,0.0,0.0,0.0,450.8,668.9333333333333,1.521032170463798,1.0,0.0,0.0,1.0,1.0,0.0089303467655613,1.0,1.0,0.0,1.0,0.0904941805576886,119.97614421428572,1.312442137449179,0.9891791785449364,15.0,3
75.31941150913985,4519.164690548392,60.0,0.0478350860141205,1.8,108.0,1.0,0.1076923076923077,1.0,0.0,0.0,0.0,0.0,0.0,6.461538461538462,60.0,0.1076923076923077,1.0,0.0,0.0,65.0,1.0,7.428571428571429,1.0,1.0,0.0,1.0,13.371428571428572,0.13671875,0.1343043964225948,0.5044541464617944,1.0,2
293.07182458189504,410304.2709119118,1400.0128928182958,186.0384962874211,52081.75,72915012.75,1.0,1.0,1.0,0.0,0.0,0.0,0.0,0.0,15124.0,72899888.75,4927.955814547813,1.0,0.0,0.0,1.0,1.0,0.009925558312655,1.0,1.0,0.0,1.0,516.940446650124,134.33333333333334,89.13036644276866,0.6011416327033329,4.0,5
790.6661870498529,47439.971222991175,60.0,0.2727551996885475,126.91176470588236,7614.705882352941,124.58823529411764,2.323529411764706,71.93333333333332,0.0,0.0,0.0,0.0,0.0,139.41176470588235,7475.294117647059,40.845098039215685,1.0,0.0,0.0,1.0,1.0,35.05154639175258,0.0294117647058823,34.0,5.087462841250338,1.0,4448.453608247422,0.0293939393939393,0.0230466449197477,0.5605189144749387,34.0,1
164.26237235005914,229973.6420114555,1400.0384794233898,209.46976174600223,34408.0,48172524.0,1.0,1.0,1.0,0.0,0.0,0.0,0.0,0.0,11910.0,48160614.0,4043.712342569269,1.0,0.0,0.0,1.0,1.0,1.0,1.0,1.0,0.0,1.0,34408.0,0.0,0.0,0.0,0.0,5
119.6435453542726,7178.612721256356,60.0,0.0464472948025517,1.991935483870968,119.51612903225806,1.0,0.1129032258064516,1.0,0.0,0.0,0.0,0.0,0.0,6.774193548387097,60.0,0.1129032258064516,1.0,0.0,0.0,124.0,1.0,15.519399249061326,1.0,1.0,0.0,1.0,30.913642052565702,0.0649593495934959,0.0576839437966466,0.5296608383375083,1.0,2
903.0088351881238,54180.53011128743,60.0,0.2590245687744135,138.08620689655172,8285.172413793103,135.81034482758622,2.2758620689655173,80.2683908045977,0.0,0.0,0.0,0.0,0.0,136.55172413793105,8148.620689655172,43.07873563218391,1.0,0.0,0.0,1.0,1.0,62.5,0.0172413793103448,58.0,5.85798099512757,1.0,8630.387931034482,0.0162807017543859,0.0139305978838769,0.5388944517225032,58.0,1
7.862450396771831,5944.7531203640365,777.4,31.860524006264093,220.4,189716.8,1.4,1.6,0.5599999999999999,2.4,0.6169925001442311,0.0,0.15,0.6,100116.8,89600.0,0.94585539567491,0.6,0.2,0.2,3.0,4.0,0.0423728813559322,1.3333333333333333,3.0,1.521928094887362,0.4,9.33898305084746,29.5,36.15591237958185,0.4493121629237175,1.0,0
1092.7326443336976,65563.95866002186,60.0,0.2682685284644947,122.21333333333334,7332.8,119.78666666666666,2.4266666666666667,65.53888888888889,0.0,0.0,0.0,0.0,0.0,145.6,7187.2,45.79222222222223,1.0,0.0,0.0,1.0,1.0,76.92307692307692,0.0133333333333333,75.0,6.228818690495891,1.0,9401.02564102564,0.0131756756756756,0.0145112799630178,0.4758802610014002,75.0,1
10.845793548680028,1131.7835565390712,131.06140350877197,0.280380736278864,2.1052631578947367,220.0,0.0,0.0,0.0,61.21052631578947,4.639218184590023,0.2236946928809411,0.4754981763504525,3.0,65.47368421052632,153.57894736842104,2.3465296533731803,0.0,1.0,0.0,1.0,1.0,0.0664335664335664,1.0,1.0,0.0,1.0,0.1398601398601398,15.88888888888889,18.65740510982432,0.4599303441776048,19.0,4
6.103564010322319,5417.083561715671,913.25,34.98821253535977,129.75,123910.25,0.75,1.0,0.4166666666666666,4.0,0.8007048827786958,0.0,0.15625,0.75,63207.0,60703.25,1.072723295959104,0.5,0.5,0.0,3.0,2.0,0.0816326530612244,0.6666666666666666,3.0,1.5,0.5,10.591836734693878,16.333333333333332,4.714045207910316,0.776026967031887,1.0,0
15.685656239386494,19899.58932759797,1264.0,25.04183708844453,396.0,511166.0,0.5,0.0,0.5,6.0,1.6258145836939113,0.0,0.4166666666666667,1.5,240295.0,270871.0,1.073249318893592,0.5,0.0,0.5,2.0,2.0,0.0101522842639593,2.0,1.0,0.0,0.5,4.020304568527918,197.0,0.0,1.0,1.0,0
35.97931894396798,34941.953994576455,901.75,13.797743934205236,297.25,297090.0,2.5,2.75,0.625,6.75,1.602048482379694,0.0,0.3708333333333333,1.5,138492.25,158597.75,1.0529948476076971,0.75,0.25,0.0,3.0,2.0,0.0239520958083832,0.5,4.0,2.0,0.75,7.119760479041916,55.66666666666666,33.159546974522364,0.6266918782729002,2.0,0
11.176951420452443,5762.7784325302855,534.5,37.8923241452705,270.5,141045.5,2.5,3.5,0.7083333333333333,0.0,0.0,0.0,0.0,0.0,57199.0,83846.5,1.4522762321144311,1.0,0.0,0.0,2.0,1.0,0.0512820512820512,0.5,2.0,1.0,1.0,13.871794871794872,39.0,0.0,1.0,1.0,0
7.574549686389604,1111.8967083862722,147.25460317460315,1.3482252866800106,10.0,1455.6,1.0,1.0,1.0,0.0,0.0,0.0,0.0,0.0,588.2,867.4,1.48968449014445,1.0,0.0,0.0,1.0,1.0,0.0041579670284823,1.0,1.0,0.0,1.0,0.0415796702848236,300.6276845,132.60275452770998,0.693920965421295,5.0,3
806.8013610715967,48408.08166429581,60.0,0.2989562746455155,122.375,7342.5,119.25,3.125,53.938194444444456,0.0,0.0,0.0,0.0,0.0,187.5,7155.0,43.68819444444444,1.0,0.0,0.0,1.0,1.0,29.26829268292683,0.0416666666666666,24.0,4.584962500721156,1.0,3581.707317073171,0.0356521739130434,0.0324701986384735,0.5233548477202817,24.0,1
7.641271470525974,8809.817949369413,1225.6666666666667,32.15446919293645,244.0,283944.0,3.6666666666666665,3.333333333333333,1.111111111111111,0.0,0.0,0.0,0.0,0.0,153140.0,130804.0,0.8377595418660677,1.0,0.0,0.0,2.0,3.0,0.01171875,1.0,3.0,1.584962500721156,0.3333333333333333,2.859375,128.0,31.0,0.8050314465408805,1.0,0
12.438347807319332,1206.505221772102,127.45299145299144,0.269166359754328,2.102564102564102,217.30769230769232,0.0,0.0,0.0,62.7948717948718,4.737474500021181,0.2427663131331264,0.4903530693361554,3.0,64.7948717948718,151.6153846153846,2.339557050548098,0.0,1.0,0.0,1.0,1.0,0.1358885017421602,1.0,1.0,0.0,1.0,0.2857142857142857,7.552631578947368,6.455097408132308,0.5391760210319386,39.0,4
111.3469445370714,6680.816672224282,60.0,0.0473088897732372,2.0,120.0,1.0,0.0939226519337016,1.0,0.0,0.0,0.0,0.0,0.0,5.6353591160221,60.0,0.0939226519337016,1.0,0.0,0.0,181.0,1.0,43.301435406698566,1.0,1.0,0.0,1.0,86.60287081339713,0.0232222222222222,0.0151897463791114,0.6045569406566671,1.0,2
935.2925642078734,56117.5538524724,60.0,0.2198220586306786,116.0,6960.0,113.41304347826087,2.5869565217391304,57.22355072463768,0.0,0.0,0.0,0.0,0.0,155.2173913043478,6804.782608695652,35.15833333333333,1.0,0.0,0.0,1.0,1.0,50.82872928176796,0.0217391304347826,46.0,5.5235619560570095,1.0,5896.132596685083,0.0201111111111111,0.0173002533343329,0.5375668973645313,46.0,1
1022.9338863831554,61376.03318298932,60.0,0.2479596955037204,124.35593220338984,7461.35593220339,122.16949152542372,2.1864406779661016,75.7870056497175,0.0,0.0,0.0,0.0,0.0,131.1864406779661,7330.169491525424,53.1090395480226,1.0,0.0,0.0,1.0,1.0,63.10160427807486,0.0169491525423728,59.0,5.882643049361836,1.0,7847.058823529412,0.0161206896551724,0.0171153063036921,0.4850370566636437,59.0,1
10.296171393123648,1011.4940402555692,122.63095238095238,0.2824432894742159,2.0476190476190474,213.64285714285717,0.0,0.0,0.0,60.35714285714285,4.715758891316747,0.2277528427604332,0.4999443152738759,3.0,63.61904761904762,149.04761904761904,2.343158251981659,0.0,1.0,0.0,1.0,1.0,0.1468531468531468,1.0,1.0,0.0,1.0,0.3006993006993007,6.975609756097561,6.612950357675124,0.5133442909103689,42.0,4
10.55619618315284,1163.8321002439648,114.21666666666668,1.113759213976949,11.142857142857142,1180.2857142857142,1.0,1.0,1.0,0.0,0.0,0.0,0.0,0.0,492.57142857142856,687.7142857142857,1.4639370824742546,1.0,0.0,0.0,1.0,1.0,0.0083570697593886,1.0,1.0,0.0,1.0,0.0931216344617591,139.60236066666667,43.56310327694418,0.7621652994018814,7.0,3
881.1825142923702,52870.95085754221,60.0,0.2314345861887143,130.36111111111111,7821.666666666667,127.94444444444444,2.4166666666666665,69.40601851851852,0.0,0.0,0.0,0.0,0.0,145.0,7676.666666666667,50.29490740740741,1.0,0.0,0.0,1.0,1.0,38.79310344827586,0.0277777777777777,36.0,5.1699250014423095,1.0,5057.112068965517,0.0265142857142857,0.0263356048275457,0.5016904565450188,36.0,1
797.107908688139,47826.474521288335,60.0,0.2770842281137339,129.94871794871796,7796.923076923077,127.73076923076924,2.217948717948718,78.31880341880343,0.0,0.0,0.0,0.0,0.0,133.07692307692307,7663.846153846154,43.4982905982906,1.0,0.0,0.0,1.0,1.0,81.50470219435736,0.0128205128205128,78.0,6.285402218862257,1.0,10591.4315569488,0.0124285714285714,0.0111721227405812,0.5266188926263119,78.0,1
1203.07879527646,72184.72771658761,60.0,0.2294587244209087,120.45,7227.0,117.8,2.65,61.14083333333333,0.0,0.0,0.0,0.0,0.0,159.0,7068.0,33.69083333333333,1.0,0.0,0.0,1.0,1.0,43.05705059203444,0.025,40.0,5.321928094887364,1.0,5186.221743810549,0.0238205128205128,0.0267752964932438,0.4708001145469605,40.0,1
93.41434159341507,5604.860495604904,60.0,0.0524390913907488,1.9649122807017545,117.89473684210526,1.0,0.0643274853801169,1.0,0.0,0.0,0.0,0.0,0.0,3.8596491228070176,60.0,0.0643274853801169,1.0,0.0,0.0,171.0,1.0,22.92225201072386,1.0,1.0,0.0,1.0,45.0402144772118,0.0438823529411764,0.0386871043310622,0.5314598689499986,1.0,2
15.487071774541716,1558.1345218352324,120.72727272727276,0.1993489563903022,2.272727272727273,218.54545454545453,0.0,0.0,0.0,63.72727272727273,4.774397825846493,0.251453305211659,0.4902575230236815,3.0,65.0909090909091,152.45454545454547,2.3426248198907427,0.0,1.0,0.0,1.0,1.0,0.0450819672131147,1.0,1.0,0.0,1.0,0.1024590163934426,24.4,18.69866305381216,0.5661428515667558,11.0,4
5.237979849401479,4954.840317043368,830.25,39.46057061959309,217.75,210226.5,3.25,2.5,1.5,0.0,0.0,0.0,0.0,0.0,102390.5,107836.0,1.1513350838908338,1.0,0.0,0.0,2.0,3.0,0.0264900662251655,0.75,4.0,2.0,0.5,5.768211920529802,50.333333333333336,18.37268503936089,0.7325898738637614,2.0,0
93.31178659017375,130638.25986145,1400.0266813103713,187.24259331158925,16421.0,22989766.5,1.0,1.0,1.0,0.0,0.0,0.0,0.0,0.0,48864.0,22940902.5,469.13369058330414,1.0,0.0,0.0,1.0,1.0,0.0037174721189591,1.0,1.0,0.0,1.0,61.04460966542751,538.0,0.0,1.0,2.0,5
10.6788608870901,1290.2207959055163,135.21484979666795,1.1958674973082382,10.363636363636363,1219.6363636363635,1.0,1.0,1.0,0.0,0.0,0.0,0.0,0.0,491.6363636363636,728.0,1.5009232742368417,1.0,0.0,0.0,1.0,1.0,0.0091651357758499,1.0,1.0,0.0,1.0,0.0949841344042632,120.0200441,2.159740600401467,0.98232325743823,11.0,3
93.03377138274556,5582.026282964734,60.0,0.0463673163891024,2.0310880829015545,121.86528497409329,1.0,0.082901554404145,1.0,0.0,0.0,0.0,0.0,0.0,4.974093264248705,60.0,0.082901554404145,1.0,0.0,0.0,193.0,1.0,26.955307262569832,1.0,1.0,0.0,1.0,54.7486033519553,0.0372916666666666,0.0273472715986236,0.576922636222994,1.0,2
10.590509176306046,1022.2256476620964,125.74444444444444,0.283392614518142,2.066666666666667,217.8,0.0,0.0,0.0,61.46666666666667,4.698689236586003,0.2268137176080998,0.4864007279993279,3.0,64.93333333333334,151.86666666666667,2.3396437816542903,0.0,1.0,0.0,1.0,1.0,0.0530035335689045,1.0,1.0,0.0,1.0,0.1095406360424028,20.214285714285715,16.406351433116953,0.5519916442993789,15.0,4
349.3412616430551,489084.1817296074,1400.050440427828,130.8895354552503,33766.5,47273894.5,1.0,1.0,1.0,0.0,0.0,0.0,0.0,0.0,23048.5,47250846.0,3184.3974043918856,1.0,0.0,0.0,1.0,1.0,0.0289855072463768,1.0,1.0,0.0,1.0,978.7391304347826,46.0,35.95367389665021,0.5612927134665066,4.0,5
140.6940938937805,196973.5356401437,1400.0103629184534,181.78907798583256,24042.666666666668,33659995.666666664,1.0,1.0,1.0,0.0,0.0,0.0,0.0,0.0,22144.33333333333,33637851.333333336,2122.452517310881,1.0,0.0,0.0,1.0,1.0,0.0144927536231884,1.0,1.0,0.0,1.0,348.44444444444446,103.5,86.5,0.5447368421052631,3.0,5
226.6471720435372,317309.88021631737,1400.0209620141984,161.68552002878025,37407.5,52371066.75,1.0,1.0,1.0,0.0,0.0,0.0,0.0,0.0,19012.0,52352054.75,3204.892094991339,1.0,0.0,0.0,1.0,1.0,0.0128617363344051,1.0,1.0,0.0,1.0,481.1254019292605,103.66666666666669,37.72119946248911,0.7332076613418061,4.0,5
89.81684990551597,5389.010994330957,60.0,0.0531633182009158,1.9464285714285716,116.78571428571428,1.0,0.1071428571428571,1.0,0.0,0.0,0.0,0.0,0.0,6.428571428571429,60.0,0.1071428571428571,1.0,0.0,0.0,168.0,1.0,17.702845100105375,1.0,1.0,0.0,1.0,34.457323498419385,0.0568263473053892,0.0492590588083225,0.5356660203051654,1.0,2
9.172383413129332,1175.2069015378863,127.98353174603176,1.2539871623408605,10.375,1260.5,1.0,1.0,1.0,0.0,0.0,0.0,0.0,0.0,513.75,746.75,1.4644121488103787,1.0,0.0,0.0,1.0,1.0,0.0095076540275368,1.0,1.0,0.0,1.0,0.0986419105356948,120.20390514285714,1.4010535714780017,0.9884786476942174,8.0,3
106.230096070854,6373.80576425124,60.0,0.0469284771434511,2.034090909090909,122.04545454545456,1.0,0.1477272727272727,1.0,0.0,0.0,0.0,0.0,0.0,8.863636363636363,60.0,0.1477272727272727,1.0,0.0,0.0,88.0,1.0,13.114754098360656,1.0,1.0,0.0,1.0,26.67660208643815,0.0771264367816091,0.0641819977978752,0.5458020748098119,1.0,2
18.475938846223958,16940.88995145177,971.2857142857144,20.166043795677016,261.57142857142856,242808.14285714287,1.7142857142857142,1.4285714285714286,0.7619047619047619,5.571428571428571,1.304321305484711,0.0,0.2976190476190475,1.2857142857142858,118746.14285714286,124062.0,1.127951791482204,0.5714285714285714,0.2857142857142857,0.1428571428571428,4.0,4.0,0.0346534653465346,0.8,5.0,2.235926350629033,0.2857142857142857,9.064356435643564,33.666666666666664,26.221280585729517,0.5621609724704603,1.0,0
10.659144571207564,9550.132170433537,773.75,32.55332478797824,301.0,256766.25,1.5,1.5,0.5,4.5,0.8480368059161335,0.0,0.1527777777777778,0.75,123892.25,132874.0,1.0935206107264603,0.5,0.5,0.0,3.0,3.0,0.0156862745098039,1.0,3.0,1.5,0.5,4.7215686274509805,85.0,92.10139340241638,0.4799510515812817,1.0,0
9.62276041148657,990.915115856031,112.48148148148148,0.2975757978662497,2.1666666666666665,205.0,0.0,0.0,0.0,61.61111111111112,4.698931883875385,0.217094782108741,0.4861092566887957,3.0,61.05555555555556,143.0,2.342306207006468,0.0,1.0,0.0,1.0,1.0,0.060200668896321,1.0,1.0,0.0,1.0,0.1304347826086956,17.58823529411765,19.41818075785259,0.4752752946791031,18.0,4
193.3047359996467,270630.9567889219,1400.0319125565768,217.53747464388195,36414.333333333336,50980944.333333336,1.0,1.0,1.0,0.0,0.0,0.0,0.0,0.0,20174.33333333333,50960770.0,2874.0145784454417,1.0,0.0,0.0,1.0,1.0,0.0053097345132743,1.0,1.0,0.0,1.0,193.3504424778761,282.5,150.5,0.6524249422632795,3.0,5
87.05186741810256,5223.112045086154,60.0,0.0475230353291459,2.017699115044248,121.06194690265488,1.0,0.0707964601769911,1.0,0.0,0.0,0.0,0.0,0.0,4.247787610619469,60.0,0.0707964601769911,1.0,0.0,0.0,113.0,1.0,14.41326530612245,1.0,1.0,0.0,1.0,29.081632653061224,0.07,0.052013047813574,0.5737091340178164,1.0,2
13.35890500182558,1234.8938843844069,102.98412698412696,0.2244499442815103,2.1904761904761907,205.8571428571429,0.0,0.0,0.0,63.19047619047619,4.730393558372111,0.209161673819136,0.4800547003099192,3.0,61.38095238095238,143.66666666666666,2.3411523314626512,0.0,1.0,0.0,1.0,1.0,0.0744680851063829,1.0,1.0,0.0,1.0,0.1631205673758865,14.1,9.863569333664158,0.5883931481022003,21.0,4
18.82563016223677,16930.808606456834,1125.0,32.214830906990414,254.5,235621.75,1.25,1.25,0.6875,3.0,0.75551380221855,0.0,0.1875,0.75,116859.5,118762.25,0.9914453992889488,0.75,0.25,0.0,2.0,4.0,0.0246913580246913,1.0,4.0,2.0,0.25,6.283950617283951,54.0,42.16633728461603,0.5615270532783254,1.0,0
8.264649883055817,1297.7977411828888,168.8652144152144,1.196076768403055,9.666666666666666,1472.4444444444443,1.0,1.0,1.0,0.0,0.0,0.0,0.0,0.0,603.2222222222222,869.2222222222222,1.4401124652084925,1.0,0.0,0.0,1.0,1.0,0.0093606283542693,1.0,1.0,0.0,1.0,0.0904860740912705,120.1842395,1.2572826334578693,0.989647011900294,9.0,3
9.7576801819953,7967.055395470443,908.2,30.142747719458207,217.0,189837.8,2.8,2.4,1.1,2.6,0.6477802513205262,0.0,0.1538461538461538,0.6,105456.6,84381.2,0.9281505545723792,1.0,0.0,0.0,3.0,5.0,0.0253807106598984,1.25,4.0,1.9219280948873625,0.2,5.50761421319797,49.25,27.2981226460722,0.6433861249310089,1.0,0
10.344947166729538,1166.1320894967262,146.66666666666666,0.2895683334557585,1.8205128205128205,212.6153846153846,0.0,0.0,0.0,61.07692307692308,4.727143486238662,0.2330248959188127,0.4969975561265191,3.0,63.256410256410255,148.4102564102564,2.346700790437297,0.0,1.0,0.0,1.0,1.0,0.1413043478260869,1.0,1.0,0.0,1.0,0.2572463768115942,7.263157894736842,7.077333018819997,0.5064790277068261,39.0,4
38.29485488642895,31464.50091865866,861.75,26.279774343866933,185.75,155543.5,1.5,1.0,1.125,3.75,0.8100559822354629,0.0,0.1666666666666666,0.75,75893.75,79649.75,1.0018936431032146,0.75,0.25,0.0,3.0,2.0,0.017391304347826,0.5,4.0,2.0,0.5,3.2304347826086954,76.66666666666667,95.72646214895624,0.4447199676308609,1.0,0
71.56362690041847,49941.07599359629,1055.1666666666667,27.098364228154527,346.5,360958.5,2.833333333333333,3.0,0.9194444444444444,4.0,0.9900585071547816,0.0,0.236111111111111,1.0,162109.0,198849.5,1.1667878989008746,0.8333333333333334,0.1666666666666666,0.0,4.0,4.0,0.0284360189573459,1.3333333333333333,3.0,1.4591479170272448,0.5,9.85308056872038,42.2,23.84449622030208,0.6389631599162342,2.0,0
8.808974879780374,6325.215425127751,705.0,39.31562410410358,350.6666666666667,252412.0,0.6666666666666666,0.0,0.6666666666666666,10.0,2.249038174850124,0.0,0.4888888888888889,2.0,139163.0,113249.0,0.8083620911880477,0.6666666666666666,0.3333333333333333,0.0,3.0,3.0,0.032258064516129,1.0,3.0,1.584962500721156,0.3333333333333333,11.311827956989248,46.5,36.5,0.5602409638554217,1.0,0
1133.936604514516,68036.19627087095,60.0,0.2243926793650474,122.671875,7360.3125,120.265625,2.40625,68.89375,0.0,0.0,0.0,0.0,0.0,144.375,7215.9375,42.909375,1.0,0.0,0.0,1.0,1.0,64.58123107971745,0.015625,64.0,6.0,1.0,7922.300706357215,0.0157301587301587,0.0154212864112556,0.5049575921357885,64.0,1
8.353939716151817,888.3290501046262,115.41698938316584,1.348450160066503,10.705882352941176,1071.0588235294117,1.0,1.0,1.0,0.0,0.0,0.0,0.0,0.0,430.2941176470589,640.7647058823529,1.4898071346059216,1.0,0.0,0.0,1.0,1.0,0.0088495089166222,1.0,1.0,0.0,1.0,0.0947418013426621,120.0631594375,1.5297954762515638,0.9874187161802532,17.0,3
857.0768079961748,51424.60847977049,60.0,0.2498890345481239,130.23809523809524,7814.285714285715,127.52380952380952,2.7142857142857144,68.77380952380952,0.0,0.0,0.0,0.0,0.0,162.85714285714286,7651.428571428572,50.70238095238095,1.0,0.0,0.0,1.0,1.0,42.988741044012286,0.0238095238095238,42.0,5.3923174227787625,1.0,5598.771750255885,0.0238292682926829,0.0216253041022174,0.5242435917262386,42.0,1
9.904371728254368,984.9780247553998,125.20588235294116,0.2665108770503992,2.147058823529412,218.91176470588235,0.0,0.0,0.0,62.35294117647059,4.739020587863686,0.2261136699792755,0.495004481679011,3.0,65.23529411764706,152.76470588235293,2.3420233446570933,0.0,1.0,0.0,1.0,1.0,0.1205673758865248,1.0,1.0,0.0,1.0,0.2588652482269503,8.545454545454545,8.202331187814872,0.5102438424728011,34.0,4
19.865855843526685,14657.038615611702,934.6,34.77590798914649,310.6,277093.6,1.6,1.8,0.5599999999999999,2.4,0.5710777084415067,0.0,0.1333333333333333,0.6,129370.6,147723.0,1.1154776967811326,0.6,0.2,0.2,3.0,3.0,0.0704225352112676,0.75,4.0,1.9219280948873625,0.4,21.87323943661972,17.75,12.968712349342937,0.5778236990581302,1.0,0
15.138219070577591,16262.889233879598,1150.3333333333333,23.782754725666987,228.83333333333331,251846.16666666663,2.5,2.5,0.986111111111111,4.5,1.0819755160549456,0.0,0.2611111111111111,1.0,115293.33333333331,136552.83333333334,1.163105886618785,0.8333333333333334,0.1666666666666666,0.0,4.0,4.0,0.029126213592233,0.6666666666666666,6.0,2.584962500721156,0.3333333333333333,6.665048543689321,41.2,46.38275541621045,0.4704122381650305,1.0,0
707.4053638760536,42444.32183256321,60.0,0.2858126732745411,121.46511627906976,7287.906976744186,119.46511627906976,2.0,73.84147286821705,0.0,0.0,0.0,0.0,0.0,120.0,7167.906976744186,40.93449612403101,1.0,0.0,0.0,1.0,1.0,47.14912280701754,0.0232558139534883,43.0,5.426264754702098,1.0,5726.973684210526,0.0217142857142857,0.0235597373603738,0.479619089261795,43.0,1
27.631943739970712,40346.08969282555,1431.0,33.63109318953768,283.0,405762.8,2.2,2.6,0.6599999999999999,6.6,1.3164090638257642,0.0,0.2666666666666666,1.2,197273.2,208489.6,1.1327196899219687,0.8,0.2,0.0,2.0,3.0,0.03125,0.6,5.0,2.321928094887362,0.4,8.84375,40.0,20.359273071502333,0.6626985045465261,1.0,0
1029.0475566358211,61742.85339814925,60.0,0.2464639723323393,135.66666666666666,8140.0,133.25641025641025,2.41025641025641,75.29807692307693,0.0,0.0,0.0,0.0,0.0,144.6153846153846,7995.384615384615,50.38782051282051,1.0,0.0,0.0,1.0,1.0,79.75460122699387,0.0128205128205128,78.0,6.285402218862257,1.0,10820.040899795502,0.0127012987012987,0.0145950222212249,0.4653117442951142,78.0,1
129.96134022496943,7797.680413498167,60.0,0.0515573027437618,1.9387755102040816,116.3265306122449,1.0,0.1122448979591836,1.0,0.0,0.0,0.0,0.0,0.0,6.73469387755102,60.0,0.1122448979591836,1.0,0.0,0.0,98.0,1.0,20.0,1.0,1.0,0.0,1.0,38.77551020408163,0.0505154639175257,0.0536766019408717,0.4848302363653957,1.0,2
1087.2461379502329,65234.76827701399,60.0,0.1934545613443716,127.1891891891892,7631.351351351352,124.70270270270272,2.4864864864864864,72.0608108108108,0.0,0.0,0.0,0.0,0.0,149.1891891891892,7482.162162162162,47.03378378378378,1.0,0.0,0.0,1.0,1.0,37.37373737373738,0.027027027027027,37.0,5.209453365628954,1.0,4753.535353535353,0.0275,0.0205094829015479,0.5728035033494042,37.0,1
12.307815921423742,1298.8913961188937,134.99999999999997,0.2697043646670695,1.9090909090909087,213.9090909090909,0.0,0.0,0.0,60.63636363636363,4.714176293412899,0.2298797587907709,0.5005423410384343,3.0,63.63636363636363,149.27272727272728,2.3455782249735653,0.0,1.0,0.0,1.0,1.0,0.0833333333333333,1.0,1.0,0.0,1.0,0.1590909090909091,12.571428571428571,13.332993192940332,0.4853004898461142,22.0,4
85.0751272220535,5104.507633323209,60.0,0.0501920343609698,1.9481865284974091,116.89119170984456,1.0,0.1036269430051813,1.0,0.0,0.0,0.0,0.0,0.0,6.217616580310881,60.0,0.1036269430051813,1.0,0.0,0.0,193.0,1.0,57.61194029850746,1.0,1.0,0.0,1.0,112.23880597014924,0.0174479166666666,0.0115130087579104,0.6024640584122997,1.0,2
96.7755286287705,5806.53171772623,60.0,0.0513133002325526,1.955974842767296,117.35849056603772,1.0,0.0754716981132075,1.0,0.0,0.0,0.0,0.0,0.0,4.528301886792453,60.0,0.0754716981132075,1.0,0.0,0.0,159.0,1.0,41.514360313315926,1.0,1.0,0.0,1.0,81.20104438642298,0.0242405063291139,0.019882385302404,0.5493861674242222,1.0,2
11.287127224894194,1104.613201553998,118.84000000000002,0.2623265136833799,2.08,204.84,0.0,0.0,0.0,60.72,4.675360905406922,0.2295729882032346,0.4850464566790147,3.0,60.92,142.96,2.3470970655842347,0.0,1.0,0.0,1.0,1.0,0.0950570342205323,1.0,1.0,0.0,1.0,0.1977186311787072,10.958333333333334,10.533593746780925,0.5098813751081774,25.0,4
1474.4341928083943,88466.05156850368,60.0,0.19458689657893,132.36507936507937,7941.9047619047615,129.87301587301587,2.492063492063492,75.83835978835978,0.0,0.0,0.0,0.0,0.0,149.52380952380952,7792.380952380952,51.91772486772487,1.0,0.0,0.0,1.0,1.0,63.06306306306306,0.0158730158730158,63.0,5.97727992349992,1.0,8347.347347347348,0.0161129032258064,0.0178633747116105,0.4742397991765248,63.0,1
107.35193604281012,6441.116162568607,60.0,0.0454806893252734,2.085561497326203,125.1336898395722,1.0,0.1122994652406417,1.0,0.0,0.0,0.0,0.0,0.0,6.737967914438503,60.0,0.1122994652406417,1.0,0.0,0.0,187.0,1.0,24.380704041720996,1.0,1.0,0.0,1.0,50.84745762711864,0.0412365591397849,0.032496119817822,0.5592711362555286,1.0,2
10.56653311056383,1136.372529284603,118.15789473684212,0.2631641190596289,2.0,198.31578947368425,0.0,0.0,0.0,58.578947368421055,4.688418898791468,0.258798130362608,0.5095534503577362,3.0,59.05263157894737,138.52631578947367,2.3467968212714108,0.0,1.0,0.0,1.0,1.0,0.0725190839694656,1.0,1.0,0.0,1.0,0.1450381679389313,14.555555555555555,15.17022750222078,0.489660962917772,19.0,4
10.164669008469671,982.297497229101,120.1010101010101,0.2588806182772556,2.090909090909091,205.33333333333331,0.0,0.0,0.0,61.84848484848485,4.695350351729281,0.234503729705707,0.4851310012810924,3.0,61.15151515151515,143.27272727272728,2.3426047117054827,0.0,1.0,0.0,1.0,1.0,0.1204379562043795,1.0,1.0,0.0,1.0,0.2518248175182482,8.5625,8.143008887997114,0.5125554724137823,33.0,4
7.404572236706936,7167.986837371574,1000.25,31.974935577262027,235.0,228249.75,1.25,1.5,0.2083333333333333,3.75,0.8433893155687964,0.0,0.1833333333333333,0.75,122152.0,106097.75,0.8746886469910065,0.25,0.75,0.0,3.0,3.0,0.0222222222222222,1.0,3.0,1.5,0.5,5.222222222222222,60.0,36.03701800463888,0.6247590902614429,1.0,0
112.4477053371808,6746.862320230846,60.0,0.051871165613532,2.0864864864864865,125.1891891891892,1.0,0.0864864864864864,1.0,0.0,0.0,0.0,0.0,0.0,5.1891891891891895,60.0,0.0864864864864864,1.0,0.0,0.0,185.0,1.0,33.39350180505415,1.0,1.0,0.0,1.0,69.67509025270758,0.0301086956521739,0.0231251117608294,0.5655935037406195,1.0,2
212.01409556225207,296824.73970139166,1400.023306202077,133.59065469369747,27448.0,38427789.0,1.0,1.0,1.0,0.0,0.0,0.0,0.0,0.0,35979.5,38391809.5,1031.0541524471932,1.0,0.0,0.0,1.0,1.0,0.0056179775280898,1.0,1.0,0.0,1.0,154.20224719101122,356.0,0.0,1.0,2.0,5
6.362885052805102,6520.815465583973,1084.8,39.47260427781508,172.4,188079.6,2.0,2.4,0.52,0.0,0.0,0.0,0.0,0.0,90036.2,98043.4,1.0934600759718447,0.6,0.4,0.0,4.0,5.0,0.0204918032786885,1.25,4.0,1.9219280948873625,0.2,3.5327868852459017,61.0,35.937445652132816,0.6292717905823825,1.0,0
9.185803155711888,947.7142955799424,148.0320512820513,0.2769340581382543,1.7692307692307692,211.42307692307693,0.0,0.0,0.0,60.57692307692308,4.719952428266619,0.2252562679295855,0.4946423930442435,3.0,63.03846153846154,147.5,2.340645062918263,0.0,1.0,0.0,1.0,1.0,0.0899653979238754,1.0,1.0,0.0,1.0,0.1591695501730103,11.56,14.054408561017429,0.4513084880512589,26.0,4
10.589181616726114,1092.3192613646988,134.43478260869568,0.2884372144307724,1.9130434782608696,207.91304347826087,0.0,0.0,0.0,59.78260869565217,4.707510076303086,0.2326333584170834,0.5004148626996806,3.0,61.91304347826087,145.04347826086956,2.3428996533081228,0.0,1.0,0.0,1.0,1.0,0.0790378006872852,1.0,1.0,0.0,1.0,0.1512027491408934,13.227272727272728,11.696665485131838,0.5307055656513205,23.0,4
302.7050632557379,423790.3296745825,1400.0107071765322,157.66171694221026,47725.0,66815511.0,1.0,1.0,1.0,0.0,0.0,0.0,0.0,0.0,9253.0,66806258.0,7219.95655463093,1.0,0.0,0.0,1.0,1.0,1.0,1.0,1.0,0.0,1.0,47725.0,0.0,0.0,0.0,0.0,5
427.9011156416146,523428.1179244642,1109.2,12.150980040954952,291.4,339187.4,2.6,2.4,0.8666666666666666,4.8,1.188070208585738,0.0,0.2833333333333333,1.2,184266.2,154921.2,0.9106618577446982,0.8,0.2,0.0,3.0,3.0,0.0259067357512953,0.75,4.0,1.9219280948873625,0.4,7.549222797927461,48.25,70.46763441467296,0.4064265619669096,1.0,0
316.1845014822688,442664.34310242505,1400.016212263799,146.6292898812003,35790.25,50106820.75,1.0,1.0,1.0,0.0,0.0,0.0,0.0,0.0,18395.0,50088425.75,3532.6886888023155,1.0,0.0,0.0,1.0,1.0,0.0118343195266272,1.0,1.0,0.0,1.0,423.5532544378698,112.66666666666669,61.0482504981829,0.6485722038467764,4.0,5
117.21785489623494,7033.071293774096,60.0,0.0509017862935967,2.063492063492064,123.8095238095238,1.0,0.0952380952380952,1.0,0.0,0.0,0.0,0.0,0.0,5.714285714285714,60.0,0.0952380952380952,1.0,0.0,0.0,126.0,1.0,30.95823095823096,1.0,1.0,0.0,1.0,63.88206388206388,0.03256,0.025200126983807,0.5637106720545844,1.0,2
817.8602675233293,49071.61605139975,60.0,0.2856985708189395,126.13636363636364,7568.181818181818,123.5909090909091,2.5454545454545454,63.63257575757576,0.0,0.0,0.0,0.0,0.0,152.72727272727272,7415.454545454545,46.42045454545455,1.0,0.0,0.0,1.0,1.0,66.59939455095862,0.0151515151515151,66.0,6.044394119358462,1.0,8400.605449041372,0.0152461538461538,0.0139295267678529,0.5225637765870803,66.0,1
496.8458831188633,695593.3277245229,1400.0208082209192,159.2529278708541,50190.5,70267761.5,1.0,1.0,1.0,0.0,0.0,0.0,0.0,0.0,16598.0,70251163.5,4288.4117591664535,1.0,0.0,0.0,1.0,1.0,0.0294117647058823,1.0,1.0,0.0,1.0,1476.1911764705883,68.0,0.0,1.0,2.0,5
10.520248725427557,868.4960195340816,114.73215007215008,1.2261050628282573,10.6,960.5,1.0,1.0,1.0,0.0,0.0,0.0,0.0,0.0,395.7,564.8,1.4615869087366566,1.0,0.0,0.0,1.0,1.0,0.0092370789884765,1.0,1.0,0.0,1.0,0.0979130372778515,120.28814655555556,1.401820758010024,0.9884803916957438,10.0,3
419.9545046161992,587946.7948414042,1400.018705541163,147.4118989823179,40216.75,56304199.25,1.0,1.0,1.0,0.0,0.0,0.0,0.0,0.0,11895.5,56292303.75,5578.913915494532,1.0,0.0,0.0,1.0,1.0,0.016260162601626,1.0,1.0,0.0,1.0,653.930894308943,82.0,46.39683897278636,0.638645006029937,4.0,5
1135.160048279116,68109.60289674696,60.0,0.2373547481247061,132.95384615384614,7977.2307692307695,130.58461538461538,2.3692307692307693,74.6248717948718,0.0,0.0,0.0,0.0,0.0,142.15384615384616,7835.076923076923,41.05564102564103,1.0,0.0,0.0,1.0,1.0,67.14876033057851,0.0153846153846153,65.0,6.022367813028458,1.0,8927.685950413223,0.015125,0.0147738155193572,0.5058728828306832,65.0,1
9.936886413723624,1098.2881145771782,129.61281135531135,1.1922858953120516,10.2,1217.2,1.0,1.0,1.0,0.0,0.0,0.0,0.0,0.0,509.7,707.5,1.4123745667561556,1.0,0.0,0.0,1.0,1.0,0.0092761916501676,1.0,1.0,0.0,1.0,0.0946171548317097,119.78095677777776,1.587180410683731,0.9869225939571014,10.0,3
13.672785892887598,11498.901922836823,844.0,25.59720812448192,288.8,234502.6,2.0,2.2,0.7333333333333333,7.8,1.8452979527146527,0.0,0.42,1.8,113802.0,120700.6,1.090569358467225,0.8,0.2,0.0,4.0,3.0,0.0247524752475247,0.6,5.0,2.321928094887362,0.4,7.148514851485149,50.5,45.88300338905464,0.5239513007926752,2.0,0
84.7639916437438,5085.839498624628,60.0,0.0478363539426942,2.0347222222222223,122.08333333333331,1.0,0.1458333333333333,1.0,0.0,0.0,0.0,0.0,0.0,8.75,60.0,0.1458333333333333,1.0,0.0,0.0,144.0,1.0,31.372549019607845,1.0,1.0,0.0,1.0,63.83442265795208,0.032097902097902,0.0249153292565529,0.562990403023244,1.0,2
11.718214718688111,1536.0496886870894,145.48418803418804,1.1400336008143483,10.666666666666666,1426.2222222222222,1.0,1.0,1.0,0.0,0.0,0.0,0.0,0.0,591.6666666666666,834.5555555555555,1.421462210731141,1.0,0.0,0.0,1.0,1.0,0.0093830602833599,1.0,1.0,0.0,1.0,0.100085976355839,119.896917,0.9635580459706372,0.9920275173036996,9.0,3
75.03424475076129,4502.054685045678,60.0,0.0511899563637216,1.9140625,114.84375,1.0,0.1328125,1.0,0.0,0.0,0.0,0.0,0.0,7.96875,60.0,0.1328125,1.0,0.0,0.0,128.0,1.0,19.076005961251862,1.0,1.0,0.0,1.0,36.51266766020864,0.0528346456692913,0.0500849300388892,0.5133585647408743,1.0,2
497.81305861376046,696946.0252976917,1400.0163323784102,120.9012276065622,56654.333333333336,79316910.0,1.0,1.0,1.0,0.0,0.0,0.0,0.0,0.0,28251.33333333333,79288658.66666667,2820.262662112871,1.0,0.0,0.0,1.0,1.0,0.008,1.0,1.0,0.0,1.0,453.2346666666666,187.5,87.5,0.6818181818181818,3.0,5
9.256556867677462,988.0973006663468,120.73287337662336,1.3187452188412978,10.125,1086.125,1.0,1.0,1.0,0.0,0.0,0.0,0.0,0.0,434.6875,651.4375,1.515655269898804,1.0,0.0,0.0,1.0,1.0,0.0088787176666957,1.0,1.0,0.0,1.0,0.0898970163752942,120.1374688,1.4869652916475773,0.9877741236557196,16.0,3
10.68918044915193,1004.8927487380518,121.6206896551724,0.2652284011407359,2.103448275862069,202.0344827586207,0.0,0.0,0.0,60.41379310344828,4.688388688560762,0.2097982046513934,0.4963954230322031,3.0,60.06896551724138,141.0344827586207,2.348647569707191,0.0,1.0,0.0,1.0,1.0,0.1003460207612456,1.0,1.0,0.0,1.0,0.2110726643598615,10.321428571428571,9.21200137797184,0.5283981665363072,29.0,4
7.701386328222774,1079.621483995607,148.5897435897436,0.2861309963670306,1.7692307692307692,218.3846153846154,0.0,0.0,0.0,62.69230769230769,4.712515538690517,0.2300815190798708,0.4839719703121081,3.0,65.15384615384616,152.3846153846154,2.3393533258406363,0.0,1.0,0.0,1.0,1.0,0.0434782608695652,1.0,1.0,0.0,1.0,0.0769230769230769,24.916666666666668,30.606258437704454,0.4487635804458916,13.0,4
232.97247955209616,326168.5515608638,1400.0315915583549,154.24537369236026,37128.0,51980083.0,1.0,1.0,1.0,0.0,0.0,0.0,0.0,0.0,30224.5,51949858.5,1651.4831377493065,1.0,0.0,0.0,1.0,1.0,0.0064102564102564,1.0,1.0,0.0,1.0,238.0,312.0,0.0,1.0,2.0,5
20.53637776536949,19619.74197231239,778.0,21.642840778321904,178.0,158808.0,1.25,1.75,0.3541666666666666,6.25,1.5620339881640797,0.0,0.3782051282051282,1.5,87712.0,71096.0,1.0321947616296276,0.5,0.5,0.0,4.0,3.0,0.0211640211640211,1.0,3.0,1.5,0.5,3.767195767195767,63.0,21.27596452964393,0.7475440993361737,1.0,0
9.175035563478694,1116.8168784492862,138.7051282051282,0.2734462862078982,1.9230769230769231,215.48717948717947,0.0,0.0,0.0,60.41025641025641,4.700758236790784,0.223931103339655,0.4960162465209101,3.0,64.25641025641026,150.30769230769232,2.3394895229358394,0.0,1.0,0.0,1.0,1.0,0.1397849462365591,1.0,1.0,0.0,1.0,0.2688172043010752,7.342105263157895,5.644169398542711,0.5653742473822294,39.0,4
9.40320293981278,1070.1772351014192,139.64912280701756,0.258348195684013,1.736842105263158,205.31578947368425,0.0,0.0,0.0,61.578947368421055,4.674408142909693,0.2240147922662407,0.4749577952249107,3.0,61.10526315789474,143.26315789473685,2.3450217831903144,0.0,1.0,0.0,1.0,1.0,0.0662020905923344,1.0,1.0,0.0,1.0,0.1149825783972125,15.944444444444445,16.797725448611,0.4869696937167941,19.0,4
346.145116687927,354620.01212701265,1003.6,29.303089799416988,311.8,295383.6,1.6,1.4,0.9,3.0,0.674711452455037,0.0,0.1466666666666666,0.6,128473.8,166909.8,1.2723534815466793,0.8,0.2,0.0,3.0,3.0,0.025,1.0,3.0,1.521928094887362,0.4,7.795,50.0,66.49436066314195,0.4292053256086899,2.0,0
51.75948369866797,34165.56207344227,976.25,10.073741560462574,259.5,241818.75,1.0,0.75,0.3333333333333333,3.75,0.8308078571994051,0.0,0.1833333333333333,0.75,136019.5,105799.25,0.9658085406675748,0.25,0.75,0.0,3.0,4.0,0.0188679245283018,1.0,4.0,2.0,0.25,4.89622641509434,70.66666666666667,76.916982664573,0.4788244970691909,1.0,0
17.89837335107888,22851.372189428417,1249.0,32.555206721978976,438.0,545056.0,3.5,3.5,1.0416666666666663,0.0,0.0,0.0,0.0,0.0,290216.0,254840.0,0.8939390323041755,1.0,0.0,0.0,1.0,1.0,0.0153846153846153,0.5,2.0,1.0,1.0,6.7384615384615385,130.0,0.0,1.0,2.0,0
64.08625378629418,3845.175227177651,60.0,0.0504998630592988,1.9047619047619049,114.28571428571428,1.0,0.1309523809523809,1.0,0.0,0.0,0.0,0.0,0.0,7.857142857142857,60.0,0.1309523809523809,1.0,0.0,0.0,84.0,1.0,15.849056603773583,1.0,1.0,0.0,1.0,30.18867924528302,0.0638554216867469,0.0565010144977947,0.530552612814473,1.0,2
11.488186769499585,1123.2250237891324,118.4702380952381,0.283370560570453,2.1785714285714284,213.6071428571429,0.0,0.0,0.0,63.035714285714285,4.742676123847744,0.2425041989981817,0.4863657428078528,3.0,63.67857142857143,148.96428571428572,2.339625275355796,0.0,1.0,0.0,1.0,1.0,0.1007194244604316,1.0,1.0,0.0,1.0,0.2194244604316546,10.296296296296296,9.808593416035624,0.5121289618405995,28.0,4
12.65914561162822,1356.5603394956927,119.7843137254902,0.2530893741065845,2.0588235294117645,212.2941176470588,0.0,0.0,0.0,62.47058823529412,4.785369204201462,0.2365320157064905,0.5050936139483575,3.0,63.23529411764706,148.11764705882354,2.3420604678051937,0.0,1.0,0.0,1.0,1.0,0.0622710622710622,1.0,1.0,0.0,1.0,0.1282051282051282,17.0625,21.402303468318543,0.4435873437921889,17.0,4
7.857367173369792,7568.620627188255,948.0,39.35260585469896,172.66666666666666,179195.0,2.0,2.333333333333333,0.6,8.0,1.9591479170272443,0.0,0.4722222222222221,2.0,75247.66666666667,103947.33333333331,1.3084500352163997,0.6666666666666666,0.3333333333333333,0.0,3.0,3.0,0.0217391304347826,1.0,3.0,1.584962500721156,0.3333333333333333,3.753623188405797,69.0,19.0,0.7840909090909092,1.0,0
13.617709025956124,14565.077149883567,1127.5,17.243451581420498,243.75,272681.75,0.0,0.0,0.0,8.25,1.6121779964488718,0.0,0.3166666666666666,1.5,150226.0,122455.75,0.906592629796798,0.0,0.75,0.25,2.0,3.0,0.0161290322580645,1.0,3.0,1.5,0.5,3.931451612903226,82.66666666666667,78.07830826946893,0.5142721674472894,1.0,0
8.752393336715537,992.2404627573836,141.14674603174603,1.2663957362017464,10.2,1253.6,1.0,1.0,1.0,0.0,0.0,0.0,0.0,0.0,507.8,745.8,1.4406674418933685,1.0,0.0,0.0,1.0,1.0,0.0041778568682848,1.0,1.0,0.0,1.0,0.042614140056505,299.1964635,179.95559510515514,0.6244290473696005,5.0,3
10.113321805119822,1149.6265974999628,117.72174492174491,1.2911765745802386,10.818181818181818,1208.909090909091,1.0,1.0,1.0,0.0,0.0,0.0,0.0,0.0,476.27272727272725,732.6363636363636,1.5368264832565826,1.0,0.0,0.0,1.0,1.0,0.0091620918357011,1.0,1.0,0.0,1.0,0.0991171753134938,120.0599186,1.6612694544129332,0.9863518465357872,11.0,3
9.995694378431237,1050.8547084062068,104.50044836116264,1.2216422877309905,10.714285714285714,1080.7857142857142,1.0,1.0,1.0,0.0,0.0,0.0,0.0,0.0,433.57142857142856,647.2142857142857,1.501086932128036,1.0,0.0,0.0,1.0,1.0,0.0089770766346921,1.0,1.0,0.0,1.0,0.0961829639431305,119.96367199999996,1.6179579866664793,0.9866924140855496,14.0,3
12.379364955525109,12498.01121583635,902.5,27.14369053148404,300.0,284601.0,3.0,3.5,0.75,7.5,1.620111964470926,0.0,0.3333333333333333,1.5,143072.0,141529.0,1.091391850437735,1.0,0.0,0.0,1.0,2.0,0.021505376344086,1.0,2.0,1.0,0.5,6.451612903225806,93.0,0.0,1.0,1.0,0
5.553983111614231,6440.786757160329,1145.2,39.20493248922467,221.8,265714.0,1.4,1.6,0.5,6.0,1.3287552782104712,0.0,0.2888888888888889,1.2,123549.8,142164.2,1.1115631183760577,0.6,0.4,0.0,4.0,4.0,0.025,0.8,5.0,2.321928094887362,0.4,5.545,50.0,27.685736399814257,0.6436187943520548,1.0,0
85.9716784505807,5158.300707034841,60.0,0.0540133084225068,2.1,126.0,1.0,0.06,1.0,0.0,0.0,0.0,0.0,0.0,3.6,60.0,0.06,1.0,0.0,0.0,50.0,1.0,9.380863039399625,1.0,1.0,0.0,1.0,19.69981238273921,0.1087755102040816,0.0862751330565381,0.55767829516327,1.0,2
996.0488249051316,59762.92949430789,60.0,0.2632702321141465,128.82432432432432,7729.459459459459,126.45945945945944,2.364864864864865,73.8900900900901,0.0,0.0,0.0,0.0,0.0,141.8918918918919,7587.567567567567,48.52522522522523,1.0,0.0,0.0,1.0,1.0,76.28865979381443,0.0135135135135135,74.0,6.2094533656289554,1.0,9827.835051546392,0.0132876712328767,0.0113698465093129,0.5388892495914597,74.0,1
406.2849698355838,568803.3795219894,1400.0107280236584,157.63096117870376,56235.75,78730609.75,1.0,1.0,1.0,0.0,0.0,0.0,0.0,0.0,28759.0,78701850.75,3528.3925646873977,1.0,0.0,0.0,1.0,1.0,0.0130718954248366,1.0,1.0,0.0,1.0,735.1078431372549,102.0,76.40680597957227,0.5717270674734185,4.0,5
13.948507038954034,13011.302840580714,1057.0,19.97879563340804,253.0,257705.0,1.0,1.5,0.3333333333333333,0.0,0.0,0.0,0.0,0.0,127571.0,130134.0,0.99413417301149,0.5,0.5,0.0,1.0,1.0,0.0204081632653061,0.5,2.0,1.0,1.0,5.163265306122449,98.0,0.0,1.0,2.0,0
24.988305954729935,31777.361088093705,1308.0,18.425390604671517,435.5,572055.5,2.0,2.5,0.4,0.0,0.0,0.0,0.0,0.0,314730.5,257325.0,0.8368662839166359,0.5,0.5,0.0,2.0,2.0,0.0103092783505154,1.0,2.0,1.0,0.5,4.489690721649485,194.0,0.0,1.0,1.0,0
693.7531637365349,41625.18982419209,60.0,0.2553461343350509,122.27083333333331,7336.25,119.58333333333331,2.6875,60.46458333333334,0.0,0.0,0.0,0.0,0.0,161.25,7175.0,48.86041666666667,1.0,0.0,0.0,1.0,1.0,49.12998976458547,0.0208333333333333,48.0,5.5849625007211605,1.0,6007.1647901740025,0.0207872340425531,0.0236462728566058,0.4678278959553972,48.0,1
6.943756330350296,1351.8078279685649,203.79672364672368,1.3137061223456752,8.166666666666666,1562.0,1.0,1.0,1.0,0.0,0.0,0.0,0.0,0.0,633.3333333333334,928.6666666666666,1.4992615467584318,1.0,0.0,0.0,1.0,1.0,0.0099686424224088,1.0,1.0,0.0,1.0,0.0814105797830053,120.3774746,0.8141469275546289,0.9932821517090642,6.0,3
376.583788574876,527223.2379257466,1400.0195176575244,136.5384009695382,49285.66666666666,69000770.66666667,1.0,1.0,1.0,0.0,0.0,0.0,0.0,0.0,42187.333333333336,68958583.33333333,1687.594163257023,1.0,0.0,0.0,1.0,1.0,0.0258620689655172,1.0,1.0,0.0,1.0,1274.6293103448277,58.0,29.0,0.6666666666666666,3.0,5
11.924261450279712,1393.1487184490973,128.64600625069374,1.129977942440635,11.5625,1342.625,1.0,1.0,1.0,0.0,0.0,0.0,0.0,0.0,531.9375,810.6875,1.51668963103227,1.0,0.0,0.0,1.0,1.0,0.0088987896525937,1.0,1.0,0.0,1.0,0.102892255358115,119.8664884,1.5252880643262023,0.9874349967621204,16.0,3
8.345410208648806,934.7436055236816,163.1734371688917,1.3655477153991584,9.818181818181818,1241.2727272727273,1.0,1.0,1.0,0.0,0.0,0.0,0.0,0.0,493.3636363636364,747.9090909090909,1.5605680260356205,1.0,0.0,0.0,1.0,1.0,0.0091678703163605,1.0,1.0,0.0,1.0,0.0900118176515394,119.9842452,1.4501406754080652,0.988058236841615,11.0,3
1277.6216561513572,76657.29936908145,60.0,0.2502871418089592,120.03921568627452,7202.35294117647,117.4313725490196,2.607843137254902,64.30196078431372,0.0,0.0,0.0,0.0,0.0,156.47058823529412,7045.882352941177,43.75294117647059,1.0,0.0,0.0,1.0,1.0,52.46913580246914,0.0196078431372549,51.0,5.6724253419715005,1.0,6298.3539094650205,0.01944,0.0204510733214665,0.4873270729854936,51.0,1
14.328105341278778,10580.921466398226,852.8333333333334,30.80955042410116,303.6666666666667,254576.0,2.6666666666666665,2.833333333333333,0.7916666666666666,2.0,0.5419381945646371,0.0,0.1388888888888889,0.5,125554.33333333331,129021.66666666669,0.9784621686951523,0.8333333333333334,0.1666666666666666,0.0,5.0,4.0,0.0375,0.8,5.0,2.2516291673878226,0.3333333333333333,11.3875,32.0,20.5621010599598,0.6088036694632175,1.0,0
100.10216083047072,6006.1296498282445,60.0,0.0499152697285439,1.9947089947089949,119.68253968253968,1.0,0.1164021164021164,1.0,0.0,0.0,0.0,0.0,0.0,6.984126984126984,60.0,0.1164021164021164,1.0,0.0,0.0,189.0,1.0,31.97969543147208,1.0,1.0,0.0,1.0,63.79018612521151,0.0314361702127659,0.0267486561645501,0.5402812411763361,1.0,2
8.613755009975865,922.1310046606794,127.5,0.3080544270965784,1.947368421052632,209.52631578947367,0.0,0.0,0.0,63.78947368421053,4.729035655590501,0.2249567837029199,0.4775046806436047,3.0,62.47368421052632,146.26315789473685,2.341686831608369,0.0,1.0,0.0,1.0,1.0,0.0683453237410072,1.0,1.0,0.0,1.0,0.1330935251798561,15.444444444444445,10.641753313258436,0.5920542575003642,19.0,4
894.7283267790535,53683.69960674323,60.0,0.2659870891312103,120.9090909090909,7254.545454545455,118.95454545454544,1.9545454545454544,75.22424242424243,0.0,0.0,0.0,0.0,0.0,117.27272727272728,7137.272727272727,44.04242424242424,1.0,0.0,0.0,1.0,1.0,26.442307692307693,0.0454545454545454,22.0,4.459431618637295,1.0,3197.1153846153848,0.0396190476190476,0.0278951714382464,0.5868252372944729,22.0,1
18.788204561690357,20428.93559422658,1068.571428571429,31.46198172767428,290.0,310224.4285714286,1.7142857142857142,1.7142857142857142,0.8214285714285714,0.0,0.0,0.0,0.0,0.0,160340.7142857143,149883.7142857143,0.9998399316927786,0.7142857142857143,0.2857142857142857,0.0,4.0,5.0,0.0330188679245283,1.25,4.0,1.950212064914747,0.2857142857142857,9.575471698113208,35.333333333333336,12.970050972229146,0.7314877382052182,1.0,0
64.71054586225672,82353.96105637535,1122.1666666666667,29.59513233554021,257.8333333333333,272036.1666666667,3.0,3.0,0.9944444444444444,2.0,0.5419381945646371,0.0,0.1388888888888889,0.5,132200.83333333334,139835.33333333334,1.158606180647432,0.8333333333333334,0.1666666666666666,0.0,3.0,5.0,0.0317460317460317,1.25,4.0,1.9182958340544891,0.3333333333333333,8.185185185185185,37.8,50.86216668605458,0.4263374268062575,2.0,0
95.92062056315886,5755.237233789531,60.0,0.0516676821027736,1.929936305732484,115.79617834394904,1.0,0.10828025477707,1.0,0.0,0.0,0.0,0.0,0.0,6.496815286624204,60.0,0.10828025477707,1.0,0.0,0.0,157.0,1.0,18.73508353221957,1.0,1.0,0.0,1.0,36.15751789976133,0.0537179487179487,0.0470163357960791,0.5332638135774732,1.0,2
11.527045254259786,1253.5471945519948,135.5952380952381,0.2678940032777074,1.9285714285714288,209.3571428571429,0.0,0.0,0.0,62.19047619047619,4.708255964416718,0.2294175482150648,0.4838260143188414,3.0,62.35714285714285,146.04761904761904,2.342238488129569,0.0,1.0,0.0,1.0,1.0,0.1433447098976109,1.0,1.0,0.0,1.0,0.2764505119453925,7.146341463414634,8.417638205374086,0.4591590078818706,42.0,4
115.95300852686076,6957.180511611647,60.0,0.0501491747429694,1.9596774193548387,117.58064516129032,1.0,0.1370967741935483,1.0,0.0,0.0,0.0,0.0,0.0,8.225806451612904,60.0,0.1370967741935483,1.0,0.0,0.0,124.0,1.0,23.93822393822394,1.0,1.0,0.0,1.0,46.91119691119691,0.0421138211382113,0.0407700677809384,0.5081062397939827,1.0,2
97.58344669758564,5855.0068018551365,60.0,0.048472765971371,1.9069767441860463,114.4186046511628,1.0,0.1472868217054263,1.0,0.0,0.0,0.0,0.0,0.0,8.837209302325581,60.0,0.1472868217054263,1.0,0.0,0.0,129.0,1.0,13.76734258271078,1.0,1.0,0.0,1.0,26.25400213447172,0.073203125,0.0592391022909224,0.5527174111864043,1.0,2
4.893167562399769,5669.74453141946,1119.8333333333333,42.38811928725276,214.0,240934.16666666663,3.1666666666666665,3.0,1.1888888888888889,12.5,2.6966895573519807,0.0,0.5712962962962963,2.5,116602.5,124331.66666666669,1.0542346166975978,1.0,0.0,0.0,4.0,5.0,0.023076923076923,1.0,5.0,2.2516291673878226,0.3333333333333333,4.938461538461539,52.0,28.2630500831032,0.6478697226950626,1.0,0
3.5290978884935207,4413.888439051204,1199.0,36.9435266833266,127.5,155252.5,0.5,1.0,0.25,6.0,1.6258145836939113,0.0,0.4166666666666667,1.5,72707.5,82545.0,1.0893556038406356,0.5,0.5,0.0,2.0,2.0,0.0229885057471264,1.0,2.0,1.0,0.5,2.931034482758621,87.0,0.0,1.0,1.0,0
99.44233399537104,5966.540039722263,60.0,0.0488545098538452,1.9764705882352944,118.58823529411764,1.0,0.1529411764705882,1.0,0.0,0.0,0.0,0.0,0.0,9.176470588235292,60.0,0.1529411764705882,1.0,0.0,0.0,170.0,1.0,26.89873417721519,1.0,1.0,0.0,1.0,53.16455696202532,0.037396449704142,0.0299362673982344,0.5553979003592316,1.0,2
11.319809697913328,1258.4996274265222,121.7215761511216,1.2436237059988864,11.272727272727272,1330.6363636363635,1.0,1.0,1.0,0.0,0.0,0.0,0.0,0.0,541.0,789.6363636363636,1.4774740836826006,1.0,0.0,0.0,1.0,1.0,0.0091658670975268,1.0,1.0,0.0,1.0,0.1033243200084846,120.010468,1.3666868092504587,0.9887401643958597,11.0,3
8.384077937883825,1021.40278306359,143.41667887667887,1.3069945670077918,10.6,1277.9333333333334,1.0,1.0,1.0,0.0,0.0,0.0,0.0,0.0,526.2,751.7333333333333,1.459916349669011,1.0,0.0,0.0,1.0,1.0,0.0083478995647329,1.0,1.0,0.0,1.0,0.0884877353861692,128.34708457142855,31.01344470663149,0.8053881670252381,15.0,3
106.3281702091668,6379.690212550009,60.0,0.0529897189929571,2.055555555555556,123.33333333333331,1.0,0.0648148148148148,1.0,0.0,0.0,0.0,0.0,0.0,3.888888888888889,60.0,0.0648148148148148,1.0,0.0,0.0,108.0,1.0,12.013348164627365,1.0,1.0,0.0,1.0,24.694104560622915,0.084018691588785,0.0889067537680787,0.4858665618318743,1.0,2
9.3507943320479,983.6990247022768,127.8560606060606,0.2858474768428852,2.0454545454545454,210.1590909090909,0.0,0.0,0.0,61.88636363636363,4.754461283868682,0.2406330343965222,0.4991852327714724,3.0,62.61363636363637,146.61363636363637,2.341683279011919,0.0,1.0,0.0,1.0,1.0,0.1476510067114094,1.0,1.0,0.0,1.0,0.3020134228187919,6.930232558139535,7.298917883597411,0.4870447175687858,44.0,4
15.171738205545632,10773.738955227203,791.4,25.67624095515072,176.8,130060.4,2.4,2.2,0.6666666666666666,5.4,1.2983706192659348,0.0,0.3133333333333333,1.2,64717.4,65343.0,1.0830063673515853,0.6,0.4,0.0,4.0,3.0,0.027027027027027,0.75,4.0,1.9219280948873625,0.4,4.778378378378378,46.25,23.98306694315804,0.6585217193694769,1.0,0
3.674318524235599,3522.520208884986,879.3333333333334,47.3543851493105,169.66666666666666,161521.33333333334,1.6666666666666667,2.0,0.5555555555555555,4.0,1.0838763891292742,0.0,0.2777777777777778,1.0,79875.66666666667,81645.66666666667,1.0047010268614558,0.6666666666666666,0.3333333333333333,0.0,3.0,3.0,0.0375,1.0,3.0,1.584962500721156,0.3333333333333333,6.3625,40.0,27.0,0.5970149253731343,1.0,0
742.5611539053704,44553.66923432221,60.0,0.3078294584704262,120.16216216216216,7209.72972972973,117.70270270270272,2.45945945945946,61.23828828828829,0.0,0.0,0.0,0.0,0.0,147.56756756756758,7062.1621621621625,41.80585585585585,1.0,0.0,0.0,1.0,1.0,39.19491525423729,0.027027027027027,37.0,5.209453365628954,1.0,4709.745762711865,0.0262222222222222,0.0230375431646199,0.5323253575467993,37.0,1
10.90246472133904,1243.3907633746971,139.26436781609195,0.2575845056552865,1.827586206896552,206.51724137931035,0.0,0.0,0.0,59.37931034482759,4.737847618104516,0.2393933098297462,0.5127955024228568,3.0,61.51724137931034,144.0,2.3410012901305213,0.0,1.0,0.0,1.0,1.0,0.0976430976430976,1.0,1.0,0.0,1.0,0.1784511784511784,10.607142857142858,6.50460982531557,0.6198747173348546,29.0,4
7.169984216753553,985.7886607106366,141.7920634920635,1.3619173497372017,9.3,1159.2,1.0,1.0,1.0,0.0,0.0,0.0,0.0,0.0,456.1,703.1,1.545403935068412,1.0,0.0,0.0,1.0,1.0,0.0092689826537876,1.0,1.0,0.0,1.0,0.0862015386802251,119.874117,1.4479490461371742,0.9880652457271332,10.0,3
11.684397106096242,1166.2551191103887,114.67115027829313,1.0585145658167836,10.428571428571429,972.0,1.0,1.0,1.0,0.0,0.0,0.0,0.0,0.0,384.0,588.0,1.5152492399769193,1.0,0.0,0.0,1.0,1.0,0.0097139121996916,1.0,1.0,0.0,1.0,0.1013022272253557,120.10265716666667,0.7945259845818822,0.993428085221904,7.0,3
792.0811685566445,47524.87011339868,60.0,0.2519062267870592,122.93103448275862,7375.862068965517,119.93103448275862,3.0,56.59770114942529,0.0,0.0,0.0,0.0,0.0,180.0,7195.862068965517,42.73563218390805,1.0,0.0,0.0,1.0,1.0,31.35135135135135,0.0344827586206896,29.0,4.857980995127571,1.0,3854.0540540540537,0.0330357142857142,0.0305596397497197,0.5194674168699092,29.0,1
15.284127478702764,14426.74510981482,969.0,31.84848979289569,327.6,318241.2,1.4,1.0,0.65,3.6,0.6784294447329068,0.0,0.1222222222222222,0.6,157605.0,160636.2,1.0203770381005282,0.4,0.6,0.0,3.0,5.0,0.0267379679144385,1.25,4.0,1.9219280948873625,0.2,8.759358288770054,46.75,43.41874595148966,0.5184723321443471,1.0,0
84.33219425751238,5059.931655450743,60.0,0.0488606560095632,1.97,118.2,1.0,0.095,1.0,0.0,0.0,0.0,0.0,0.0,5.7,60.0,0.095,1.0,0.0,0.0,200.0,1.0,42.643923240938165,1.0,1.0,0.0,1.0,84.00852878464818,0.0235678391959798,0.0180126747908207,0.5668000930306264,1.0,2
9.34248798003042,1193.377140763445,144.5382783882784,1.1532314323800246,9.555555555555555,1095.5555555555557,1.0,1.0,1.0,0.0,0.0,0.0,0.0,0.0,429.8888888888889,665.6666666666666,1.5778444161116123,1.0,0.0,0.0,1.0,1.0,0.0093590912606902,1.0,1.0,0.0,1.0,0.0894313164910399,120.203978,1.1857337618780623,0.9902320077651716,9.0,3
13.483448348664442,15450.004198588338,1185.2,29.368679482164367,271.4,308303.0,1.6,1.2,0.7,3.0,0.6379796190928574,0.0,0.1333333333333333,0.6,152798.2,155504.8,1.0841051377383226,0.6,0.4,0.0,5.0,3.0,0.0257731958762886,1.0,3.0,1.521928094887362,0.6,6.994845360824742,48.5,39.78379066906521,0.5493647206632064,1.0,0
157.14138650175946,9428.483190105568,60.0,0.0493764350238477,2.268041237113402,136.08247422680412,1.0,0.1030927835051546,1.0,0.0,0.0,0.0,0.0,0.0,6.185567010309279,60.0,0.1030927835051546,1.0,0.0,0.0,97.0,1.0,25.12953367875648,1.0,1.0,0.0,1.0,56.994818652849744,0.0402083333333333,0.0312909453978125,0.5623599852597969,1.0,2
6.174849983713999,6971.026328664801,1206.8,37.838017475037645,181.0,211782.8,2.4,2.6,0.65,8.4,1.9262850716632796,0.0,0.4333333333333333,1.8,119158.0,92624.8,0.9631674157843224,0.8,0.2,0.0,3.0,4.0,0.0217391304347826,1.0,4.0,1.9219280948873625,0.4,3.934782608695652,57.5,31.40461749488441,0.6467605577776493,1.0,0
91.09785186743942,5465.871112046366,60.0,0.0470209774901407,1.89010989010989,113.4065934065934,1.0,0.0549450549450549,1.0,0.0,0.0,0.0,0.0,0.0,3.2967032967032965,60.0,0.0549450549450549,1.0,0.0,0.0,91.0,1.0,14.490445859872612,1.0,1.0,0.0,1.0,27.38853503184713,0.0697777777777777,0.0643597144144236,0.5201959320798646,1.0,2
1054.231564037296,63253.89384223776,60.0,0.2745235385420809,122.11111111111111,7326.666666666667,119.37777777777778,2.7333333333333334,55.65925925925926,0.0,0.0,0.0,0.0,0.0,164.0,7162.666666666667,39.57037037037037,1.0,0.0,0.0,1.0,1.0,51.0783200908059,0.0222222222222222,45.0,5.491853096329673,1.0,6237.230419977299,0.0200227272727272,0.017479193652563,0.5339120444687527,45.0,1
1009.221785699149,60553.30714194893,60.0,0.2548502071072353,124.70588235294116,7482.35294117647,122.38235294117646,2.323529411764706,74.96200980392156,0.0,0.0,0.0,0.0,0.0,139.41176470588235,7342.941176470588,53.75612745098039,1.0,0.0,0.0,1.0,1.0,68.68686868686869,0.0147058823529411,68.0,6.087462841250345,1.0,8565.656565656565,0.014776119402985,0.0133448194381373,0.5254490074626287,68.0,1
8.042142424242694,7955.625191881409,834.2,43.94735514241313,286.4,254566.0,2.0,1.8,0.8666666666666668,3.6,0.6784294447329068,0.0,0.1333333333333333,0.6,127430.2,127135.8,1.0979961869308812,0.6,0.4,0.0,4.0,3.0,0.0196078431372549,0.75,4.0,1.9219280948873625,0.6,5.615686274509804,63.75,44.37552816587088,0.5895924956981831,1.0,0
4.136696301022098,4038.47304054608,964.8571428571428,44.72116308820746,168.14285714285714,163480.7142857143,1.7142857142857142,1.8571428571428568,0.3999999999999999,3.857142857142857,0.9154562756455392,0.0,0.2119047619047619,0.8571428571428571,84209.42857142857,79271.28571428571,1.0832177363992213,0.4285714285714285,0.4285714285714285,0.1428571428571428,4.0,5.0,0.0315315315315315,1.0,5.0,2.235926350629033,0.2857142857142857,5.301801801801802,37.0,14.094916341243982,0.7241424910629217,1.0,0
84.75674505840806,5085.404703504482,60.0,0.0468808431608465,2.128205128205128,127.6923076923077,1.0,0.094017094017094,1.0,0.0,0.0,0.0,0.0,0.0,5.641025641025641,60.0,0.094017094017094,1.0,0.0,0.0,117.0,1.0,15.394736842105264,1.0,1.0,0.0,1.0,32.76315789473684,0.0655172413793103,0.0631684233041702,0.5091261838718295,1.0,2
111.8922881372801,6713.537288236807,60.0,0.044808992519962,1.955223880597015,117.31343283582088,1.0,0.1194029850746268,1.0,0.0,0.0,0.0,0.0,0.0,7.164179104477612,60.0,0.1194029850746268,1.0,0.0,0.0,67.0,1.0,15.36697247706422,1.0,1.0,0.0,1.0,30.045871559633024,0.066060606060606,0.0506885555154095,0.5658336656884161,1.0,2
7.391357361538599,805.1284435803749,121.62222222222222,0.298197035403037,1.9333333333333331,199.6,0.0,0.0,0.0,62.66666666666666,4.777902898824517,0.2234506938440518,0.4948270031362493,3.0,59.333333333333336,139.26666666666668,2.3476300183111585,0.0,1.0,0.0,1.0,1.0,0.0588235294117647,1.0,1.0,0.0,1.0,0.1137254901960784,18.214285714285715,15.77148680113474,0.5359385521109252,15.0,4
97.98425403852514,5879.055242311507,60.0,0.0472071715840302,1.9545454545454544,117.27272727272728,1.0,0.0974025974025974,1.0,0.0,0.0,0.0,0.0,0.0,5.8441558441558445,60.0,0.0974025974025974,1.0,0.0,0.0,154.0,1.0,17.84472769409038,1.0,1.0,0.0,1.0,34.87833140208574,0.0564052287581699,0.0450941553693722,0.555719911436036,1.0,2
21.20764738521218,19802.258902394595,952.2857142857144,20.74285792455398,343.0,329067.14285714284,2.2857142857142856,2.571428571428572,0.8928571428571429,4.857142857142857,0.9421381078256168,0.0,0.1765873015873016,0.8571428571428571,168992.2857142857,160074.85714285713,0.9668777760613328,0.8571428571428571,0.1428571428571428,0.0,3.0,5.0,0.027027027027027,1.0,5.0,2.1280852788913944,0.2857142857142857,9.27027027027027,43.16666666666666,24.42278080445022,0.6386598541897114,2.0,0
7.403628591706601,1127.4149482873574,162.88285147392293,1.3324353518989869,9.214285714285714,1397.0,1.0,1.0,1.0,0.0,0.0,0.0,0.0,0.0,540.3571428571429,856.6428571428571,1.6012953023577083,1.0,0.0,0.0,1.0,1.0,0.0089778005508951,1.0,1.0,0.0,1.0,0.0827240193618196,119.95399884615384,2.238088534138412,0.9816838505493982,14.0,3
8.689900128696445,9940.586388799897,1099.0,32.58730372261088,291.0,344523.3333333333,4.666666666666667,5.0,0.9444444444444444,0.0,0.0,0.0,0.0,0.0,148540.33333333334,195983.0,1.18084313349061,1.0,0.0,0.0,3.0,2.0,0.0168539325842696,0.6666666666666666,3.0,1.584962500721156,0.6666666666666666,4.904494382022472,89.0,31.0,0.7416666666666667,1.0,0
9.205237948182392,10477.894530358748,1058.5,35.77698286724348,303.5,356447.25,4.0,3.75,1.0208333333333337,7.0,1.6123280431449345,0.0,0.3615384615384615,1.5,180455.5,175991.75,0.967061573291028,1.0,0.0,0.0,3.0,3.0,0.0186915887850467,1.5,2.0,0.8112781244591328,0.5,5.672897196261682,71.33333333333333,38.90444133457716,0.6470861149748699,1.0,0
232.2250058319708,325119.5731278413,1400.0234029386447,207.12418176080257,47149.0,66009541.5,1.0,1.0,1.0,0.0,0.0,0.0,0.0,0.0,25301.0,65984240.5,3333.417861912395,1.0,0.0,0.0,1.0,1.0,0.0444444444444444,1.0,1.0,0.0,1.0,2095.511111111111,45.0,0.0,1.0,2.0,5
217.57824779608976,304621.37726726354,1400.0543728652,115.71928837112588,25178.0,35250569.0,1.0,1.0,1.0,0.0,0.0,0.0,0.0,0.0,45263.0,35205306.0,777.7943574221771,1.0,0.0,0.0,1.0,1.0,1.0,1.0,1.0,0.0,1.0,25178.0,0.0,0.0,0.0,0.0,5
10.272022094102494,11448.842315827756,1030.3333333333333,34.07025079050586,281.5,277558.0,0.6666666666666666,1.0,0.2222222222222222,2.0,0.4758980903679222,0.0,0.1111111111111111,0.5,136697.66666666666,140860.33333333334,0.9987531054175758,0.3333333333333333,0.5,0.1666666666666666,4.0,3.0,0.0245901639344262,0.6,5.0,2.2516291673878226,0.3333333333333333,6.922131147540983,48.8,74.78609496423783,0.3948664290600109,1.0,0
1379.2686281795131,82756.1176907708,60.0,0.2553680585294198,129.54166666666666,7772.5,127.20833333333331,2.333333333333333,68.73935185185185,0.0,0.0,0.0,0.0,0.0,140.0,7632.5,35.87824074074074,1.0,0.0,0.0,1.0,1.0,72.43460764587525,0.0138888888888888,72.0,6.1699250014423175,1.0,9383.299798792756,0.014,0.0159603381657844,0.4672844452733306,72.0,1
442.9683227470355,620159.2601663079,1400.0095490360748,190.27127116558617,36789.333333333336,51505419.66666666,1.0,1.0,1.0,0.0,0.0,0.0,0.0,0.0,33881.333333333336,51471538.333333336,1616.3749789021513,1.0,0.0,0.0,1.0,1.0,0.007125890736342,1.0,1.0,0.0,1.0,262.1567695961995,210.5,73.5,0.7411971830985915,3.0,5
103.58494094796998,6215.0964568782,60.0,0.0445197842777143,1.9701492537313432,118.2089552238806,1.0,0.1343283582089552,1.0,0.0,0.0,0.0,0.0,0.0,8.059701492537313,60.0,0.1343283582089552,1.0,0.0,0.0,67.0,1.0,7.985697258641239,1.0,1.0,0.0,1.0,15.73301549463647,0.1271212121212121,0.1136017118884451,0.5280810402424003,1.0,2
12.747946929411285,1210.9208582375768,104.7017094017094,1.0616608415745314,12.125,1223.375,1.0,1.0,1.0,0.0,0.0,0.0,0.0,0.0,490.5,732.875,1.4740627731912324,1.0,0.0,0.0,1.0,1.0,0.0095313569969286,1.0,1.0,0.0,1.0,0.11556770358776,119.90497714285712,2.136245112304729,0.9824957086398372,8.0,3
10.544771621752735,1106.2271881159622,107.5844676157176,1.3536447706416883,13.0,1369.75,1.0,1.0,1.0,0.0,0.0,0.0,0.0,0.0,562.75,807.0,1.422291854803887,1.0,0.0,0.0,1.0,1.0,0.0073974277910049,1.0,1.0,0.0,1.0,0.0961665612830644,154.49385585714285,54.79186678620543,0.7381958688143371,8.0,3
1047.2776192362037,62836.65715417221,60.0,0.2490526116771281,120.0,7200.0,117.6984126984127,2.3015873015873014,69.49550264550265,0.0,0.0,0.0,0.0,0.0,138.0952380952381,7061.9047619047615,44.7494708994709,1.0,0.0,0.0,1.0,1.0,63.12625250501002,0.0158730158730158,63.0,5.97727992349992,1.0,7575.150300601203,0.0160967741935483,0.0150811885360103,0.5162869149974196,63.0,1
7.75323855122048,1036.4203767704591,135.0798985736485,1.301286796010454,9.25,1162.5833333333333,1.0,1.0,1.0,0.0,0.0,0.0,0.0,0.0,443.0833333333333,719.5,1.598372372366503,1.0,0.0,0.0,1.0,1.0,0.0090964441462384,1.0,1.0,0.0,1.0,0.0841421083527053,119.92698172727272,1.1652829437506596,0.9903769002345738,12.0,3
961.3024680402316,57678.14808241387,60.0,0.2323928217665533,125.0909090909091,7505.454545454545,122.97727272727272,2.113636363636364,77.47348484848484,0.0,0.0,0.0,0.0,0.0,126.8181818181818,7378.636363636364,44.56439393939394,1.0,0.0,0.0,1.0,1.0,44.80651731160896,0.0227272727272727,44.0,5.459431618637296,1.0,5604.887983706721,0.0228372093023255,0.0251247401768892,0.4761526491374687,44.0,1
1248.3412247325214,74900.47348395128,60.0,0.2479540341487797,126.57777777777778,7594.666666666667,124.11111111111111,2.466666666666667,68.35925925925926,0.0,0.0,0.0,0.0,0.0,148.0,7446.666666666667,44.51481481481481,1.0,0.0,0.0,1.0,1.0,49.83388704318936,0.0222222222222222,45.0,5.491853096329673,1.0,6307.862679955703,0.0205227272727272,0.0259680648597846,0.4414363862468008,45.0,1
1220.13112737292,73207.86764237519,60.0,0.2159269068074767,125.16,7509.6,122.62,2.54,65.44433333333333,0.0,0.0,0.0,0.0,0.0,152.4,7357.2,53.504333333333335,1.0,0.0,0.0,1.0,1.0,51.975051975051976,0.02,50.0,5.643856189774728,1.0,6505.197505197505,0.0196326530612244,0.0169196105005959,0.5371118269603188,50.0,1
16.775879866196654,19653.76509213136,1186.25,30.204194228226463,326.75,375499.5,1.25,1.5,0.4375,3.0,0.7712406251802889,0.0,0.1875,0.75,184833.75,190665.75,1.1207292757792404,0.5,0.25,0.25,3.0,3.0,0.0465116279069767,1.0,3.0,1.5,0.5,15.19767441860465,28.666666666666668,6.236095644623235,0.8213294526947496,1.0,0
12.711961007054848,1223.004845865723,126.86979166666669,0.2649957714109855,2.15625,218.6875,0.0,0.0,0.0,59.65625,4.685758742439044,0.2288890839733848,0.4963694606398533,3.0,65.125,152.65625,2.3444512507332727,0.0,1.0,0.0,1.0,1.0,0.1122807017543859,1.0,1.0,0.0,1.0,0.2421052631578947,9.193548387096774,8.204716797765153,0.5284175341284025,32.0,4
2.0025462061904444,2029.197355261744,1036.0,31.08673608883753,64.0,60354.0,3.333333333333333,3.6666666666666665,1.0,0.0,0.0,0.0,0.0,0.0,32491.0,27863.0,0.8948201870304842,1.0,0.0,0.0,2.0,2.0,0.0491803278688524,1.0,2.0,0.9182958340544896,0.6666666666666666,3.1475409836065573,30.5,21.5,0.5865384615384615,2.0,0
10.833641018589043,1059.1721698331482,113.95238095238096,0.276992689834159,2.1785714285714284,207.07142857142856,0.0,0.0,0.0,58.42857142857143,4.691086256482223,0.2400878078738076,0.5072930970152387,3.0,61.67857142857143,144.42857142857142,2.3422997242279853,0.0,1.0,0.0,1.0,1.0,0.0949152542372881,1.0,1.0,0.0,1.0,0.2067796610169491,10.925925925925926,9.443500315917571,0.5363884969661814,28.0,4
529.2856675517442,741008.4982173856,1400.0588778170122,168.54130085605422,27688.25,38764422.5,1.0,1.0,1.0,0.0,0.0,0.0,0.0,0.0,37762.75,38726659.75,1128.197063852578,1.0,0.0,0.0,1.0,1.0,0.0089887640449438,1.0,1.0,0.0,1.0,248.8831460674157,148.33333333333334,124.11374711216408,0.5444482396022855,4.0,5
300.2932367422572,420416.6292617942,1400.0212623874158,184.7466729430088,49693.66666666666,69572155.66666667,1.0,1.0,1.0,0.0,0.0,0.0,0.0,0.0,38170.66666666666,69533985.0,1919.885202717168,1.0,0.0,0.0,1.0,1.0,0.0105633802816901,1.0,1.0,0.0,1.0,524.9330985915493,142.0,16.0,0.8987341772151898,3.0,5
158.13690946847598,192011.49222162823,1255.0,13.843377437118331,261.5,326269.0,0.5,0.0,0.5,0.0,0.0,0.0,0.0,0.0,158263.5,168005.5,1.1473090679018432,0.5,0.5,0.0,2.0,2.0,0.0105820105820105,1.0,2.0,1.0,0.5,2.767195767195767,189.0,0.0,1.0,1.0,0
35.68194985292408,43035.91188024364,1249.6,17.67099640591425,314.2,397214.0,0.2,0.0,0.2,6.0,1.2226259048523815,0.0,0.24,1.2,209966.8,187247.2,0.9922785436924716,0.2,0.6,0.2,3.0,4.0,0.0222222222222222,1.3333333333333333,3.0,1.521928094887362,0.4,6.982222222222222,56.25,49.56498259860484,0.5315882365484759,1.0,0
48.551599449137456,39392.6924473282,1069.3333333333333,25.77607061831223,297.0,295860.8333333333,1.6666666666666667,1.8333333333333333,0.4722222222222222,0.0,0.0,0.0,0.0,0.0,146300.66666666666,149560.16666666666,1.0927857418483182,0.5,0.3333333333333333,0.1666666666666666,4.0,5.0,0.0335195530726257,1.0,5.0,2.2516291673878226,0.3333333333333333,9.955307262569832,35.8,27.279296178604024,0.567539623438967,1.0,0
12.243720499201205,1102.6470201836237,106.62719298245617,0.2602866964126697,2.289473684210526,211.02631578947367,0.0,0.0,0.0,60.76315789473684,4.693113419616275,0.2296178736067075,0.493164569515835,3.0,62.81578947368421,147.23684210526315,2.3438503958027623,0.0,1.0,0.0,1.0,1.0,0.1376811594202898,1.0,1.0,0.0,1.0,0.3152173913043478,7.45945945945946,7.646212963342631,0.4938184312933575,38.0,4
78.69038697181568,54157.75580377302,796.4,28.79132344829993,330.2,254945.2,3.0,3.4,0.8833333333333334,8.0,1.9094190372242812,0.0,0.4405128205128205,1.8,118910.6,136034.6,1.158578079005845,0.8,0.2,0.0,3.0,4.0,0.0274725274725274,0.8,5.0,2.321928094887362,0.4,9.071428571428571,45.5,52.95989048327045,0.4621171095831252,1.0,0
15.606829338731703,15094.801472062723,907.5,34.12830844013043,348.6666666666667,309062.3333333333,2.6666666666666665,2.833333333333333,1.0555555555555556,4.0,0.9622807293770038,0.0,0.2222222222222222,1.0,155829.0,153233.33333333334,1.070105564203004,1.0,0.0,0.0,5.0,4.0,0.0229885057471264,1.0,4.0,1.9182958340544891,0.5,8.015325670498084,52.2,39.73612965551628,0.567785485375476,1.0,0
89.1968521813917,5351.811130883503,60.0,0.0517670668348898,1.946808510638298,116.80851063829788,1.0,0.1489361702127659,1.0,0.0,0.0,0.0,0.0,0.0,8.936170212765957,60.0,0.1489361702127659,1.0,0.0,0.0,94.0,1.0,20.935412026726056,1.0,1.0,0.0,1.0,40.75723830734967,0.0482795698924731,0.0370011233748085,0.5661254387456509,1.0,2
10.335423762098255,1722.4686483890384,171.12572115384614,0.9593045323566932,9.125,1438.0,1.0,1.0,1.0,0.0,0.0,0.0,0.0,0.0,546.75,891.25,1.615472798035939,1.0,0.0,0.0,1.0,1.0,0.006058410006311,1.0,1.0,0.0,1.0,0.0552829913075887,188.639782,167.72667196809283,0.5293421417743485,8.0,3
9.376561864145144,1280.7028212938353,172.2635007849294,1.1140656741768404,9.0,1170.7142857142858,1.0,1.0,1.0,0.0,0.0,0.0,0.0,0.0,461.7142857142857,709.0,1.5732180143609644,1.0,0.0,0.0,1.0,1.0,0.0097157575190983,1.0,1.0,0.0,1.0,0.0874418176718847,120.07984600000002,1.917370992102296,0.984283485809136,7.0,3
87.29055934041054,67857.92221442441,751.0,15.927745087813069,215.5,158435.5,4.0,3.5,1.25,6.0,1.4276942711037668,0.0,0.3333333333333333,1.5,83796.0,74639.5,0.9699622045524126,1.0,0.0,0.0,2.0,1.0,0.015267175572519,0.5,2.0,1.0,1.0,3.2900763358778624,131.0,0.0,1.0,1.0,0
6.741153129245193,899.5383986470242,141.80563285920428,1.4887342334836944,10.0,1275.2857142857142,1.0,1.0,1.0,0.0,0.0,0.0,0.0,0.0,501.0,774.2857142857143,1.5811833285681087,1.0,0.0,0.0,1.0,1.0,0.0097309873009114,1.0,1.0,0.0,1.0,0.0973098730091143,119.89191133333333,1.7722106905254122,0.9854335800805938,7.0,3
14.126508850921724,16483.452809330207,1086.1666666666667,28.717218227656804,282.3333333333333,283666.6666666667,0.8333333333333334,0.8333333333333334,0.1666666666666666,2.5,0.5538719047996034,0.0,0.1222222222222222,0.5,148961.33333333334,134705.33333333334,0.9097278244471664,0.1666666666666666,0.6666666666666666,0.1666666666666666,4.0,4.0,0.024,0.8,5.0,2.2516291673878226,0.5,6.776,50.0,42.36507995979708,0.541330121965607,1.0,0
7.509273951298431,8188.941044851654,1066.5,28.384844536298072,214.0,232269.5,2.25,2.5,0.875,0.0,0.0,0.0,0.0,0.0,113305.25,118964.25,1.1054206784239156,1.0,0.0,0.0,3.0,3.0,0.0185185185185185,1.0,3.0,1.5,0.5,3.962962962962963,72.0,41.817061908587824,0.6325940838099194,1.0,0
73.84143129540298,88461.60720933492,938.4,20.836696029676,229.4,196284.2,2.2,2.2,0.55,3.0,0.6646462857595241,0.0,0.1466666666666666,0.6,99106.2,97178.0,1.0667451860519186,0.6,0.4,0.0,4.0,4.0,0.0206611570247933,1.3333333333333333,3.0,1.3709505944546687,0.4,4.739669421487603,60.5,38.356876828021335,0.6119958665622244,1.0,0
91.83752462007976,5510.251477204786,60.0,0.0501671900005186,1.9895833333333333,119.375,1.0,0.0833333333333333,1.0,0.0,0.0,0.0,0.0,0.0,5.0,60.0,0.0833333333333333,1.0,0.0,0.0,192.0,1.0,25.84118438761777,1.0,1.0,0.0,1.0,51.41318977119785,0.0389005235602094,0.0333213066395313,0.5386255575720519,1.0,2
9.95714148786558,1031.8564272615486,117.4551282051282,0.2703324692062738,2.1153846153846154,210.0,0.0,0.0,0.0,63.26923076923077,4.741331487218276,0.2490090687690404,0.4907912830557183,3.0,62.46153846153846,146.53846153846155,2.3468341613767043,0.0,1.0,0.0,1.0,1.0,0.0935251798561151,1.0,1.0,0.0,1.0,0.197841726618705,11.12,9.118420915926178,0.549449981606488,26.0,4
108.8744741308741,6532.468447852445,60.0,0.0498497344427306,1.9320388349514563,115.92233009708738,1.0,0.116504854368932,1.0,0.0,0.0,0.0,0.0,0.0,6.990291262135922,60.0,0.116504854368932,1.0,0.0,0.0,103.0,1.0,18.727272727272727,1.0,1.0,0.0,1.0,36.18181818181818,0.0539215686274509,0.0461276333058845,0.5389505122027841,1.0,2
1189.3373697327966,71360.24218396781,60.0,0.1954684497691757,129.2972972972973,7757.837837837837,127.0,2.2972972972972974,73.03423423423423,0.0,0.0,0.0,0.0,0.0,137.83783783783784,7620.0,44.95315315315315,1.0,0.0,0.0,1.0,1.0,37.87103377686796,0.027027027027027,37.0,5.209453365628954,1.0,4896.622313203685,0.0271388888888888,0.0311672484596123,0.4654550982631073,37.0,1
7.75108061213844,1375.89603568378,183.6184523809524,1.0337667080895083,7.833333333333333,1311.3333333333333,1.0,1.0,1.0,0.0,0.0,0.0,0.0,0.0,558.6666666666666,752.6666666666666,1.3630344892723256,1.0,0.0,0.0,1.0,1.0,0.0100006256224712,1.0,1.0,0.0,1.0,0.0783382340426913,119.992493,1.4479632648645493,0.9880767636305112,6.0,3
8.473818275100218,919.4113348543142,125.30357142857144,0.3078640322895823,1.9642857142857144,208.1071428571429,0.0,0.0,0.0,62.142857142857146,4.75130511616893,0.2308836850393206,0.4992349004536506,3.0,61.892857142857146,145.35714285714286,2.3485384212680898,0.0,1.0,0.0,1.0,1.0,0.0939597315436241,1.0,1.0,0.0,1.0,0.1845637583892617,11.037037037037036,12.30622089442295,0.472814766021254,28.0,4
102.18515211948665,6131.109127169198,60.0,0.051257678380627,1.891566265060241,113.49397590361446,1.0,0.0783132530120482,1.0,0.0,0.0,0.0,0.0,0.0,4.698795180722891,60.0,0.0783132530120482,1.0,0.0,0.0,166.0,1.0,53.896103896103895,1.0,1.0,0.0,1.0,101.94805194805194,0.0186666666666666,0.0121372621011961,0.6059833084064683,1.0,2
15.477691922632197,10679.737676654377,742.1666666666666,28.73886968987027,271.5,202500.8333333333,0.5,0.3333333333333333,0.3333333333333333,2.0,0.4758980903679222,0.0,0.1111111111111111,0.5,106451.5,96049.33333333331,0.922479084848052,0.3333333333333333,0.5,0.1666666666666666,4.0,4.0,0.0368098159509202,1.3333333333333333,3.0,1.4591479170272448,0.5,9.993865030674849,32.6,12.705904139414873,0.7195530167477424,1.0,0
931.6472607553628,55898.83564532176,60.0,0.246523498322467,139.8909090909091,8393.454545454546,137.4,2.4909090909090907,74.18727272727273,0.0,0.0,0.0,0.0,0.0,149.45454545454547,8244.0,39.9690909090909,1.0,0.0,0.0,1.0,1.0,55.89430894308944,0.0181818181818181,55.0,5.781359713524656,1.0,7819.1056910569105,0.0182222222222222,0.0155999366886971,0.5387657916875099,55.0,1
105.55933590121587,6333.560154072951,60.0,0.0523331417890217,2.111111111111111,126.66666666666669,1.0,0.1111111111111111,1.0,0.0,0.0,0.0,0.0,0.0,6.666666666666667,60.0,0.1111111111111111,1.0,0.0,0.0,171.0,1.0,27.66990291262136,1.0,1.0,0.0,1.0,58.41423948220065,0.0363529411764705,0.0319502207973049,0.5322292574160475,1.0,2
1147.885705852884,68873.14235117304,60.0,0.263240040565458,133.9245283018868,8035.471698113208,131.24528301886792,2.679245283018868,70.65723270440252,0.0,0.0,0.0,0.0,0.0,160.75471698113208,7874.7169811320755,46.67610062893082,1.0,0.0,0.0,1.0,1.0,55.38140020898642,0.0188679245283018,53.0,5.727920454563195,1.0,7416.92789968652,0.0184038461538461,0.0177452698089298,0.5091091625255028,53.0,1
82.06975550449224,4924.185330269536,60.0,0.0517946049404876,2.0806451612903225,124.83870967741936,1.0,0.1048387096774193,1.0,0.0,0.0,0.0,0.0,0.0,6.290322580645161,60.0,0.1048387096774193,1.0,0.0,0.0,124.0,1.0,14.318706697459584,1.0,1.0,0.0,1.0,29.792147806004618,0.0704065040650406,0.0576701917337519,0.5497214276643169,1.0,2
98.02526382699403,5881.515829619643,60.0,0.0494547263002622,1.9142857142857144,114.85714285714286,1.0,0.0714285714285714,1.0,0.0,0.0,0.0,0.0,0.0,4.285714285714286,60.0,0.0714285714285714,1.0,0.0,0.0,140.0,1.0,16.666666666666664,1.0,1.0,0.0,1.0,31.904761904761905,0.0604316546762589,0.060713627872927,0.4988362188327327,1.0,2
9.788347200143283,866.1852144506859,122.11111111111111,0.2727800018123501,2.111111111111111,201.0,0.0,0.0,0.0,59.16666666666666,4.693626805712229,0.2381854151441014,0.5033282393025743,3.0,59.77777777777778,140.33333333333334,2.3485219884583266,0.0,1.0,0.0,1.0,1.0,0.0779220779220779,1.0,1.0,0.0,1.0,0.1645021645021645,13.588235294117649,8.359980463876779,0.6191043246496365,18.0,4
1060.102689397472,63606.16136384832,60.0,0.229062684652551,127.95081967213116,7677.049180327869,125.40983606557376,2.540983606557377,68.68387978142076,0.0,0.0,0.0,0.0,0.0,152.45901639344262,7524.590163934426,52.65109289617487,1.0,0.0,0.0,1.0,1.0,61.24497991967871,0.0163934426229508,61.0,5.930737337562883,1.0,7836.345381526105,0.0166,0.0157111425427942,0.5137546584127827,61.0,1
9.83646990021074,923.450799178304,122.95945945945944,0.2959146596203501,2.216216216216216,217.94594594594597,0.0,0.0,0.0,61.45945945945946,4.698794011699062,0.2177031886606307,0.4870513820922709,3.0,64.89189189189189,152.16216216216216,2.3448407928693293,0.0,1.0,0.0,1.0,1.0,0.1316725978647686,1.0,1.0,0.0,1.0,0.2918149466192171,7.805555555555555,6.154580247644137,0.5591317781999302,37.0,4
4.403773759161237,5074.047965384359,1106.0,45.6570063316086,184.5,206024.0,3.0,3.5,0.6583333333333333,7.0,1.619781296386121,0.0,0.358974358974359,1.5,104987.25,101036.75,0.8641224052547571,0.75,0.25,0.0,3.0,2.0,0.0180995475113122,0.5,4.0,2.0,0.75,3.339366515837104,73.66666666666667,39.634440691006205,0.650184878018122,1.0,0
83.40849824626899,5004.50989477614,60.0,0.0554064630157189,2.0,120.0,1.0,0.12,1.0,0.0,0.0,0.0,0.0,0.0,7.2,60.0,0.12,1.0,0.0,0.0,50.0,1.0,5.518763796909492,1.0,1.0,0.0,1.0,11.037527593818984,0.1848979591836734,0.1552236365466736,0.5436231086316053,1.0,2
4.808258646881916,2532.793469717867,669.0,29.056909913738732,176.0,91176.0,0.5,1.0,0.25,6.0,1.5424812503605778,0.0,0.375,1.5,43745.0,47431.0,0.9462429821713452,0.5,0.5,0.0,1.0,2.0,0.0224719101123595,1.0,2.0,1.0,0.5,3.955056179775281,89.0,0.0,1.0,1.0,0
92.6059747697122,5556.358486182732,60.0,0.051262432715976,1.8611111111111112,111.66666666666669,1.0,0.0972222222222222,1.0,0.0,0.0,0.0,0.0,0.0,5.833333333333333,60.0,0.0972222222222222,1.0,0.0,0.0,72.0,1.0,21.238938053097343,1.0,1.0,0.0,1.0,39.528023598820056,0.0477464788732394,0.0360436817576107,0.5698339579941081,1.0,2
6.211294721668896,4198.611580852255,905.0,34.51616174779229,198.0,137778.0,1.6666666666666667,1.6666666666666667,0.6666666666666666,5.0,1.1077438095992067,0.0,0.2444444444444444,1.0,63049.333333333336,74728.66666666667,1.1748852628508697,0.6666666666666666,0.0,0.3333333333333333,2.0,2.0,0.0214285714285714,1.0,2.0,0.9182958340544896,0.6666666666666666,4.242857142857143,70.0,5.0,0.9333333333333332,1.0,0
22.306507354564307,19000.40412162997,967.8333333333334,34.543541714907576,362.0,358500.0,1.1666666666666667,1.0,0.5833333333333334,4.5,1.0819755160549456,0.0,0.25,1.0,168014.16666666666,190485.8333333333,1.153051314908663,0.5,0.3333333333333333,0.1666666666666666,4.0,4.0,0.0253164556962025,1.0,4.0,1.9182958340544891,0.3333333333333333,9.164556962025316,47.4,47.772795605867564,0.4980414802176696,2.0,0
5.295010280832659,812.9306311686765,161.43860028860027,1.5027223958679263,7.833333333333333,1186.1666666666667,1.0,1.0,1.0,0.0,0.0,0.0,0.0,0.0,459.8333333333333,726.3333333333334,1.5764026161891804,1.0,0.0,0.0,1.0,1.0,0.0083089729019355,1.0,1.0,0.0,1.0,0.0650869543984955,144.4221824,47.39663534503136,0.7529093552852998,6.0,3
453.1579643532692,634423.2681915903,1400.0088517196268,170.54879253324373,45999.5,64399691.0,1.0,1.0,1.0,0.0,0.0,0.0,0.0,0.0,38000.0,64361691.0,1754.292225764954,1.0,0.0,0.0,1.0,1.0,0.0075757575757575,1.0,1.0,0.0,1.0,348.4810606060606,264.0,0.0,1.0,2.0,5
79.5310650745478,4771.863904472868,60.0,0.0514674361066257,1.9438202247191008,116.62921348314607,1.0,0.1235955056179775,1.0,0.0,0.0,0.0,0.0,0.0,7.415730337078652,60.0,0.1235955056179775,1.0,0.0,0.0,178.0,1.0,19.62513781697905,1.0,1.0,0.0,1.0,38.14773980154355,0.0512429378531073,0.0393396447348752,0.5657040944194239,1.0,2
29.14545830558893,21557.78791769538,996.8,25.135315076048364,259.8,264170.4,4.2,4.4,0.9666666666666668,6.6,1.3531408971879435,0.0,0.2688888888888889,1.2,132126.6,132043.8,1.0544741628751613,1.0,0.0,0.0,3.0,4.0,0.0225225225225225,1.0,4.0,1.9219280948873625,0.4,5.851351351351352,55.5,39.07364840912607,0.5868442312800151,1.0,0
10.681064353024317,1288.569957276934,117.52756175448484,1.2404154563038476,11.153846153846152,1254.4615384615386,1.0,1.0,1.0,0.0,0.0,0.0,0.0,0.0,502.7692307692308,751.6923076923077,1.5169397305241976,1.0,0.0,0.0,1.0,1.0,0.0090443265966833,1.0,1.0,0.0,1.0,0.1008790274245452,119.78043049999998,1.5170494313271132,0.987493149633562,13.0,3
6.185515104903613,6193.982799834422,1023.2,46.40332926711007,283.8,291126.6,3.8,3.8,1.06,6.0,1.286024404881228,0.0,0.2666666666666666,1.2,156133.0,134993.6,0.9651180355166676,1.0,0.0,0.0,3.0,5.0,0.0220264317180616,1.0,5.0,2.321928094887362,0.2,6.251101321585903,56.75,43.03123865286706,0.5687441924571597,1.0,0
7.635728529648261,1130.7519107226426,164.29136292999928,1.219739569227453,8.818181818181818,1299.1818181818182,1.0,1.0,1.0,0.0,0.0,0.0,0.0,0.0,496.3636363636364,802.8181818181819,1.590319075356719,1.0,0.0,0.0,1.0,1.0,0.0091740322907772,1.0,1.0,0.0,1.0,0.0808982847459444,119.9036547,1.6458576155697096,0.9864593647130668,11.0,3
346.6415271705948,485306.996194786,1400.0234905023572,116.39928769294912,36778.0,51489860.0,1.0,1.0,1.0,0.0,0.0,0.0,0.0,0.0,36952.0,51452908.0,1679.3787479444727,1.0,0.0,0.0,1.0,1.0,0.0444444444444444,1.0,1.0,0.0,1.0,1634.5777777777778,45.0,0.0,1.0,2.0,5
1002.8855641540126,60173.13384924076,60.0,0.2417203027494821,141.15151515151516,8469.09090909091,139.0,2.1515151515151514,89.36363636363636,0.0,0.0,0.0,0.0,0.0,129.0909090909091,8340.0,53.66666666666666,1.0,0.0,0.0,1.0,1.0,34.33922996878252,0.0303030303030303,33.0,5.044394119358456,1.0,4847.034339229969,0.03003125,0.0242686582537539,0.553062628755433,33.0,1
12.577606439252245,1312.7392533177438,110.16666666666669,0.2433203120900249,2.2222222222222223,217.55555555555557,0.0,0.0,0.0,57.66666666666666,4.755442781312321,0.2331027721979201,0.537027306569732,3.0,64.94444444444444,151.77777777777777,2.3372253551764395,0.0,1.0,0.0,1.0,1.0,0.0649819494584837,1.0,1.0,0.0,1.0,0.1444043321299639,16.294117647058822,22.156567757883632,0.4237666370692153,18.0,4
8.532319922333944,9060.854818727206,1048.0,37.35342972828106,264.25,237658.75,2.75,3.75,0.6875,3.0,0.7138471355518834,0.0,0.1666666666666666,0.75,117626.75,120032.0,0.9424819395230288,1.0,0.0,0.0,2.0,3.0,0.0163934426229508,1.5,2.0,1.0,0.5,4.331967213114754,81.33333333333333,42.7577153531643,0.6554327181069525,1.0,0
208.7096098192886,292197.8732906134,1400.0280682109612,207.6456950124482,41194.333333333336,57672938.0,1.0,1.0,1.0,0.0,0.0,0.0,0.0,0.0,25244.666666666668,57647693.333333336,4496.005674249028,1.0,0.0,0.0,1.0,1.0,0.0714285714285714,1.0,1.0,0.0,1.0,2942.4523809523807,21.0,14.0,0.6000000000000001,3.0,5
250.7198877592949,351016.54413932306,1400.0485268150892,158.0061600353564,38418.25,53786446.0,1.0,1.0,1.0,0.0,0.0,0.0,0.0,0.0,35168.5,53751277.5,1677.8925874235897,1.0,0.0,0.0,1.0,1.0,0.0109890109890109,1.0,1.0,0.0,1.0,422.1785714285714,121.33333333333331,83.29198974424584,0.5929536555323237,4.0,5
61.015367216775765,3660.922033006547,60.0,0.0596992157359116,2.0517241379310347,123.10344827586206,1.0,0.1379310344827586,1.0,0.0,0.0,0.0,0.0,0.0,8.275862068965518,60.0,0.1379310344827586,1.0,0.0,0.0,58.0,1.0,12.159329140461216,1.0,1.0,0.0,1.0,24.947589098532497,0.0836842105263157,0.0821985524896532,0.5044780362035552,1.0,2
108.47341281806538,6508.4047690839225,60.0,0.0470009851793538,2.0,120.0,1.0,0.1318681318681318,1.0,0.0,0.0,0.0,0.0,0.0,7.912087912087912,60.0,0.1318681318681318,1.0,0.0,0.0,182.0,1.0,25.74257425742574,1.0,1.0,0.0,1.0,51.48514851485148,0.0390607734806629,0.0319305471687481,0.5502190003417973,1.0,2
10.082025973684528,1080.577882262993,141.225,0.246181373035999,2.0,219.5,0.0,0.0,0.0,60.95,4.674634591522473,0.2246563612296799,0.4847342735595907,3.0,65.4,153.2,2.342515674967331,0.0,1.0,0.0,1.0,1.0,0.0790513833992094,1.0,1.0,0.0,1.0,0.1581027667984189,13.31578947368421,10.647720940127826,0.5556694008407586,20.0,4
7.598185744382751,1125.5313830330222,162.27334856501523,1.2955309329904106,8.666666666666666,1299.111111111111,1.0,1.0,1.0,0.0,0.0,0.0,0.0,0.0,522.0,777.1111111111111,1.524855086675817,1.0,0.0,0.0,1.0,1.0,0.009357638578195,1.0,1.0,0.0,1.0,0.0810995343443572,120.22263850000002,1.15095254858606,0.9905172736619012,9.0,3
6.795224494008431,8230.0820345999,1001.7142857142856,37.30389800625129,197.7142857142857,234371.0,2.4285714285714284,2.142857142857143,0.9761904761904762,7.857142857142857,1.8582958557181717,0.0,0.4265567765567765,1.7142857142857142,121206.0,113165.0,1.0451212750372496,0.8571428571428571,0.1428571428571428,0.0,5.0,5.0,0.028,1.25,4.0,1.8423709931771084,0.2857142857142857,5.536,41.66666666666666,39.80228915806504,0.5114422572974455,1.0,0
3.641780369173469,3360.4976441821127,931.0,36.73574004275819,135.0,117693.0,1.5,2.0,0.75,14.0,3.1477330093667923,0.0,0.6846153846153846,3.0,57741.0,59952.0,1.0496198996720612,1.0,0.0,0.0,2.0,2.0,0.0138888888888888,1.0,2.0,1.0,0.5,1.875,144.0,0.0,1.0,1.0,0
1056.7179051236983,63403.074307421884,60.0,0.2824734467382939,138.98245614035088,8338.947368421053,136.19298245614036,2.789473684210526,64.30526315789473,0.0,0.0,0.0,0.0,0.0,167.3684210526316,8171.578947368421,48.21754385964912,1.0,0.0,0.0,1.0,1.0,66.51108518086347,0.0175438596491228,57.0,5.832890014164737,1.0,9243.8739789965,0.0153035714285714,0.0144146746195588,0.5149554049652346,57.0,1
14.919345862637073,16698.5992810259,1036.428571428571,32.80305847338356,368.2857142857143,375329.7142857143,1.4285714285714286,1.5714285714285714,0.8452380952380952,0.0,0.0,0.0,0.0,0.0,199354.42857142855,175975.2857142857,0.9220224396996536,0.8571428571428571,0.1428571428571428,0.0,5.0,4.0,0.0303030303030303,1.0,4.0,1.8423709931771084,0.5714285714285714,11.16017316017316,38.5,23.01267766543766,0.6258872392029217,1.0,0
12.927315079266227,1354.7215288279228,133.3783783783784,0.2498035835804311,1.972972972972973,216.78378378378375,0.0,0.0,0.0,60.24324324324324,4.717233070696534,0.2259169610371461,0.4979186265392568,3.0,64.54054054054055,151.2972972972973,2.344536820326605,0.0,1.0,0.0,1.0,1.0,0.1280276816608996,1.0,1.0,0.0,1.0,0.2525951557093425,8.027777777777779,10.261811923369931,0.4389260726430631,37.0,4
29.330542303830725,41261.056097286295,1347.3333333333333,23.735415111967665,244.33333333333331,329629.3333333333,4.666666666666667,5.0,0.9444444444444444,0.0,0.0,0.0,0.0,0.0,176777.0,152852.33333333334,0.9392083552626316,1.0,0.0,0.0,2.0,2.0,0.0208333333333333,0.6666666666666666,3.0,1.584962500721156,0.6666666666666666,5.090277777777778,72.0,31.0,0.6990291262135923,1.0,0
1144.9931363886803,68699.58818332083,60.0,0.288433554122825,134.74418604651163,8084.6511627906975,131.8139534883721,2.9302325581395348,60.04418604651162,0.0,0.0,0.0,0.0,0.0,175.8139534883721,7908.837209302325,41.253488372093024,1.0,0.0,0.0,1.0,1.0,44.6985446985447,0.0232558139534883,43.0,5.426264754702098,1.0,6022.869022869023,0.0229047619047619,0.019494577419191,0.5402150663187846,43.0,1
10.071156744786624,1029.2953442278233,108.15694444444443,1.052079562400365,9.75,1030.125,1.0,1.0,1.0,0.0,0.0,0.0,0.0,0.0,406.0,624.125,1.511568985268977,1.0,0.0,0.0,1.0,1.0,0.0095397883285531,1.0,1.0,0.0,1.0,0.0930129362033929,119.7990042857143,1.5893217709427183,0.9869071283658618,8.0,3
13.912154064603769,13052.276405196868,910.6666666666666,25.364389898055865,322.1666666666667,300903.0,2.333333333333333,2.1666666666666665,0.8472222222222223,4.5,1.0235878771420184,0.0,0.225,1.0,144057.5,156845.5,1.0830068341995889,0.6666666666666666,0.3333333333333333,0.0,4.0,5.0,0.0251046025104602,1.0,5.0,2.2516291673878226,0.3333333333333333,8.087866108786612,47.8,16.166632302368974,0.7472646015511707,1.0,0
5.776021412094849,3894.236828976824,736.1666666666666,44.826127207072574,132.5,94719.83333333331,2.333333333333333,2.1666666666666665,0.6666666666666666,5.166666666666667,1.13081577235222,0.0,0.2521367521367521,1.0,51409.5,43310.333333333336,0.9866076451292513,0.6666666666666666,0.3333333333333333,0.0,4.0,5.0,0.021505376344086,0.8333333333333334,6.0,2.584962500721156,0.3333333333333333,2.849462365591398,55.8,38.37916101219515,0.5924877584413236,1.0,0
306.23247863873934,197333.9899257825,983.6,27.71103724183426,161.6,162603.4,2.2,2.6,0.5266666666666667,0.0,0.0,0.0,0.0,0.0,77644.0,84959.4,1.0948575800078943,0.6,0.4,0.0,3.0,3.0,0.0354609929078014,0.75,4.0,1.9219280948873625,0.6,5.7304964539007095,35.25,33.0633860939862,0.5160042857706207,2.0,0
8.661968482735672,1320.346736683903,161.72270322270322,1.225417479133491,9.0,1286.888888888889,1.0,1.0,1.0,0.0,0.0,0.0,0.0,0.0,505.55555555555554,781.3333333333334,1.592999281664104,1.0,0.0,0.0,1.0,1.0,0.0075173775583617,1.0,1.0,0.0,1.0,0.0676563980252557,149.65325225,80.47398612758113,0.6503065578202286,9.0,3
28.28772159855566,36610.164408394114,906.0,29.198560301123425,232.0,232526.5,1.1666666666666667,0.6666666666666666,0.75,0.0,0.0,0.0,0.0,0.0,111571.0,120955.5,1.0382710405667004,0.6666666666666666,0.3333333333333333,0.0,4.0,4.0,0.0239043824701195,1.0,4.0,1.9182958340544896,0.5,5.5458167330677295,50.2,49.478884385159695,0.5036171934471794,2.0,0
795.5246974249176,47731.48184549507,60.0,0.2532282934930551,124.88888888888889,7493.333333333333,122.25396825396824,2.634920634920635,65.2042328042328,0.0,0.0,0.0,0.0,0.0,158.0952380952381,7335.238095238095,42.283597883597885,1.0,0.0,0.0,1.0,1.0,64.08952187182096,0.0158730158730158,63.0,5.97727992349992,1.0,8004.069175991862,0.0158548387096774,0.0149632310360597,0.5144656638292703,63.0,1
2.3654261990648933,1717.9387150456464,959.5,55.63290604607096,132.5,96172.5,0.0,0.0,0.0,7.5,1.6867786311375923,0.0,0.3666666666666666,1.5,49264.0,46908.5,0.909303280154986,0.0,0.5,0.5,2.0,1.0,0.4,0.5,2.0,1.0,1.0,53.0,5.0,0.0,1.0,1.0,0
296.3584358128829,414905.1652107852,1400.02660345861,152.76568321477646,40716.66666666666,57003902.0,1.0,1.0,1.0,0.0,0.0,0.0,0.0,0.0,23072.666666666668,56980829.333333336,5826.7550696710205,1.0,0.0,0.0,1.0,1.0,0.0077720207253886,1.0,1.0,0.0,1.0,316.4507772020725,193.0,37.0,0.8391304347826087,3.0,5
18.646862071198285,19660.26698191204,1093.25,22.084466413305822,321.25,350726.25,2.25,2.0,0.9375,6.75,1.568715149046361,0.0,0.3541666666666666,1.5,174389.0,176337.25,1.06761093804963,1.0,0.0,0.0,4.0,4.0,0.0229885057471264,1.0,4.0,2.0,0.25,7.385057471264368,58.0,61.47086030524273,0.4854740298329867,1.0,0
11.61452871262897,1370.4804456049242,155.04166666666666,0.248049670747749,1.6666666666666667,206.58333333333331,0.0,0.0,0.0,60.75,4.76507946759623,0.2465031171433843,0.5132396505134561,3.0,61.5,144.08333333333334,2.3432467120877507,0.0,1.0,0.0,1.0,1.0,0.0431654676258992,1.0,1.0,0.0,1.0,0.0719424460431654,25.272727272727277,34.34607535893997,0.423905314383207,12.0,4
9.816491423019963,827.8231349002507,93.69723134008848,1.3691936909237303,12.428571428571429,1051.0,1.0,1.0,1.0,0.0,0.0,0.0,0.0,0.0,414.1428571428572,636.8571428571429,1.549904149058431,1.0,0.0,0.0,1.0,1.0,0.0096885713514069,1.0,1.0,0.0,1.0,0.1204151010817714,120.4167905,2.096864147176825,0.9828846494440516,7.0,3
13.031867716495526,1305.0633067956846,118.00641025641023,0.2376674388029626,2.1538461538461537,214.7692307692308,0.0,0.0,0.0,63.5,4.735305999042596,0.2298305257087557,0.4839669701340388,3.0,63.96153846153846,149.8846153846154,2.344082136178441,0.0,1.0,0.0,1.0,1.0,0.0928571428571428,1.0,1.0,0.0,1.0,0.2,11.2,8.42852300228219,0.5705982054124901,26.0,4
114.74168663559504,6884.501198135703,60.0,0.0429165416991208,2.042682926829268,122.5609756097561,1.0,0.073170731707317,1.0,0.0,0.0,0.0,0.0,0.0,4.390243902439025,60.0,0.073170731707317,1.0,0.0,0.0,164.0,1.0,22.841225626740947,1.0,1.0,0.0,1.0,46.65738161559889,0.0440490797546012,0.0387161771931806,0.5322170362183809,1.0,2
7.08103520279865,5766.767190960789,787.0,37.470868651133785,285.0,260857.0,0.0,0.0,0.0,0.0,0.0,0.0,0.0,0.0,152601.0,108256.0,0.8260802148043292,0.0,1.0,0.0,1.0,2.0,0.0238095238095238,1.0,2.0,1.0,0.5,6.785714285714286,84.0,0.0,1.0,1.0,0
754.7119062797378,1056600.0515100656,1400.0076522401012,115.66996667824894,56691.25,79368158.0,1.0,1.0,1.0,0.0,0.0,0.0,0.0,0.0,26435.75,79341722.25,3733.6486803206008,1.0,0.0,0.0,1.0,1.0,0.009367681498829,1.0,1.0,0.0,1.0,531.0655737704918,142.33333333333334,89.83441557789655,0.6130624688434007,4.0,5
8.006006239520037,1068.2538563890628,144.0126623376623,1.306390703436356,9.6,1262.4,1.0,1.0,1.0,0.0,0.0,0.0,0.0,0.0,489.8,772.6,1.5980387509597702,1.0,0.0,0.0,1.0,1.0,0.0083194565629808,1.0,1.0,0.0,1.0,0.0798667830046161,150.2501985,52.21395968385293,0.7421076394349332,5.0,3
4.984206905609113,5128.370892563203,1063.6666666666667,40.3087143980022,193.66666666666663,226308.66666666663,0.3333333333333333,0.0,0.3333333333333333,4.0,1.0073517362914,0.0,0.25,1.0,115251.0,111057.66666666669,1.0506618096158102,0.3333333333333333,0.6666666666666666,0.0,3.0,3.0,0.0164835164835164,1.5,2.0,0.9182958340544896,0.3333333333333333,3.1923076923076925,91.0,46.0,0.6642335766423357,1.0,0
19.543390644097705,19455.63263017208,1027.0,22.704171043510488,262.85714285714283,250861.0,3.142857142857143,3.142857142857143,1.2023809523809526,4.714285714285714,0.9665292122771028,0.0,0.192063492063492,0.8571428571428571,120742.42857142857,130118.57142857143,1.0790674828114757,1.0,0.0,0.0,5.0,4.0,0.0246478873239436,0.6666666666666666,6.0,2.5216406363433186,0.2857142857142857,6.47887323943662,47.333333333333336,23.746344747958343,0.6659193543223371,2.0,0
11.16713734813442,1022.7783204969668,120.38172043010752,0.2660734402136991,2.129032258064516,207.7741935483871,0.0,0.0,0.0,60.41935483870968,4.6941074408797485,0.2350955149245148,0.494175669530413,3.0,61.87096774193548,144.96774193548387,2.3434345964668863,0.0,1.0,0.0,1.0,1.0,0.1183206106870229,1.0,1.0,0.0,1.0,0.2519083969465648,8.733333333333333,7.523001764957626,0.5372264585177919,31.0,4
876.2630544183988,52575.78326510393,60.0,0.2499078230005504,123.72972972972973,7423.783783783784,120.8108108108108,2.918918918918919,56.73063063063063,0.0,0.0,0.0,0.0,0.0,175.13513513513513,7248.648648648648,43.90630630630631,1.0,0.0,0.0,1.0,1.0,75.66462167689161,0.0135135135135135,74.0,6.2094533656289554,1.0,9361.96319018405,0.0133972602739726,0.0140563832582254,0.4879957102327818,74.0,1
1218.2661739922942,73095.97043953768,60.0,0.2506813398108876,133.30882352941177,7998.529411764706,130.76470588235293,2.544117647058824,70.17990196078432,0.0,0.0,0.0,0.0,0.0,152.64705882352942,7845.882352941177,49.22401960784314,1.0,0.0,0.0,1.0,1.0,68.96551724137932,0.0149253731343283,67.0,6.058051076544463,1.0,9193.71196754564,0.0147164179104477,0.0132921320798559,0.5254259115713751,68.0,1
104.57721090972188,6274.6326545833135,60.0,0.0479851346901111,2.071428571428572,124.28571428571428,1.0,0.0714285714285714,1.0,0.0,0.0,0.0,0.0,0.0,4.285714285714286,60.0,0.0714285714285714,1.0,0.0,0.0,112.0,1.0,17.204301075268816,1.0,1.0,0.0,1.0,35.63748079877112,0.0586486486486486,0.0576957925689198,0.5040949789682985,1.0,2
84.72097874595396,5083.258724757236,60.0,0.0491885616027198,2.03680981595092,122.2085889570552,1.0,0.0736196319018405,1.0,0.0,0.0,0.0,0.0,0.0,4.41717791411043,60.0,0.0736196319018405,1.0,0.0,0.0,163.0,1.0,38.71733966745843,1.0,1.0,0.0,1.0,78.85985748218528,0.0259876543209876,0.0196405940338871,0.5695518731919765,1.0,2
746.7519511810419,44805.117070862514,60.0,0.256009776990864,118.47826086956522,7108.695652173913,116.15217391304348,2.3260869565217392,67.16992753623188,0.0,0.0,0.0,0.0,0.0,139.56521739130434,6969.130434782609,49.30036231884059,1.0,0.0,0.0,1.0,1.0,46.41775983854692,0.0217391304347826,46.0,5.5235619560570095,1.0,5499.495459132189,0.0220222222222222,0.022655378452798,0.4929141648050738,46.0,1
11.28810712383913,9819.073253089538,947.4,33.11303070386775,240.4,215561.0,1.6,1.8,0.5599999999999999,0.0,0.0,0.0,0.0,0.0,108306.8,107254.2,1.0034662898286808,0.6,0.4,0.0,4.0,3.0,0.0316455696202531,1.0,3.0,1.3709505944546687,0.4,7.6075949367088604,39.5,47.09830145557268,0.4561290387463845,1.0,0
9.013359998770316,1002.7333379688854,131.32222222222222,0.2819663974460302,1.8666666666666667,203.53333333333333,0.0,0.0,0.0,60.0,4.700627898071408,0.2153866797023315,0.4973957403516139,3.0,60.6,142.06666666666666,2.345191842175538,0.0,1.0,0.0,1.0,1.0,0.0543478260869565,1.0,1.0,0.0,1.0,0.1014492753623188,19.714285714285715,23.9148148089618,0.4518609248838644,15.0,4
1105.248168730057,1547353.1703152074,1400.005189489803,44.90784656727878,49616.5,69463358.5,1.0,1.0,1.0,0.0,0.0,0.0,0.0,0.0,22164.5,69441194.0,5433.483940250385,1.0,0.0,0.0,1.0,1.0,0.048780487804878,1.0,1.0,0.0,1.0,2420.317073170732,41.0,0.0,1.0,2.0,5
9.074596513684776,1015.2819223573866,137.2971052096052,1.2581215314938885,10.666666666666666,1269.3333333333333,1.0,1.0,1.0,0.0,0.0,0.0,0.0,0.0,509.5,759.8333333333334,1.5389504541445245,1.0,0.0,0.0,1.0,1.0,0.0099700366500541,1.0,1.0,0.0,1.0,0.1063470576005773,120.3606408,1.1503115987532118,0.990533268186572,6.0,3
92.2841655671394,5537.049934028363,60.0,0.0485272265477741,2.094017094017094,125.64102564102564,1.0,0.1282051282051282,1.0,0.0,0.0,0.0,0.0,0.0,7.6923076923076925,60.0,0.1282051282051282,1.0,0.0,0.0,117.0,1.0,27.725118483412324,1.0,1.0,0.0,1.0,58.05687203791469,0.0363793103448275,0.0328632629952777,0.5253893463222385,1.0,2
589.1118823537287,824763.5299334734,1400.035814956322,92.69898995353022,40651.66666666666,56912906.66666666,1.0,1.0,1.0,0.0,0.0,0.0,0.0,0.0,13721.0,56899185.66666666,6126.523801032526,1.0,0.0,0.0,1.0,1.0,0.0086705202312138,1.0,1.0,0.0,1.0,352.47109826589593,173.0,117.0,0.596551724137931,3.0,5
100.82950823138096,6049.7704938828565,60.0,0.0512037130269137,2.0279329608938546,121.67597765363128,1.0,0.1005586592178771,1.0,0.0,0.0,0.0,0.0,0.0,6.033519553072626,60.0,0.1005586592178771,1.0,0.0,0.0,179.0,1.0,58.11688311688312,1.0,1.0,0.0,1.0,117.85714285714286,0.0173033707865168,0.0106279306539943,0.6194974775296458,1.0,2
76.25645087272125,4575.387052363274,60.0,0.0479128149757247,1.66,99.6,1.0,0.14,1.0,0.0,0.0,0.0,0.0,0.0,8.4,60.0,0.14,1.0,0.0,0.0,50.0,1.0,10.438413361169102,1.0,1.0,0.0,1.0,17.32776617954071,0.0977551020408163,0.0801342064626446,0.549527697101113,1.0,2
9.81157085263012,1087.1989527656033,143.7920979020979,1.299249816093911,10.2,1245.8,1.0,1.0,1.0,0.0,0.0,0.0,0.0,0.0,499.6,746.2,1.5345331619125326,1.0,0.0,0.0,1.0,1.0,0.0064043810187936,1.0,1.0,0.0,1.0,0.0653246863916952,173.49234966666666,59.38744923820945,0.7449866861896969,10.0,3
23.200237821556254,21531.884457968987,1005.3333333333334,26.92783528626021,361.5,383596.0,2.833333333333333,2.833333333333333,0.7222222222222222,0.0,0.0,0.0,0.0,0.0,202707.16666666663,180888.8333333333,0.8772556737844616,0.6666666666666666,0.3333333333333333,0.0,5.0,3.0,0.0350877192982456,0.75,4.0,1.7924812503605778,0.3333333333333333,12.68421052631579,34.2,33.31306050185122,0.506568651247298,1.0,0
943.2328801255755,56593.97280753451,60.0,0.2592906810267845,130.28571428571428,7817.142857142857,127.72727272727272,2.5584415584415585,67.89545454545456,0.0,0.0,0.0,0.0,0.0,153.5064935064935,7663.636363636364,48.90844155844156,1.0,0.0,0.0,1.0,1.0,79.13669064748201,0.0129870129870129,77.0,6.266786540694905,1.0,10310.3802672148,0.0128026315789473,0.0124319407563553,0.5073449000376645,77.0,1
990.4517887090274,59427.10732254163,60.0,0.2638420462137428,126.53191489361704,7591.914893617021,124.0,2.5319148936170213,64.27765957446807,0.0,0.0,0.0,0.0,0.0,151.91489361702128,7440.0,57.19255319148935,1.0,0.0,0.0,1.0,1.0,48.15573770491803,0.0212765957446808,47.0,5.55458885167764,1.0,6093.237704918033,0.0212173913043478,0.0179381946688432,0.5418739313178685,47.0,1
13.503190450610314,11135.188741159373,1067.6666666666667,35.70171380261775,256.8333333333333,295084.5,0.1666666666666666,0.1666666666666666,0.1666666666666666,0.0,0.0,0.0,0.0,0.0,152356.16666666666,142728.33333333334,1.074437494190908,0.1666666666666666,0.5,0.3333333333333333,4.0,4.0,0.026431718061674,1.0,4.0,1.7924812503605778,0.5,6.788546255506608,45.4,39.08759393976559,0.5373569998024489,1.0,0
10.807043199957327,1418.9223819100116,140.91700961075964,1.1791243023243732,10.333333333333334,1351.5,1.0,1.0,1.0,0.0,0.0,0.0,0.0,0.0,556.0,795.5,1.4388886778723284,1.0,0.0,0.0,1.0,1.0,0.0090820697326097,1.0,1.0,0.0,1.0,0.0938480539036338,120.1167930909091,1.387990418821689,0.9885766602867078,12.0,3
12.71705619841669,1376.3726127050452,122.87675137362638,1.0094121021689726,10.375,1223.0,1.0,1.0,1.0,0.0,0.0,0.0,0.0,0.0,498.9375,724.0625,1.458273831485219,1.0,0.0,0.0,1.0,1.0,0.0088978351628777,1.0,1.0,0.0,1.0,0.0923150398148566,119.87934673333332,1.3792914585863507,0.9886252107136212,16.0,3
7.247587498045343,925.6577252048222,129.55174339549342,1.518794439538051,10.5,1258.875,1.0,1.0,1.0,0.0,0.0,0.0,0.0,0.0,485.25,773.625,1.6121210060197029,1.0,0.0,0.0,1.0,1.0,0.009550847906011,1.0,1.0,0.0,1.0,0.1002839030131165,119.66028085714288,1.4944126280826786,0.987665251876809,8.0,3
12.748523377446451,1412.3758941323774,132.66666666666666,0.2476682994972842,2.0869565217391304,217.2173913043478,0.0,0.0,0.0,62.95652173913044,4.764195752231125,0.2264404221302003,0.4917943319296757,3.0,64.69565217391305,151.56521739130434,2.342968130257365,0.0,1.0,0.0,1.0,1.0,0.0807017543859649,1.0,1.0,0.0,1.0,0.1684210526315789,12.954545454545457,10.860592955213956,0.5439626355157652,23.0,4
6.267117499405945,913.9662817069296,145.82407407407408,0.3155484584148074,1.7777777777777777,209.88888888888889,0.0,0.0,0.0,61.66666666666666,4.735675152382896,0.2297177789800235,0.4981567386076936,3.0,62.5,146.44444444444446,2.34366702294414,0.0,1.0,0.0,1.0,1.0,0.0679245283018867,1.0,1.0,0.0,1.0,0.120754716981132,15.588235294117649,10.549930713624793,0.5963783109151661,18.0,4
8.514233253776041,1017.6870633451656,137.25238095238095,0.2828094221276643,1.9428571428571428,211.42857142857144,0.0,0.0,0.0,62.54285714285714,4.718555700992261,0.2120311203035324,0.4857661833742362,3.0,63.02857142857143,147.5142857142857,2.340413380794782,0.0,1.0,0.0,1.0,1.0,0.1186440677966101,1.0,1.0,0.0,1.0,0.2305084745762712,8.676470588235293,6.95667511960442,0.555004779612859,35.0,4
1271.031970544945,76261.91823269667,60.0,0.2519502808739297,134.52083333333334,8071.25,131.8125,2.708333333333333,72.484375,0.0,0.0,0.0,0.0,0.0,162.5,7908.75,46.33854166666666,1.0,0.0,0.0,1.0,1.0,48.28973843058351,0.0208333333333333,48.0,5.5849625007211605,1.0,6495.975855130785,0.0211489361702127,0.0212252145551186,0.4990999420212539,48.0,1
235.9056513982016,310406.7049686228,823.0,23.20844305712096,202.75,180974.75,1.5,1.0,0.875,3.75,0.8433893155687963,0.0,0.1833333333333333,0.75,96268.75,84706.0,1.0592381745991035,0.75,0.25,0.0,3.0,3.0,0.0701754385964912,1.0,3.0,1.5,0.5,14.228070175438596,19.0,13.880441875771345,0.5778511150119474,1.0,0
79.98897436441284,4799.338461864772,60.0,0.0484424697415423,1.94,116.4,1.0,0.14,1.0,0.0,0.0,0.0,0.0,0.0,8.4,60.0,0.14,1.0,0.0,0.0,100.0,1.0,13.49527665317139,1.0,1.0,0.0,1.0,26.180836707152498,0.0748484848484848,0.0703435097673636,0.515513854923753,1.0,2
10.446661600844267,997.299415770607,114.40476190476193,0.2676157232842487,2.071428571428572,206.67857142857144,0.0,0.0,0.0,62.07142857142857,4.728778708630356,0.2211996378776204,0.4888062726546972,3.0,61.642857142857146,144.10714285714286,2.3373311095543707,0.0,1.0,0.0,1.0,1.0,0.1052631578947368,1.0,1.0,0.0,1.0,0.2180451127819548,9.851851851851851,9.39150011171924,0.5119613189272868,28.0,4
120.45005063183208,7227.0030379099235,60.0,0.0528394018531317,2.1129032258064515,126.7741935483871,1.0,0.064516129032258,1.0,0.0,0.0,0.0,0.0,0.0,3.870967741935484,60.0,0.064516129032258,1.0,0.0,0.0,62.0,1.0,7.515151515151516,1.0,1.0,0.0,1.0,15.87878787878788,0.1352459016393442,0.1190206836601989,0.5319059186641275,1.0,2
8.474800325705253,9626.267802549077,1165.3333333333333,42.75613679894105,337.6666666666667,393124.0,4.0,4.333333333333333,0.9444444444444444,5.0,1.0800746429806172,0.0,0.2222222222222222,1.0,193657.3333333333,199466.66666666663,1.0665005088793498,1.0,0.0,0.0,2.0,3.0,0.0127659574468085,1.5,2.0,0.9182958340544896,0.3333333333333333,4.31063829787234,117.5,33.5,0.7781456953642384,1.0,0
88.68089271886474,5320.853563131883,60.0,0.0509241685602045,1.973684210526316,118.42105263157896,1.0,0.1403508771929824,1.0,0.0,0.0,0.0,0.0,0.0,8.421052631578947,60.0,0.1403508771929824,1.0,0.0,0.0,114.0,1.0,13.255813953488373,1.0,1.0,0.0,1.0,26.16279069767442,0.0761061946902654,0.0694151755655343,0.5229898162481894,1.0,2
96.71265155324588,5802.759093194753,60.0,0.0436174091431965,2.0166666666666666,121.0,1.0,0.0833333333333333,1.0,0.0,0.0,0.0,0.0,0.0,5.0,60.0,0.0833333333333333,1.0,0.0,0.0,60.0,1.0,9.66183574879227,1.0,1.0,0.0,1.0,19.484702093397747,0.1052542372881356,0.0766757631297981,0.5785425001173152,1.0,2
106.39991507514446,6383.994904508669,60.0,0.0472304635916794,1.981981981981982,118.91891891891892,1.0,0.0990990990990991,1.0,0.0,0.0,0.0,0.0,0.0,5.945945945945946,60.0,0.0990990990990991,1.0,0.0,0.0,111.0,1.0,19.750889679715304,1.0,1.0,0.0,1.0,39.145907473309606,0.051090909090909,0.0422835763204377,0.5471613456913419,1.0,2
6.774362613144619,708.4435856282862,113.82030932030932,1.4932611821471715,9.666666666666666,1053.0,1.0,1.0,1.0,0.0,0.0,0.0,0.0,0.0,401.1666666666667,651.8333333333334,1.6158392437092486,1.0,0.0,0.0,1.0,1.0,0.0099696061270487,1.0,1.0,0.0,1.0,0.0963728592281379,120.3658384,1.7965810930293808,0.9852935043323048,6.0,3
200.48339855786844,280682.27559804724,1400.0254344630357,127.38105976543184,25085.666666666668,35120422.0,1.0,1.0,1.0,0.0,0.0,0.0,0.0,0.0,31204.33333333333,35089217.666666664,1288.0439590397525,1.0,0.0,0.0,1.0,1.0,0.0057915057915057,1.0,1.0,0.0,1.0,145.28378378378378,259.0,235.0,0.5242914979757085,3.0,5
93.6537300386843,5619.223802321059,60.0,0.0486557489859869,1.977900552486188,118.67403314917128,1.0,0.0662983425414364,1.0,0.0,0.0,0.0,0.0,0.0,3.977900552486188,60.0,0.0662983425414364,1.0,0.0,0.0,181.0,1.0,22.1001221001221,1.0,1.0,0.0,1.0,43.71184371184371,0.0455,0.0380828774589782,0.5443698683660537,1.0,2
1231.7559599470935,73905.35759682559,60.0,0.26311008434898,138.5,8310.0,136.0185185185185,2.4814814814814814,75.91882716049383,0.0,0.0,0.0,0.0,0.0,148.88888888888889,8161.111111111111,52.7891975308642,1.0,0.0,0.0,1.0,1.0,55.15832482124617,0.0185185185185185,54.0,5.7548875021634665,1.0,7639.427987742594,0.0184716981132075,0.0148662004555412,0.5540750589037738,54.0,1
306.95066810232765,210471.77377252607,803.5,7.57163641564151,447.5,357021.5,4.0,3.0,1.3333333333333333,9.0,1.696073611832267,0.0,0.3333333333333333,1.5,176209.5,180812.0,1.0281453520288912,1.0,0.0,0.0,2.0,2.0,0.0125,1.0,2.0,1.0,0.5,5.59375,160.0,0.0,1.0,1.0,0
4.979811701036494,6250.946924853011,1107.0,31.349811635427564,140.5,177203.5,1.5,1.25,0.5833333333333333,7.5,1.6075305061015346,0.0,0.3333333333333333,1.5,80301.25,96902.25,1.1713370413057578,0.5,0.25,0.25,3.0,4.0,0.0210526315789473,1.3333333333333333,3.0,1.5,0.25,2.957894736842105,63.333333333333336,27.0842307543625,0.7004538772124678,1.0,0
846.2070991598911,50772.42594959347,60.0,0.2556149081860147,118.91428571428573,7134.857142857143,116.4,2.5142857142857142,69.88904761904762,0.0,0.0,0.0,0.0,0.0,150.85714285714286,6984.0,42.28904761904762,1.0,0.0,0.0,1.0,1.0,37.03703703703704,0.0285714285714285,35.0,5.129283016944964,1.0,4404.2328042328045,0.0277941176470588,0.0202234276081344,0.5788325392175855,35.0,1
11.27914004533481,1279.4955419034802,132.57123888016744,1.0466431769388,10.642857142857142,1212.857142857143,1.0,1.0,1.0,0.0,0.0,0.0,0.0,0.0,499.57142857142856,713.2857142857143,1.4803183871545131,1.0,0.0,0.0,1.0,1.0,0.0089682228530454,1.0,1.0,0.0,1.0,0.0954475146502694,120.08210484615384,1.8252685876699328,0.9850274143699704,14.0,3
9.917810537751327,913.9974955071292,111.25833333333335,0.3277228515462098,2.2,210.3,0.0,0.0,0.0,60.65,4.732779899340926,0.2319001003699974,0.5015077076100927,3.0,62.6,146.75,2.34436299139072,0.0,1.0,0.0,1.0,1.0,0.0711743772241993,1.0,1.0,0.0,1.0,0.1565836298932384,14.789473684210526,11.29778249023568,0.5669233124907006,20.0,4
617.3327605429413,37039.96563257647,60.0,0.2820947364835731,131.25,7875.0,129.25,2.0,81.39027777777778,0.0,0.0,0.0,0.0,0.0,120.0,7755.0,55.76527777777778,1.0,0.0,0.0,1.0,1.0,25.5863539445629,0.0416666666666666,24.0,4.584962500721156,1.0,3358.208955223881,0.0407826086956521,0.0304815789299746,0.5722735367432525,24.0,1
10.850197884220377,7450.237291156887,913.0,37.02299174405799,314.0,253486.0,0.0,0.0,0.0,0.0,0.0,0.0,0.0,0.0,109848.5,143637.5,1.2927677343933248,0.0,1.0,0.0,2.0,2.0,0.1428571428571428,1.0,2.0,1.0,0.5,44.85714285714285,14.0,0.0,1.0,1.0,0
8.79735207136936,1036.9253191862651,141.93478260869568,0.2755066634572238,1.7826086956521738,200.34782608695653,0.0,0.0,0.0,61.0,4.714602977722535,0.2226111852085997,0.4960254901555747,3.0,59.65217391304348,139.7826086956522,2.3441314674755325,0.0,1.0,0.0,1.0,1.0,0.0809859154929577,1.0,1.0,0.0,1.0,0.1443661971830986,12.909090909090908,16.623939722605662,0.4371068811081013,23.0,4
8.70797012612451,879.473561325139,123.89743589743588,0.2934574939335813,2.0,208.2692307692308,0.0,0.0,0.0,62.5,4.702544474494936,0.2181884445221004,0.4780804223171414,3.0,62.19230769230769,145.23076923076923,2.3352859526431327,0.0,1.0,0.0,1.0,1.0,0.0893470790378006,1.0,1.0,0.0,1.0,0.1786941580756013,11.64,9.350422450349503,0.5545386248196347,26.0,4
300.7914913955779,421114.01366123074,1400.022836899315,153.49432176379165,47656.333333333336,66719751.0,1.0,1.0,1.0,0.0,0.0,0.0,0.0,0.0,39537.66666666666,66680213.333333336,1984.3593654386711,1.0,0.0,0.0,1.0,1.0,0.0188679245283018,1.0,1.0,0.0,1.0,899.1761006289308,79.5,44.5,0.6411290322580645,3.0,5
906.2719021730866,54376.3141303852,60.0,0.2832508097153291,139.35593220338984,8361.35593220339,137.03389830508473,2.3220338983050848,81.0997175141243,0.0,0.0,0.0,0.0,0.0,139.32203389830508,8222.033898305084,56.96412429378531,1.0,0.0,0.0,1.0,1.0,59.05905905905906,0.0169491525423728,59.0,5.882643049361836,1.0,8230.23023023023,0.0172241379310344,0.0136824114423418,0.5572973457163676,59.0,1
68.2788811032735,4096.73286619641,60.0,0.0540803858885406,1.976608187134503,118.59649122807018,1.0,0.1111111111111111,1.0,0.0,0.0,0.0,0.0,0.0,6.666666666666667,60.0,0.1111111111111111,1.0,0.0,0.0,171.0,1.0,44.76439790575916,1.0,1.0,0.0,1.0,88.48167539267016,0.0224705882352941,0.0157857629343242,0.5873688302280994,1.0,2
444.8393617627178,622789.2968249703,1400.0241680461668,123.97176643621968,41025.0,57435659.0,1.0,1.0,1.0,0.0,0.0,0.0,0.0,0.0,38795.0,57396864.0,1764.1006099912502,1.0,0.0,0.0,1.0,1.0,0.074074074074074,1.0,1.0,0.0,1.0,3038.8888888888887,27.0,0.0,1.0,2.0,5
899.4903257679659,53969.41954607795,60.0,0.2836407277946408,117.02272727272728,7021.363636363636,113.9090909090909,3.113636363636364,48.325,0.0,0.0,0.0,0.0,0.0,186.8181818181818,6834.545454545455,43.05227272727273,1.0,0.0,0.0,1.0,1.0,45.50155118924509,0.0227272727272727,44.0,5.459431618637296,1.0,5324.715615305067,0.0224883720930232,0.0216530486526625,0.5094619002543362,44.0,1
12.464557659459045,1378.4152895966624,115.3433658933659,1.0262853889706676,10.466666666666669,1148.6,1.0,1.0,1.0,0.0,0.0,0.0,0.0,0.0,441.2,707.4,1.6242038657248217,1.0,0.0,0.0,1.0,1.0,0.0089254724460975,1.0,1.0,0.0,1.0,0.093419944935821,120.04166478571427,1.8299244625901587,0.9849848149689604,15.0,3
267.5721343579544,374610.68503471575,1400.0398093548383,121.16757621109052,31787.33333333333,44503420.66666666,1.0,1.0,1.0,0.0,0.0,0.0,0.0,0.0,27665.33333333333,44475755.333333336,2485.20555837201,1.0,0.0,0.0,1.0,1.0,0.0084985835694051,1.0,1.0,0.0,1.0,270.1473087818697,176.5,88.5,0.6660377358490566,3.0,5
79.42919044132731,111205.63391140108,1400.1024852585615,245.22860883352573,17029.5,23842440.5,1.0,1.0,1.0,0.0,0.0,0.0,0.0,0.0,26412.0,23816028.5,1051.683933168139,1.0,0.0,0.0,1.0,1.0,0.0512820512820512,1.0,1.0,0.0,1.0,873.3076923076923,39.0,0.0,1.0,2.0,5
6.921831500655398,1098.5338127323769,162.34637445887446,1.379154209134268,8.833333333333334,1425.3333333333333,1.0,1.0,1.0,0.0,0.0,0.0,0.0,0.0,603.1666666666666,822.1666666666666,1.431759575295512,1.0,0.0,0.0,1.0,1.0,0.0055541397384808,1.0,1.0,0.0,1.0,0.049061567689914,216.055061,88.99662379356803,0.7082572290863003,6.0,3
118.57411375803896,166005.51116495897,1400.0254874597515,167.8007377136253,20075.0,28105291.0,1.0,1.0,1.0,0.0,0.0,0.0,0.0,0.0,21738.0,28083553.0,1535.4078082556352,1.0,0.0,0.0,1.0,1.0,0.0043290043290043,1.0,1.0,0.0,1.0,86.9047619047619,462.0,0.0,1.0,2.0,5
8.225335305524684,7474.487281396631,989.1666666666666,26.912935368407528,230.0,210992.16666666663,2.5,2.833333333333333,0.75,4.166666666666667,1.1073960963061011,0.0,0.2799145299145299,1.0,107154.16666666669,103838.0,0.9376693932875804,0.8333333333333334,0.1666666666666666,0.0,4.0,4.0,0.0283018867924528,1.0,4.0,1.7924812503605778,0.3333333333333333,6.509433962264151,42.4,44.23392363333824,0.4894156725424327,1.0,0
97.2374999733389,5834.249998400334,60.0,0.0524952629113434,1.9817073170731707,118.90243902439023,1.0,0.1036585365853658,1.0,0.0,0.0,0.0,0.0,0.0,6.219512195121951,60.0,0.1036585365853658,1.0,0.0,0.0,164.0,1.0,33.81443298969072,1.0,1.0,0.0,1.0,67.01030927835052,0.0297546012269938,0.025185225979988,0.5415852713714496,1.0,2
642.2565301452197,899166.1423123294,1400.0106191442271,103.1524506768656,63737.66666666666,89233408.66666667,1.0,1.0,1.0,0.0,0.0,0.0,0.0,0.0,34882.333333333336,89198526.33333333,2773.217792302505,1.0,0.0,0.0,1.0,1.0,0.0062630480167014,1.0,1.0,0.0,1.0,399.1920668058455,239.5,138.5,0.6335978835978836,3.0,5
1382.8345043530728,82970.07026118436,60.0,0.2364565117739638,124.17857142857144,7450.714285714285,121.69642857142856,2.482142857142857,70.68303571428571,0.0,0.0,0.0,0.0,0.0,148.92857142857142,7301.785714285715,45.21875,1.0,0.0,0.0,1.0,1.0,59.00948366701792,0.0178571428571428,56.0,5.807354922057609,1.0,7327.713382507904,0.0172545454545454,0.016532302464974,0.510688226840393,56.0,1
25.539459732771025,33738.23131269133,1014.8571428571428,38.69913406411381,166.14285714285714,170002.14285714287,1.1428571428571428,1.0,0.5714285714285714,6.857142857142857,1.3959919163704442,0.0,0.2857142857142857,1.2857142857142858,81642.14285714286,88360.0,1.0473900697824603,0.4285714285714285,0.5714285714285714,0.0,3.0,5.0,0.0366492146596858,0.7142857142857143,7.0,2.807354922057604,0.2857142857142857,6.089005235602095,31.83333333333333,23.533073652958205,0.574957543140105,2.0,0
80.98738065891459,4859.242839534877,60.0,0.0519386803394395,1.9789473684210528,118.73684210526316,1.0,0.0947368421052631,1.0,0.0,0.0,0.0,0.0,0.0,5.684210526315789,60.0,0.0947368421052631,1.0,0.0,0.0,190.0,1.0,21.914648212226066,1.0,1.0,0.0,1.0,43.3679354094579,0.0458730158730158,0.0435817635992135,0.5128067627426973,1.0,2
89.33028971703295,5359.8173830219785,60.0,0.050523062800542,2.057971014492753,123.47826086956522,1.0,0.0869565217391304,1.0,0.0,0.0,0.0,0.0,0.0,5.217391304347826,60.0,0.0869565217391304,1.0,0.0,0.0,69.0,1.0,18.852459016393443,1.0,1.0,0.0,1.0,38.79781420765027,0.0538235294117646,0.0414100517693862,0.5651738467062674,1.0,2
115.83851607943224,6950.310964765933,60.0,0.0455463264086118,2.036144578313253,122.1686746987952,1.0,0.1325301204819277,1.0,0.0,0.0,0.0,0.0,0.0,7.951807228915663,60.0,0.1325301204819277,1.0,0.0,0.0,83.0,1.0,13.949579831932772,1.0,1.0,0.0,1.0,28.403361344537814,0.0725609756097561,0.0566936778771963,0.5613799863467254,1.0,2
115.80910309121413,6948.546185472846,60.0,0.0486927957559713,1.9878048780487805,119.26829268292684,1.0,0.0975609756097561,1.0,0.0,0.0,0.0,0.0,0.0,5.853658536585366,60.0,0.0975609756097561,1.0,0.0,0.0,164.0,1.0,19.854721549636803,1.0,1.0,0.0,1.0,39.46731234866828,0.0506748466257668,0.0381654267204706,0.5704039926607564,1.0,2
1030.2287768194774,61813.72660916865,60.0,0.2262449933905183,134.70212765957447,8082.127659574468,131.89361702127658,2.8085106382978724,67.7159574468085,0.0,0.0,0.0,0.0,0.0,168.51063829787233,7913.617021276596,46.95,1.0,0.0,0.0,1.0,1.0,47.66734279918864,0.0212765957446808,47.0,5.55458885167764,1.0,6420.892494929006,0.0214347826086956,0.0188283460839524,0.5323675358743184,47.0,1
171.87649583048125,10312.589749828874,60.0,0.0461190505563036,2.057142857142857,123.42857142857144,1.0,0.1285714285714285,1.0,0.0,0.0,0.0,0.0,0.0,7.714285714285714,60.0,0.1285714285714285,1.0,0.0,0.0,70.0,1.0,7.874015748031495,1.0,1.0,0.0,1.0,16.19797525309336,0.1288405797101449,0.1220778586422551,0.5134759348740884,1.0,2
434.8359347450481,608775.8562488988,1400.01492171234,126.1498609259899,37779.25,52891500.25,1.0,1.0,1.0,0.0,0.0,0.0,0.0,0.0,30872.25,52860628.0,1808.5537422765915,1.0,0.0,0.0,1.0,1.0,0.043010752688172,1.0,1.0,0.0,1.0,1624.9139784946235,31.0,31.016124838541646,0.4998699947910029,4.0,5
799.6293057997095,47977.75834798258,60.0,0.2806170825980039,128.47058823529412,7708.235294117647,126.0,2.4705882352941178,68.72450980392155,0.0,0.0,0.0,0.0,0.0,148.23529411764707,7560.0,40.528431372549015,1.0,0.0,0.0,1.0,1.0,54.7798066595059,0.0196078431372549,51.0,5.6724253419715005,1.0,7037.593984962406,0.01862,0.0143120788147634,0.565406153214132,51.0,1
121.16041685670406,7269.625011402242,60.0,0.0505380973947867,1.9915254237288136,119.49152542372882,1.0,0.0932203389830508,1.0,0.0,0.0,0.0,0.0,0.0,5.593220338983051,60.0,0.0932203389830508,1.0,0.0,0.0,118.0,1.0,20.379965457685664,1.0,1.0,0.0,1.0,40.58721934369603,0.0494871794871795,0.0428443047676008,0.5359729661728833,1.0,2
7.043498701085366,802.3383117529728,124.8505341880342,1.458791058161326,10.166666666666666,1188.0,1.0,1.0,1.0,0.0,0.0,0.0,0.0,0.0,458.8333333333333,729.1666666666666,1.5618550695816689,1.0,0.0,0.0,1.0,1.0,0.0038501281952801,1.0,1.0,0.0,1.0,0.0391429699853477,311.6779336,194.81678951815303,0.6153626471786421,6.0,3
973.5618858448828,58413.713150693,60.0,0.255674506985717,127.3653846153846,7641.923076923077,125.21153846153848,2.1538461538461537,78.46538461538462,0.0,0.0,0.0,0.0,0.0,129.23076923076923,7512.692307692308,54.94615384615385,1.0,0.0,0.0,1.0,1.0,53.608247422680414,0.0192307692307692,52.0,5.700439718141095,1.0,6827.835051546392,0.0190196078431372,0.0173323795319156,0.5232068235199082,52.0,1
63.86221369177893,50494.13119109273,1050.0,13.045202492129537,446.5,488924.0,2.0,1.5,0.6666666666666666,7.5,1.620111964470926,0.0,0.3666666666666666,1.5,264679.0,224245.0,0.8818852936077992,0.5,0.5,0.0,1.0,1.0,0.05,0.5,2.0,1.0,1.0,22.325,40.0,0.0,1.0,2.0,0
80.19022555848552,4811.41353350913,60.0,0.051200707043093,2.138211382113821,128.29268292682926,1.0,0.0975609756097561,1.0,0.0,0.0,0.0,0.0,0.0,5.853658536585366,60.0,0.0975609756097561,1.0,0.0,0.0,123.0,1.0,29.782082324455207,1.0,1.0,0.0,1.0,63.68038740920097,0.0338524590163934,0.0321228870278251,0.513107714413571,1.0,2
230.92779350250112,323302.4832964574,1400.027525991933,156.80077530899487,33197.0,46476219.0,1.0,1.0,1.0,0.0,0.0,0.0,0.0,0.0,16766.666666666668,46459452.333333336,2672.6638254879085,1.0,0.0,0.0,1.0,1.0,0.00920245398773,1.0,1.0,0.0,1.0,305.49386503067484,163.0,108.0,0.6014760147601477,3.0,5
10.699349589466316,1391.62043935228,142.95605386676817,1.1168720981402072,10.714285714285714,1375.142857142857,1.0,1.0,1.0,0.0,0.0,0.0,0.0,0.0,554.3571428571429,820.7857142857143,1.4873058463172233,1.0,0.0,0.0,1.0,1.0,0.0089662921048094,1.0,1.0,0.0,1.0,0.0960674154086731,120.10796261538462,1.382543910654144,0.9886201486010116,14.0,3
1109.0741413324895,66544.4484799494,60.0,0.2403565513380585,125.36666666666666,7522.0,123.4,1.9666666666666663,86.43111111111111,0.0,0.0,0.0,0.0,0.0,118.0,7404.0,56.46444444444444,1.0,0.0,0.0,1.0,1.0,30.303030303030305,0.0333333333333333,30.0,4.906890595608519,1.0,3798.989898989899,0.0341379310344827,0.0365095397433479,0.4832151902767803,30.0,1
7.972188807259522,1056.6893222049166,135.2185606060606,1.3381801996995353,9.375,1238.875,1.0,1.0,1.0,0.0,0.0,0.0,0.0,0.0,507.375,731.5,1.4374137668786724,1.0,0.0,0.0,1.0,1.0,0.0083379390892913,1.0,1.0,0.0,1.0,0.078168178962106,137.06710142857142,41.94221035791964,0.7656981643058594,8.0,3
875.0809959633204,52504.85975779921,60.0,0.2436251994453989,125.76190476190476,7545.714285714285,122.95238095238096,2.8095238095238093,63.98769841269842,0.0,0.0,0.0,0.0,0.0,168.57142857142858,7377.142857142857,51.89246031746031,1.0,0.0,0.0,1.0,1.0,44.30379746835443,0.0238095238095238,42.0,5.3923174227787625,1.0,5571.729957805907,0.0231219512195122,0.0269101441766367,0.4621423715404079,42.0,1
919.6680602436184,55180.08361461709,60.0,0.2681654489448944,140.07692307692307,8404.615384615385,137.34615384615384,2.730769230769231,66.45320512820514,0.0,0.0,0.0,0.0,0.0,163.84615384615384,8240.76923076923,43.991666666666674,1.0,0.0,0.0,1.0,1.0,30.197444831591174,0.0384615384615384,26.0,4.70043971814109,1.0,4229.965156794425,0.03444,0.0297214804476493,0.5367706567821532,26.0,1
712.7029773444154,42762.17864066493,60.0,0.300869281378164,126.38888888888889,7583.333333333333,124.22222222222224,2.1666666666666665,71.63657407407408,0.0,0.0,0.0,0.0,0.0,130.0,7453.333333333333,40.52546296296296,1.0,0.0,0.0,1.0,1.0,36.885245901639344,0.0277777777777777,36.0,5.1699250014423095,1.0,4661.88524590164,0.0278857142857142,0.0272970657016164,0.5053336256730174,36.0,1
12.2569349987098,1263.90537802874,126.91954022988506,0.2286873255742351,2.034482758620689,214.55172413793105,0.0,0.0,0.0,60.93103448275862,4.702956012318174,0.2260461507512132,0.4883829144068466,3.0,63.93103448275862,149.75862068965515,2.3427477584494256,0.0,1.0,0.0,1.0,1.0,0.0969899665551839,1.0,1.0,0.0,1.0,0.197324414715719,10.678571428571429,8.952468021359774,0.5439636273874867,29.0,4
1101.3156185170628,66078.93711102376,60.0,0.2577297737831164,124.5223880597015,7471.3432835820895,121.88059701492536,2.6417910447761197,65.88706467661692,0.0,0.0,0.0,0.0,0.0,158.50746268656715,7312.835820895522,50.49900497512438,1.0,0.0,0.0,1.0,1.0,69.0721649484536,0.0149253731343283,67.0,6.066089190457767,1.0,8601.030927835052,0.0146969696969696,0.0173292271042128,0.4589046207455713,67.0,1
494.38918987743074,692151.6882637726,1400.013781967952,182.4206778757513,51013.333333333336,71419206.66666667,1.0,1.0,1.0,0.0,0.0,0.0,0.0,0.0,43140.66666666666,71376066.0,1571.293519894238,1.0,0.0,0.0,1.0,1.0,0.009771986970684,1.0,1.0,0.0,1.0,498.5016286644951,153.5,80.5,0.655982905982906,3.0,5
154.20517967291534,215891.7921515406,1400.0291936993765,229.88687767621343,34818.0,48746224.66666666,1.0,1.0,1.0,0.0,0.0,0.0,0.0,0.0,38443.66666666666,48707781.0,1447.3397357774084,1.0,0.0,0.0,1.0,1.0,0.0181818181818181,1.0,1.0,0.0,1.0,633.0545454545454,82.5,20.5,0.8009708737864077,3.0,5
7.662550078593689,1280.9448792955095,168.5153318903319,1.3070356758051287,9.5,1467.8333333333333,1.0,1.0,1.0,0.0,0.0,0.0,0.0,0.0,578.0,889.8333333333334,1.534537947721972,1.0,0.0,0.0,1.0,1.0,0.0045562109518198,1.0,1.0,0.0,1.0,0.0432840040422885,263.3767428,232.1508939599002,0.5315076763874118,6.0,3
10.1754604124866,987.5908068073442,123.40151515151516,0.3140382528254233,2.090909090909091,219.6818181818182,0.0,0.0,0.0,60.95454545454545,4.691131510483219,0.2257959412677908,0.4902256604681131,3.0,65.31818181818181,153.4090909090909,2.3491683074076137,0.0,1.0,0.0,1.0,1.0,0.0901639344262295,1.0,1.0,0.0,1.0,0.1885245901639344,11.61904761904762,11.561332063952255,0.5012449225570211,22.0,4
10.550640775393758,1145.3152829830094,124.5881673881674,1.106334407222897,9.454545454545457,1088.090909090909,1.0,1.0,1.0,0.0,0.0,0.0,0.0,0.0,436.1818181818182,651.9090909090909,1.5002374451783742,1.0,0.0,0.0,1.0,1.0,0.006121976098395,1.0,1.0,0.0,1.0,0.0578805012939166,179.6805447,96.41201262990654,0.6507982194003782,11.0,3
7.042545630497295,1332.2493859317883,220.9104636104636,1.342535788119834,8.5,1593.1666666666667,1.0,1.0,1.0,0.0,0.0,0.0,0.0,0.0,605.6666666666666,987.5,1.6432387437315512,1.0,0.0,0.0,1.0,1.0,0.010013429778372,1.0,1.0,0.0,1.0,0.0851141531161625,119.8390588,1.4589292775250449,0.9879723538646608,6.0,3
958.2739379488144,57496.436276928864,60.0,0.271046946829303,131.24489795918367,7874.693877551021,128.91836734693877,2.326530612244898,72.6513605442177,0.0,0.0,0.0,0.0,0.0,139.59183673469389,7735.102040816327,39.95748299319728,1.0,0.0,0.0,1.0,1.0,50.77720207253886,0.0204081632653061,49.0,5.614709844115208,1.0,6664.248704663212,0.0201041666666666,0.0207507425402615,0.4920869255843888,49.0,1
14.661305409369009,13198.029789828022,1005.1428571428572,30.92915665193555,227.7142857142857,225325.2857142857,1.5714285714285714,1.2857142857142858,0.9761904761904762,4.285714285714286,0.9113994558469392,0.0,0.1904761904761904,0.8571428571428571,114052.71428571428,111272.57142857143,0.9876083955517148,0.5714285714285714,0.2857142857142857,0.1428571428571428,5.0,4.0,0.032258064516129,0.8,5.0,2.235926350629033,0.2857142857142857,7.345622119815668,36.16666666666666,22.36378520932646,0.6179119673173205,1.0,0
210.2820012723317,294399.4477782845,1400.0434739248576,143.81558285405293,29062.0,40687472.0,1.0,1.0,1.0,0.0,0.0,0.0,0.0,0.0,18040.5,40669431.5,2311.6897631101733,1.0,0.0,0.0,1.0,1.0,0.0096153846153846,1.0,1.0,0.0,1.0,279.4423076923077,208.0,0.0,1.0,2.0,5
120.14409926282408,123505.37011220682,973.0,3.5278923884937585,311.5,308716.0,2.5,2.0,1.25,0.0,0.0,0.0,0.0,0.0,162401.5,146314.5,0.9299058269069764,1.0,0.0,0.0,2.0,2.0,0.2857142857142857,1.0,2.0,1.0,0.5,89.0,7.0,0.0,1.0,1.0,0
4.789767680445237,4135.244107294484,799.0,37.36903883222195,151.5,126312.0,2.0,1.5,1.25,7.5,1.6867786311375927,0.0,0.3666666666666666,1.5,60674.5,65637.5,1.210414992852579,1.0,0.0,0.0,1.0,2.0,0.0104712041884816,1.0,2.0,1.0,0.5,1.5863874345549738,191.0,0.0,1.0,1.0,0
1071.422786728316,64285.36720369895,60.0,0.2565817551942462,124.6891891891892,7481.351351351352,122.06756756756756,2.621621621621621,64.26599099099099,0.0,0.0,0.0,0.0,0.0,157.2972972972973,7324.054054054054,41.21193693693693,1.0,0.0,0.0,1.0,1.0,79.22912205567451,0.0135135135135135,74.0,6.2094533656289554,1.0,9879.01498929336,0.0127945205479452,0.0137889760456157,0.4812956227528137,74.0,1
7.670314534015122,1080.3050439542596,151.34215506715506,1.3803895164156696,8.6,1191.4,1.0,1.0,1.0,0.0,0.0,0.0,0.0,0.0,474.4,717.0,1.514990256423263,1.0,0.0,0.0,1.0,1.0,0.0075579310159611,1.0,1.0,0.0,1.0,0.0649982067372657,147.0126028888889,49.88521411512683,0.7466441483497533,10.0,3
4.27011692217882,3125.040143588502,762.0,39.66609248486917,193.66666666666663,137922.66666666666,3.333333333333333,3.0,1.3333333333333333,8.333333333333334,2.0314299329367214,0.0,0.4786324786324786,2.0,79378.33333333333,58544.333333333336,0.8138545907709309,1.0,0.0,0.0,3.0,3.0,0.0157894736842105,1.0,3.0,1.584962500721156,0.3333333333333333,3.057894736842105,95.0,46.0,0.6737588652482269,1.0,0
10.335773198235731,991.0606851600756,123.95833333333331,0.2832387447213462,2.083333333333333,213.16666666666663,0.0,0.0,0.0,63.16666666666666,4.758938863618372,0.2390066081061632,0.4910026322562661,3.0,63.66666666666666,148.91666666666666,2.3388512885149293,0.0,1.0,0.0,1.0,1.0,0.0446096654275092,1.0,1.0,0.0,1.0,0.0929368029739776,24.454545454545453,29.873562761513995,0.4501269463919353,12.0,4
7.589765662254372,776.3464723333398,124.84375,0.2927364710160919,2.0,202.0,0.0,0.0,0.0,62.4375,4.756450605177921,0.2063710321089587,0.4934878264470776,3.0,60.125,140.9375,2.344430268066831,0.0,1.0,0.0,1.0,1.0,0.0608365019011406,1.0,1.0,0.0,1.0,0.1216730038022813,17.533333333333335,16.11569283510813,0.5210651043975051,16.0,4
111.31249696818846,6678.749818091308,60.0,0.0497294914486829,2.053475935828877,123.20855614973262,1.0,0.0909090909090909,1.0,0.0,0.0,0.0,0.0,0.0,5.454545454545454,60.0,0.0909090909090909,1.0,0.0,0.0,187.0,1.0,35.82375478927203,1.0,1.0,0.0,1.0,73.56321839080461,0.0280645161290322,0.0228015310048189,0.5517337735165866,1.0,2
7.990686716887525,1088.019254632413,151.95396349682065,1.4788653205793434,9.285714285714286,1298.7142857142858,1.0,1.0,1.0,0.0,0.0,0.0,0.0,0.0,495.4285714285714,803.2857142857143,1.6163994408303122,1.0,0.0,0.0,1.0,1.0,0.0053058246075207,1.0,1.0,0.0,1.0,0.0492683713555495,219.88413733333337,83.02237942471727,0.7259141852962109,7.0,3
8.108272662110307,9698.0990558136,1191.2,34.288761442325644,177.0,209374.4,2.2,2.4,1.0333333333333334,3.0,0.674711452455037,0.0,0.1466666666666666,0.6,99042.6,110331.8,1.2111799952039215,1.0,0.0,0.0,3.0,4.0,0.0279329608938547,0.8,5.0,2.321928094887362,0.4,4.944134078212291,44.75,30.22726418318403,0.596847597568605,1.0,0
68.68101815628741,4120.861089377246,60.0,0.050448804427037,1.9166666666666667,115.0,1.0,0.05,1.0,0.0,0.0,0.0,0.0,0.0,3.0,60.0,0.05,1.0,0.0,0.0,60.0,1.0,7.317073170731708,1.0,1.0,0.0,1.0,14.02439024390244,0.1389830508474576,0.1383889742259205,0.5010709021960307,1.0,2
8.349952877343386,954.8672921151444,136.5217391304348,0.3281962943506636,1.9130434782608696,213.6086956521739,0.0,0.0,0.0,60.60869565217392,4.733986993535125,0.2353294465575859,0.4995314543197588,3.0,63.65217391304348,149.08695652173913,2.3425784228256217,0.0,1.0,0.0,1.0,1.0,0.0881226053639846,1.0,1.0,0.0,1.0,0.1685823754789272,11.863636363636363,9.136815909203692,0.5649228983025113,23.0,4
661.1964220343659,39671.78532206194,60.0,0.256683859642127,120.09615384615384,7205.7692307692305,118.48076923076924,1.6153846153846154,84.49583333333334,0.0,0.0,0.0,0.0,0.0,96.92307692307692,7108.846153846154,40.20737179487181,1.0,0.0,0.0,1.0,1.0,52.47225025227044,0.0192307692307692,52.0,5.700439718141095,1.0,6301.715438950555,0.0194313725490196,0.0182888103601797,0.515145236591114,52.0,1
10.525228459852622,9975.14209570669,801.6666666666666,27.258182049910506,294.3333333333333,275450.0,2.333333333333333,2.0,1.3333333333333333,0.0,0.0,0.0,0.0,0.0,132150.33333333334,143299.66666666666,0.9983359853366006,1.0,0.0,0.0,3.0,3.0,0.0206896551724137,1.5,2.0,0.9182958340544896,0.3333333333333333,6.089655172413793,72.5,18.5,0.7967032967032966,1.0,0
111.76835709901198,6706.101425940719,60.0,0.0495255120386948,2.085889570552147,125.15337423312884,1.0,0.1165644171779141,1.0,0.0,0.0,0.0,0.0,0.0,6.993865030674846,60.0,0.1165644171779141,1.0,0.0,0.0,163.0,1.0,23.0225988700565,1.0,1.0,0.0,1.0,48.0225988700565,0.0437037037037037,0.0414682518586026,0.5131231684792402,1.0,2
361.9663839107105,506762.6861054334,1400.0214864704033,162.45686922136187,48147.0,67406408.5,1.0,1.0,1.0,0.0,0.0,0.0,0.0,0.0,8525.5,67397883.0,8052.971338248992,1.0,0.0,0.0,1.0,1.0,0.0072727272727272,1.0,1.0,0.0,1.0,350.16,275.0,0.0,1.0,2.0,5
287.2417996580705,402142.5836445162,1400.0124113813692,164.1420731376871,32171.33333333333,45040332.0,1.0,1.0,1.0,0.0,0.0,0.0,0.0,0.0,24927.0,45015405.0,2727.660533247756,1.0,0.0,0.0,1.0,1.0,0.0080862533692722,1.0,1.0,0.0,1.0,260.1455525606469,185.5,66.5,0.7361111111111112,3.0,5
7.905038380816289,1188.0709652649914,178.74932875766206,1.2804913080527762,8.222222222222221,1289.7777777777778,1.0,1.0,1.0,0.0,0.0,0.0,0.0,0.0,506.0,783.7777777777778,1.5454310924323882,1.0,0.0,0.0,1.0,1.0,0.0053515892072174,1.0,1.0,0.0,1.0,0.0440019557037877,210.217929,155.41563455578708,0.5749415533837492,9.0,3
7.4634859517759455,1231.667285198018,190.3690476190476,1.2971641104972311,8.625,1441.125,1.0,1.0,1.0,0.0,0.0,0.0,0.0,0.0,587.0,854.125,1.4832945231656236,1.0,0.0,0.0,1.0,1.0,0.0066728736124398,1.0,1.0,0.0,1.0,0.0575535349072936,171.2691127142857,58.60524210960413,0.7450553274874768,8.0,3
89.068956215168,5344.1373729100815,60.0,0.052331121298313,1.95959595959596,117.57575757575758,1.0,0.106060606060606,1.0,0.0,0.0,0.0,0.0,0.0,6.363636363636363,60.0,0.106060606060606,1.0,0.0,0.0,198.0,1.0,41.68421052631579,1.0,1.0,0.0,1.0,81.6842105263158,0.0241116751269035,0.0176211604374823,0.577762684965506,1.0,2
6.744261488865077,6398.513002516932,983.25,36.30327780079679,175.5,199755.25,1.0,1.25,0.2,7.75,1.6962236585283297,0.0,0.3782051282051282,1.5,104405.0,95350.25,0.8590951673228668,0.25,0.5,0.25,4.0,4.0,0.0199004975124378,1.3333333333333333,3.0,1.5,0.25,3.492537313432836,67.0,17.795130420052185,0.7901397128361037,1.0,0
94.6961170885068,5681.767025310408,60.0,0.0451078691696769,1.9851851851851847,119.11111111111111,1.0,0.1037037037037037,1.0,0.0,0.0,0.0,0.0,0.0,6.222222222222222,60.0,0.1037037037037037,1.0,0.0,0.0,135.0,1.0,32.29665071770335,1.0,1.0,0.0,1.0,64.11483253588517,0.0311940298507462,0.0264587760493368,0.541066984750196,1.0,2
14.985920018850871,1350.337642929192,106.59803921568628,0.2223662894214047,2.3529411764705883,200.52941176470588,0.0,0.0,0.0,62.64705882352941,4.679921970434542,0.2480183790646707,0.4715296812350061,3.0,59.76470588235294,139.8235294117647,2.3397480507961617,0.0,1.0,0.0,1.0,1.0,0.0568561872909698,1.0,1.0,0.0,1.0,0.1337792642140468,18.6875,15.47061226163981,0.5470881955319998,17.0,4
385.682833637,230626.937724707,906.4285714285714,29.32745594712738,278.57142857142856,261068.42857142855,2.4285714285714284,2.7142857142857144,0.75,6.142857142857143,1.396811446757175,0.0,0.3130952380952381,1.2857142857142858,136641.0,124427.42857142857,0.9178592124876208,0.8571428571428571,0.0,0.1428571428571428,5.0,4.0,0.0346534653465346,0.6666666666666666,6.0,2.5216406363433186,0.4285714285714285,9.653465346534654,33.666666666666664,29.37497044915771,0.5340385847660012,1.0,0
8.059991898554173,9908.322655140955,1188.5,37.50219255163776,275.0,335369.0,2.5,2.5,0.5,0.0,0.0,0.0,0.0,0.0,148025.5,187343.5,1.171659934874851,0.5,0.5,0.0,2.0,2.0,0.008695652173913,1.0,2.0,1.0,0.5,2.391304347826087,230.0,0.0,1.0,1.0,0
17.311540853644416,17351.481271374993,932.0,23.27785181676884,367.5,337774.0,0.5,1.0,0.25,0.0,0.0,0.0,0.0,0.0,165517.0,172257.0,1.0192274938906558,0.5,0.5,0.0,1.0,2.0,0.009009009009009,1.0,2.0,1.0,0.5,3.310810810810811,222.0,0.0,1.0,1.0,0
96.85691078787178,5811.414647272309,60.0,0.0471370233172873,2.1157894736842104,126.94736842105264,1.0,0.1263157894736842,1.0,0.0,0.0,0.0,0.0,0.0,7.578947368421052,60.0,0.1263157894736842,1.0,0.0,0.0,95.0,1.0,11.801242236024844,1.0,1.0,0.0,1.0,24.96894409937888,0.0856382978723404,0.0787476242213504,0.5209588313987822,1.0,2
1382.527389117356,82951.64334704136,60.0,0.2681772552610096,127.43636363636364,7646.181818181818,125.14545454545454,2.290909090909091,71.60363636363637,0.0,0.0,0.0,0.0,0.0,137.45454545454547,7508.727272727273,39.85818181818181,1.0,0.0,0.0,1.0,1.0,56.12244897959184,0.0181818181818181,55.0,5.781359713524656,1.0,7152.040816326531,0.0181481481481481,0.0209341183570137,0.4643576171753291,55.0,1
308.5764597827542,432014.7931870298,1400.0270986149817,134.9974438334183,35421.5,49590937.0,1.0,1.0,1.0,0.0,0.0,0.0,0.0,0.0,33815.25,49557121.75,1353.7534931739244,1.0,0.0,0.0,1.0,1.0,0.0090702947845804,1.0,1.0,0.0,1.0,321.28344671201813,147.0,75.31710739710246,0.6612176711053946,4.0,5
8.445328347676211,969.3560461717694,140.77450980392155,0.2896531687860812,1.7647058823529411,203.52941176470588,0.0,0.0,0.0,63.588235294117645,4.725986563728642,0.2320644927684028,0.4800794785573249,3.0,60.588235294117645,142.0,2.34408582105948,0.0,1.0,0.0,1.0,1.0,0.0580204778156996,1.0,1.0,0.0,1.0,0.1023890784982935,18.3125,16.33140666782871,0.5285922334216855,17.0,4
75.89286320532852,4553.57179231971,60.0,0.0543268858477124,2.074626865671642,124.4776119402985,1.0,0.1492537313432835,1.0,0.0,0.0,0.0,0.0,0.0,8.955223880597014,60.0,0.1492537313432835,1.0,0.0,0.0,67.0,1.0,20.05988023952096,1.0,1.0,0.0,1.0,41.61676646706587,0.0506060606060606,0.0436195253707796,0.5370734507132608,1.0,2
7.5813976174779,6757.292786938716,969.8,38.653325124738,240.6,208472.0,2.8,3.4,0.62,2.4,0.6503258334775646,0.0,0.1666666666666666,0.6,102279.6,106192.4,1.1316446952689805,0.8,0.2,0.0,4.0,3.0,0.0331125827814569,0.75,4.0,1.9219280948873625,0.4,7.966887417218543,37.75,25.31180554602931,0.5986190796970755,1.0,0
14.969111327897108,14086.053477529877,917.6,26.503593098582478,338.8,314123.4,3.4,2.8,1.0,4.8,1.188070208585738,0.0,0.2833333333333333,1.2,159110.4,155013.0,1.000889545365113,0.8,0.2,0.0,4.0,3.0,0.0232558139534883,0.75,4.0,1.9219280948873625,0.4,7.879069767441861,53.75,37.02954901156642,0.5920937103702905,1.0,0
8.730055227527906,7115.868279193203,884.2,39.854327674702375,267.8,242578.2,2.6,2.4,0.7833333333333333,3.0,0.674711452455037,0.0,0.1466666666666666,0.6,120342.8,122235.4,1.0355083199389592,0.8,0.2,0.0,3.0,2.0,0.0260416666666666,0.6666666666666666,3.0,1.521928094887362,0.6,6.973958333333333,48.0,50.07494383421713,0.4894216414861039,2.0,0
1038.1041389328827,62286.24833597297,60.0,0.2252896745092575,117.65517241379312,7059.310344827586,115.55172413793105,2.103448275862069,71.91954022988506,0.0,0.0,0.0,0.0,0.0,126.20689655172414,6933.103448275862,51.71264367816092,1.0,0.0,0.0,1.0,1.0,30.94983991462113,0.0344827586206896,29.0,4.857980995127571,1.0,3641.4087513340446,0.0334642857142857,0.0270257577439126,0.5532197333832505,29.0,1
9.706544085104095,1268.9493663627793,124.864245014245,1.3460150152394563,10.444444444444445,1231.2222222222222,1.0,1.0,1.0,0.0,0.0,0.0,0.0,0.0,504.0,727.2222222222222,1.4640089121533837,1.0,0.0,0.0,1.0,1.0,0.0074880254741428,1.0,1.0,0.0,1.0,0.0782082660632698,150.2398735,52.50264616225038,0.7410378136282672,9.0,3
818.4874261574828,49109.24556944896,60.0,0.2421124922528864,123.65714285714286,7419.428571428572,121.25714285714284,2.4,65.52476190476192,0.0,0.0,0.0,0.0,0.0,144.0,7275.428571428572,47.15333333333333,1.0,0.0,0.0,1.0,1.0,38.46153846153846,0.0285714285714285,35.0,5.129283016944964,1.0,4756.043956043956,0.0267647058823529,0.0221174123892431,0.5475357212149515,35.0,1
9.022144663467166,1236.8474843272793,155.86026949241236,1.2300262859980562,10.428571428571429,1464.571428571429,1.0,1.0,1.0,0.0,0.0,0.0,0.0,0.0,589.7142857142857,874.8571428571429,1.5134541304013631,1.0,0.0,0.0,1.0,1.0,0.009709680511105,1.0,1.0,0.0,1.0,0.1012580967586668,120.1550005,1.5610800560427966,0.9871744140222788,7.0,3
7.53837428620059,1064.7651641497564,178.34947089947093,1.3013033491319994,7.888888888888889,1211.111111111111,1.0,1.0,1.0,0.0,0.0,0.0,0.0,0.0,492.6666666666667,718.4444444444445,1.4981175426333408,1.0,0.0,0.0,1.0,1.0,0.0083260247950239,1.0,1.0,0.0,1.0,0.0656830844940778,135.11850225,38.50802706961522,0.7782134606933894,9.0,3
6.886817571613466,1060.1688131937403,167.71621212121212,1.3027855559902708,8.2,1273.3,1.0,1.0,1.0,0.0,0.0,0.0,0.0,0.0,513.0,760.3,1.4982465219203989,1.0,0.0,0.0,1.0,1.0,0.0092618634722968,1.0,1.0,0.0,1.0,0.0759472804728344,119.96625888888887,1.8699690109893048,0.9846517817957562,10.0,3
40.29207977151224,52538.76411986613,1132.428571428571,29.29017516137569,241.14285714285717,275708.4285714286,2.0,2.4285714285714284,0.6547619047619048,3.857142857142857,0.9035980613804296,0.0,0.2023809523809523,0.8571428571428571,128881.0,146827.42857142858,1.0405702042152958,0.8571428571428571,0.1428571428571428,0.0,4.0,4.0,0.0336538461538461,0.8,5.0,2.235926350629033,0.4285714285714285,8.115384615384615,34.666666666666664,17.21110752456745,0.6682373561147185,2.0,0
103.54454715428804,6212.672829257282,60.0,0.0473905729024082,2.07185628742515,124.31137724550898,1.0,0.1257485029940119,1.0,0.0,0.0,0.0,0.0,0.0,7.544910179640719,60.0,0.1257485029940119,1.0,0.0,0.0,167.0,1.0,29.401408450704228,1.0,1.0,0.0,1.0,60.91549295774648,0.0342168674698795,0.0285437935324546,0.5451960977371947,1.0,2
112.47508651067842,6748.505190640705,60.0,0.0498746721335222,1.9875776397515528,119.25465838509317,1.0,0.1118012422360248,1.0,0.0,0.0,0.0,0.0,0.0,6.708074534161491,60.0,0.1118012422360248,1.0,0.0,0.0,161.0,1.0,16.428571428571427,1.0,1.0,0.0,1.0,32.6530612244898,0.06125,0.0472989164780759,0.5642617355132322,1.0,2
50.12796710553189,70184.20996688523,1400.1008622418287,198.9707657404546,9974.0,13964606.0,1.0,1.0,1.0,0.0,0.0,0.0,0.0,0.0,32464.0,13932142.0,429.156665845244,1.0,0.0,0.0,1.0,1.0,1.0,1.0,1.0,0.0,1.0,9974.0,0.0,0.0,0.0,0.0,5
1008.2375257845936,60494.25154707562,60.0,0.2401423963855669,130.04347826086956,7802.608695652174,127.80434782608695,2.239130434782609,72.64492753623189,0.0,0.0,0.0,0.0,0.0,134.34782608695653,7668.260869565217,45.427536231884055,1.0,0.0,0.0,1.0,1.0,47.37384140061792,0.0217391304347826,46.0,5.5235619560570095,1.0,6160.659114315139,0.0215777777777777,0.0283097854216043,0.4325281972891594,46.0,1
177.26359928030297,248174.6445794201,1400.037868135263,176.1060764081447,28850.25,40391240.0,1.0,1.0,1.0,0.0,0.0,0.0,0.0,0.0,38495.25,40352744.75,982.025657332332,1.0,0.0,0.0,1.0,1.0,0.0079840319361277,1.0,1.0,0.0,1.0,230.34131736526948,167.0,27.58018612458347,0.8582579928928388,4.0,5
8.421758690422722,1058.042364961691,155.56155067155066,1.1752348532468295,9.2,1217.1,1.0,1.0,1.0,0.0,0.0,0.0,0.0,0.0,466.5,750.6,1.59906244853924,1.0,0.0,0.0,1.0,1.0,0.0092294476477016,1.0,1.0,0.0,1.0,0.0849109183588552,120.38760644444444,1.877388680662887,0.9846449208234797,10.0,3
1505.3416658143017,90320.49994885812,60.0,0.221467401515688,125.97222222222224,7558.333333333333,123.38888888888889,2.583333333333333,64.35416666666667,0.0,0.0,0.0,0.0,0.0,155.0,7403.333333333333,41.99305555555556,1.0,0.0,0.0,1.0,1.0,38.01478352692714,0.0277777777777777,36.0,5.1699250014423095,1.0,4788.806758183739,0.0270571428571428,0.026272139351839,0.5073599669148708,36.0,1
38.26047055702024,43308.92869048069,1098.25,27.78080947980397,329.0,359882.75,2.25,2.5,0.625,6.75,1.5196549927512886,0.0,0.3375,1.5,181816.75,178066.0,1.0113914426507185,0.75,0.0,0.25,3.0,2.0,0.0160642570281124,0.5,4.0,2.0,0.5,5.285140562248996,83.0,73.84217403805678,0.5291943988219684,1.0,0
11.94940971297111,13231.7996682405,1121.25,25.93428683268523,242.75,267868.0,2.5,2.5,0.7625,3.75,0.7641411905327385,0.0,0.15,0.75,134531.75,133336.25,1.0530833929135976,0.75,0.25,0.0,2.0,3.0,0.0181818181818181,0.75,4.0,2.0,0.5,4.413636363636364,73.33333333333333,56.10902086315731,0.5665327534294915,1.0,0
4.241857279232079,4575.904623781008,1153.0,39.4297215865077,172.5,185734.5,1.0,1.25,0.2,3.0,0.7712406251802889,0.0,0.1875,0.75,81203.75,104530.75,1.1301027676413224,0.25,0.75,0.0,3.0,3.0,0.0975609756097561,1.5,2.0,0.8112781244591328,0.5,16.829268292682926,13.666666666666666,15.173075568988056,0.4738831073798744,2.0,0
10.991432793929974,1127.380569717223,121.8095238095238,0.2732835565500583,2.142857142857143,213.04761904761904,0.0,0.0,0.0,61.61904761904762,4.723920735635614,0.2240026913105355,0.4959465797434524,3.0,63.38095238095238,148.66666666666666,2.3455278057635187,0.0,1.0,0.0,1.0,1.0,0.0901287553648068,1.0,1.0,0.0,1.0,0.1931330472103004,11.65,14.259295213999884,0.4496455771481198,21.0,4
353.4017111103667,494766.77676194656,1400.0087431310849,201.6354598717703,55479.333333333336,77671578.0,1.0,1.0,1.0,0.0,0.0,0.0,0.0,0.0,39744.0,77631834.0,2113.216991176584,1.0,0.0,0.0,1.0,1.0,0.0073891625615763,1.0,1.0,0.0,1.0,409.9458128078818,203.0,129.0,0.6114457831325302,3.0,5
86.28934349560413,5177.360609736249,60.0,0.0516041719521123,2.0142857142857142,120.85714285714286,1.0,0.0785714285714285,1.0,0.0,0.0,0.0,0.0,0.0,4.714285714285714,60.0,0.0785714285714285,1.0,0.0,0.0,140.0,1.0,42.81345565749236,1.0,1.0,0.0,1.0,86.23853211009174,0.0235251798561151,0.016484713186845,0.5879840726106218,1.0,2
28.87235994095826,22540.19553715861,902.4285714285714,29.54016433885684,251.8571428571429,232037.2857142857,2.0,2.142857142857143,0.6619047619047619,4.285714285714286,0.9253013891979556,0.0,0.2023809523809523,0.8571428571428571,109251.71428571428,122785.57142857143,1.1685500121491008,0.5714285714285714,0.2857142857142857,0.1428571428571428,4.0,3.0,0.0261194029850746,0.75,4.0,1.8423709931771084,0.4285714285714285,6.578358208955224,44.66666666666666,39.07542563925426,0.5333836955433765,2.0,0
8.106033541615611,1281.540655878509,152.94452075702074,1.1182973591294838,8.5,1225.8333333333333,1.0,1.0,1.0,0.0,0.0,0.0,0.0,0.0,493.5833333333333,732.25,1.497040116547187,1.0,0.0,0.0,1.0,1.0,0.0090894985522254,1.0,1.0,0.0,1.0,0.0772607376939161,120.018622,1.3541936035006872,0.9888426943317804,12.0,3
9.58515747118443,1443.053533682585,165.40177045177046,1.060665327918213,9.5,1435.3333333333333,1.0,1.0,1.0,0.0,0.0,0.0,0.0,0.0,580.3333333333334,855.0,1.4855021905717565,1.0,0.0,0.0,1.0,1.0,0.0071473165834087,1.0,1.0,0.0,1.0,0.0678995075423827,167.89517940000002,59.351647240219535,0.738822987683846,6.0,3
6.717049513733258,847.966715806581,145.86805555555557,0.3092567306662361,1.8333333333333333,212.16666666666663,0.0,0.0,0.0,61.91666666666666,4.72337465590057,0.2251302741545163,0.4921947502203604,3.0,63.125,148.125,2.346306325668506,0.0,1.0,0.0,1.0,1.0,0.0879120879120879,1.0,1.0,0.0,1.0,0.1611721611721611,11.869565217391305,9.4053839707399,0.5579127410566534,24.0,4
139.51081237749196,8370.648742649515,60.0,0.0502155641151936,1.9824561403508767,118.94736842105264,1.0,0.087719298245614,1.0,0.0,0.0,0.0,0.0,0.0,5.2631578947368425,60.0,0.087719298245614,1.0,0.0,0.0,114.0,1.0,16.42651296829971,1.0,1.0,0.0,1.0,32.56484149855908,0.0614159292035398,0.0601600704998228,0.50516491209935,1.0,2
10.530668796048786,7799.192169258156,803.0,29.687346473751923,236.0,168918.5,3.25,3.75,0.875,0.0,0.0,0.0,0.0,0.0,80561.5,88357.0,1.0398420240491932,1.0,0.0,0.0,3.0,3.0,0.0239520958083832,1.0,3.0,1.5,0.5,5.652694610778443,55.66666666666666,65.30101241345515,0.4601780168882662,1.0,0
6.028879770708672,5505.7520066926645,929.0,16.56757532261535,83.5,79139.0,3.5,3.5,1.0,0.0,0.0,0.0,0.0,0.0,35992.5,43146.5,1.1487224410481174,1.0,0.0,0.0,2.0,2.0,0.0344827586206896,1.0,2.0,1.0,0.5,2.8793103448275863,58.0,0.0,1.0,1.0,0
11.298773171872744,1085.1139354276943,118.76344086021508,0.2569748476165676,2.096774193548387,205.0967741935484,0.0,0.0,0.0,61.74193548387097,4.709322914116616,0.2257453082095201,0.4849610735307765,3.0,61.12903225806452,143.03225806451613,2.339752506837516,0.0,1.0,0.0,1.0,1.0,0.1103202846975089,1.0,1.0,0.0,1.0,0.2313167259786477,9.366666666666667,9.81999094817415,0.4881864707598461,31.0,4
11.63960595858012,11676.523166780866,1020.0,29.43808179709628,279.2857142857143,267907.0,1.7142857142857142,1.2857142857142858,0.7619047619047619,0.0,0.0,0.0,0.0,0.0,135591.7142857143,132315.2857142857,1.052142270417527,0.7142857142857143,0.2857142857142857,0.0,4.0,5.0,0.0309734513274336,1.0,5.0,2.1280852788913944,0.2857142857142857,8.650442477876107,37.66666666666666,26.195843605851334,0.5898087392107383,1.0,0
901.3918358403388,54083.51015042033,60.0,0.2629535954890469,137.54166666666666,8252.5,134.70833333333334,2.833333333333333,69.47083333333332,0.0,0.0,0.0,0.0,0.0,170.0,8082.5,47.49166666666667,1.0,0.0,0.0,1.0,1.0,51.89189189189189,0.0208333333333333,48.0,5.5849625007211605,1.0,7137.297297297297,0.0196808510638297,0.0217423074026328,0.4751171033894953,48.0,1
26.15277032880996,28958.73241744549,884.0,16.345060790974184,290.2857142857143,266040.14285714284,2.2857142857142856,2.2857142857142856,0.6666666666666666,1.7142857142857142,0.4407089286744508,0.0,0.1071428571428571,0.4285714285714285,126504.28571428572,139535.85714285713,1.1401724258926549,0.7142857142857143,0.2857142857142857,0.0,5.0,6.0,0.0366492146596858,1.2,5.0,2.235926350629033,0.2857142857142857,10.638743455497382,31.83333333333333,20.284778091520305,0.6107921500423541,1.0,0
11.156261584485648,1199.4135541691776,128.91666666666666,0.254552033817527,2.0789473684210527,222.8947368421053,0.0,0.0,0.0,63.42105263157895,4.756089155863308,0.2360580063010621,0.4894884142460444,3.0,66.36842105263158,155.6315789473684,2.3455704785441367,0.0,1.0,0.0,1.0,1.0,0.1342756183745583,1.0,1.0,0.0,1.0,0.2791519434628975,7.648648648648648,7.609440140702246,0.5012848433538337,38.0,4
194.7025755246204,272586.6670692156,1400.0156879415797,206.88651645413816,37353.0,52294803.5,1.0,1.0,1.0,0.0,0.0,0.0,0.0,0.0,26241.75,52268561.75,2246.7075776764173,1.0,0.0,0.0,1.0,1.0,0.0192307692307692,1.0,1.0,0.0,1.0,718.3269230769231,69.33333333333333,46.449494674921446,0.5988222478759129,4.0,5
9.7678083469738,1581.277695117261,177.03483245149914,1.0701099075598512,9.333333333333334,1476.5555555555557,1.0,1.0,1.0,0.0,0.0,0.0,0.0,0.0,582.5555555555555,894.0,1.549457229229539,1.0,0.0,0.0,1.0,1.0,0.0057781865064319,1.0,1.0,0.0,1.0,0.0539297407266979,194.69776525,101.9256968058865,0.656380192923907,9.0,3
9.81294164514535,872.9109889133596,97.11458333333331,0.3200149910612909,2.375,202.75,0.0,0.0,0.0,61.0625,4.714186409562641,0.2160983959011433,0.4887046358744144,3.0,60.375,141.375,2.341271529761252,0.0,1.0,0.0,1.0,1.0,0.0553633217993079,1.0,1.0,0.0,1.0,0.1314878892733564,19.266666666666666,21.955915426650336,0.4673813644922105,16.0,4
14.244774268005392,21020.89124917913,1482.0,10.355777977455398,182.0,267722.0,3.0,2.0,1.125,0.0,0.0,0.0,0.0,0.0,137680.0,130042.0,1.109358787549514,1.0,0.0,0.0,1.0,2.0,0.0196078431372549,1.0,2.0,1.0,0.5,3.5686274509803924,102.0,0.0,1.0,1.0,0
105.47662653499916,6328.59759209995,60.0,0.0491549550793734,2.103703703703704,126.22222222222224,1.0,0.1111111111111111,1.0,0.0,0.0,0.0,0.0,0.0,6.666666666666667,60.0,0.1111111111111111,1.0,0.0,0.0,135.0,1.0,15.254237288135592,1.0,1.0,0.0,1.0,32.09039548022599,0.0660447761194029,0.0600748122737474,0.5236678692093629,1.0,2
24.73807036267736,23251.50368465375,1007.6,10.268108640597044,218.4,213475.2,2.4,2.2,0.8166666666666668,0.0,0.0,0.0,0.0,0.0,105088.8,108386.4,0.9756917523043102,0.8,0.0,0.2,2.0,4.0,0.0531914893617021,0.8,5.0,2.321928094887362,0.4,11.617021276595745,23.5,3.905124837953327,0.8575038478735509,1.0,0
7.845134210792251,6072.549651185609,827.75,42.92099705510276,323.25,253596.25,2.5,3.25,0.5333333333333333,3.25,0.8097253141506577,0.0,0.1923076923076923,0.75,121119.5,132476.75,1.049163926308846,0.75,0.25,0.0,3.0,3.0,0.0150375939849624,1.0,3.0,1.5,0.5,4.860902255639098,88.66666666666667,51.69998925424346,0.6316789844778099,1.0,0
13.08892213550164,12576.530285462351,1099.25,26.479243085373916,241.75,266551.5,2.0,2.0,0.9166666666666666,9.25,2.2688732311779023,0.0,0.5256410256410257,2.25,129328.5,137223.0,1.1422620220860356,0.75,0.25,0.0,3.0,4.0,0.0163265306122449,1.0,4.0,2.0,0.25,3.946938775510204,81.66666666666667,87.39692341394073,0.4830529543808281,1.0,0
998.0696284365172,59884.17770619103,60.0,0.2491002835824741,124.04347826086956,7442.608695652174,121.54347826086956,2.5,66.27028985507248,0.0,0.0,0.0,0.0,0.0,150.0,7292.608695652174,46.70507246376812,1.0,0.0,0.0,1.0,1.0,46.7479674796748,0.0217391304347826,46.0,5.5235619560570095,1.0,5798.780487804878,0.0218666666666666,0.0223761778088513,0.4942418808258739,46.0,1
968.206928543826,58092.415712629576,60.0,0.2696387019851049,131.76666666666668,7906.0,129.4,2.3666666666666667,75.88722222222222,0.0,0.0,0.0,0.0,0.0,142.0,7764.0,55.92055555555555,1.0,0.0,0.0,1.0,1.0,35.08771929824562,0.0333333333333333,30.0,4.906890595608519,1.0,4623.391812865497,0.0294827586206896,0.0288224298308718,0.5056626932126841,30.0,1
8.458142157850409,7762.051816429674,942.6666666666666,37.772092567731455,318.0,280209.6666666667,3.0,2.6666666666666665,0.75,0.0,0.0,0.0,0.0,0.0,155099.33333333334,125110.33333333331,0.8268956897262463,0.6666666666666666,0.3333333333333333,0.0,2.0,3.0,0.0217391304347826,1.0,3.0,1.584962500721156,0.3333333333333333,6.913043478260869,69.0,52.0,0.5702479338842975,1.0,0
8.779937207777861,698.6212426270381,97.41666666666669,0.3369837653770555,2.2,188.1,0.0,0.0,0.0,59.6,4.708405503037378,0.2373176583951233,0.4982264341076537,3.0,56.0,131.2,2.3445203861686523,0.0,1.0,0.0,1.0,1.0,0.0432900432900432,1.0,1.0,0.0,1.0,0.0952380952380952,25.666666666666668,24.106246309019397,0.5156753971624037,10.0,4
13.979536053659226,14706.316218385507,1186.3333333333333,23.983574176622103,245.0,281232.5,2.333333333333333,2.5,0.6611111111111111,4.5,1.051365654919796,0.0,0.2388888888888889,1.0,138861.33333333334,142371.16666666666,1.0802356679970055,0.6666666666666666,0.3333333333333333,0.0,4.0,4.0,0.0324324324324324,1.3333333333333333,3.0,1.2516291673878228,0.3333333333333333,7.945945945945946,37.0,29.6108088373148,0.5554654063782051,1.0,0
8.170691587804503,9652.310163819348,1035.5,33.98673056896318,85.0,97381.0,4.0,4.5,0.9166666666666669,0.0,0.0,0.0,0.0,0.0,45556.5,51824.5,1.2277722005559275,1.0,0.0,0.0,2.0,2.0,0.1428571428571428,1.0,2.0,1.0,0.5,12.142857142857142,14.0,0.0,1.0,1.0,0
80.95567150243146,4857.340290145887,60.0,0.0518669173765985,1.964705882352941,117.88235294117646,1.0,0.1647058823529411,1.0,0.0,0.0,0.0,0.0,0.0,9.882352941176473,60.0,0.1647058823529411,1.0,0.0,0.0,85.0,1.0,8.919202518363065,1.0,1.0,0.0,1.0,17.52360965372508,0.1134523809523809,0.1062621875096267,0.5163625778051162,1.0,2
191.79123307674809,268515.223399789,1400.047945722726,153.6712430637693,31261.33333333333,43766587.66666666,1.0,1.0,1.0,0.0,0.0,0.0,0.0,0.0,24637.666666666668,43741950.0,1752.7918636381537,1.0,0.0,0.0,1.0,1.0,0.0068493150684931,1.0,1.0,0.0,1.0,214.1187214611872,219.0,61.0,0.7821428571428571,3.0,5
7.252170191382416,5078.3196008349805,700.6666666666666,31.0539728452814,175.33333333333334,125935.66666666669,2.0,2.333333333333333,0.8055555555555555,5.0,1.018854920710318,0.0,0.1999999999999999,1.0,57299.333333333336,68636.33333333333,1.1915590778671004,1.0,0.0,0.0,3.0,3.0,0.0416666666666666,1.5,2.0,0.9182958340544896,0.3333333333333333,7.305555555555555,36.0,21.0,0.631578947368421,1.0,0
6.915390255909779,6713.7203740661225,865.25,34.74580567236155,219.25,205615.5,2.0,2.0,0.6875,0.0,0.0,0.0,0.0,0.0,97604.5,108011.0,0.986796669198827,0.75,0.0,0.25,3.0,3.0,0.0289855072463768,1.5,2.0,1.0,0.5,6.355072463768116,46.0,19.86621923433512,0.6983853109337246,1.0,0
10.382309035952945,998.5955896894416,124.37619047619046,0.2862513557175889,2.0285714285714285,212.77142857142857,0.0,0.0,0.0,62.285714285714285,4.715995352432816,0.2330945527640233,0.4845252360488651,3.0,63.34285714285714,148.54285714285714,2.34559632322552,0.0,1.0,0.0,1.0,1.0,0.1211072664359861,1.0,1.0,0.0,1.0,0.245674740484429,8.5,6.436339844060077,0.5690818559796162,35.0,4
2.190130693093061,1173.164017816368,535.0,50.64928181839884,110.5,59112.0,2.0,1.5,1.5,0.0,0.0,0.0,0.0,0.0,28825.0,30287.0,1.0591549477938766,1.0,0.0,0.0,1.0,2.0,0.03125,1.0,2.0,1.0,0.5,3.453125,64.0,0.0,1.0,1.0,0
10.412532437246558,10598.04811961834,927.4,33.67021773519562,289.8,280271.4,2.4,2.4,0.6666666666666667,5.0,1.2981060847980903,0.0,0.3205128205128205,1.2,147786.0,132485.4,0.8388566948798271,0.6,0.4,0.0,4.0,3.0,0.0246305418719211,0.75,4.0,1.9219280948873625,0.4,7.137931034482759,50.75,18.7533330370897,0.730180809788184,1.0,0
255.29415745299931,357415.5931056424,1400.0251666467443,185.72927706286788,44917.5,62885220.5,1.0,1.0,1.0,0.0,0.0,0.0,0.0,0.0,31873.5,62853347.0,2011.6378111407248,1.0,0.0,0.0,1.0,1.0,0.1428571428571428,1.0,1.0,0.0,1.0,6416.785714285715,14.0,0.0,1.0,2.0,5
11.88306277384356,13886.468609082134,930.0,32.30118994709409,241.4,247833.6,2.8,2.8,0.86,0.0,0.0,0.0,0.0,0.0,122753.6,125080.0,1.003974099248495,0.8,0.2,0.0,3.0,3.0,0.0290697674418604,1.0,3.0,1.521928094887362,0.4,7.017441860465116,43.0,11.895377253370318,0.7833082155813038,2.0,0
7.941792660053355,11340.115556653016,1426.5,35.98428257408105,284.5,403013.0,2.0,2.0,0.5,9.0,1.696073611832267,0.0,0.3333333333333333,1.5,207665.0,195348.0,0.9435849407764502,0.5,0.5,0.0,2.0,2.0,0.0217391304347826,1.0,2.0,1.0,0.5,6.184782608695652,92.0,0.0,1.0,1.0,0
79.50380033667044,4770.228020200227,60.0,0.0511144880859957,1.9028571428571428,114.17142857142858,1.0,0.0914285714285714,1.0,0.0,0.0,0.0,0.0,0.0,5.485714285714286,60.0,0.0914285714285714,1.0,0.0,0.0,175.0,1.0,42.06730769230769,1.0,1.0,0.0,1.0,80.04807692307692,0.0239080459770114,0.0183739146580132,0.5654431728789553,1.0,2
8.849700341319254,878.3785650714369,124.70555555555552,0.3119402510185715,2.033333333333333,207.7,0.0,0.0,0.0,61.03333333333333,4.693613060945655,0.2324505410890693,0.4942958651005668,3.0,61.833333333333336,144.93333333333334,2.3449821940997846,0.0,1.0,0.0,1.0,1.0,0.1071428571428571,1.0,1.0,0.0,1.0,0.2178571428571428,9.655172413793103,7.077286943986012,0.577032473669467,30.0,4
6.236883532958676,6219.250824642507,846.5,49.631846931375335,315.0,316799.0,1.5,1.5,0.5,0.0,0.0,0.0,0.0,0.0,146035.0,170764.0,1.1709270696641465,0.5,0.5,0.0,1.0,2.0,0.0298507462686567,1.0,2.0,1.0,0.5,9.402985074626866,67.0,0.0,1.0,1.0,0
285.65053432968824,399917.7162268774,1400.0265535010417,170.28183679038327,33753.333333333336,47255524.333333336,1.0,1.0,1.0,0.0,0.0,0.0,0.0,0.0,39696.333333333336,47215828.0,1210.937496577926,1.0,0.0,0.0,1.0,1.0,0.0116279069767441,1.0,1.0,0.0,1.0,392.4806201550388,129.0,102.0,0.5584415584415584,3.0,5
49.53610652324665,60357.2278130788,1152.0,24.56321952458525,278.5,334459.5,1.0,0.5,1.0,0.0,0.0,0.0,0.0,0.0,139147.5,195312.0,1.3774896459596686,0.5,0.5,0.0,2.0,2.0,0.0132450331125827,1.0,2.0,1.0,0.5,3.6887417218543046,151.0,0.0,1.0,1.0,0
8.755479547776456,7759.647640360184,885.25,38.81567511492465,281.5,243368.75,1.5,1.75,0.45,0.0,0.0,0.0,0.0,0.0,124874.75,118494.0,1.081281437165022,0.5,0.5,0.0,3.0,2.0,0.028169014084507,0.5,4.0,2.0,0.75,7.929577464788732,47.333333333333336,43.92670663224772,0.5186643940895185,2.0,0
6.61762705807893,5751.85819129528,828.5,43.62284191930601,285.5,247820.5,5.0,4.5,1.125,0.0,0.0,0.0,0.0,0.0,123361.5,124459.0,0.9765056996247092,1.0,0.0,0.0,2.0,2.0,0.1818181818181818,1.0,2.0,1.0,0.5,51.90909090909091,11.0,0.0,1.0,1.0,0
11.825596106307954,13876.16055666806,1145.5,30.2159987758713,240.0,276891.1666666667,2.333333333333333,2.5,0.638888888888889,9.0,2.133967733444694,0.0,0.4944444444444444,2.0,123472.66666666669,153418.5,1.2296466419728576,0.6666666666666666,0.3333333333333333,0.0,3.0,4.0,0.0271493212669683,1.0,4.0,1.7924812503605778,0.3333333333333333,6.515837104072398,44.2,18.00444389588304,0.7105601663119336,2.0,0
952.0358860545982,57122.153163275885,60.0,0.2521832085341373,136.48333333333332,8189.0,133.71666666666667,2.7666666666666666,66.295,0.0,0.0,0.0,0.0,0.0,166.0,8023.0,36.49500000000001,1.0,0.0,0.0,1.0,1.0,68.18181818181819,0.0166666666666666,60.0,5.906890595608517,1.0,9305.681818181818,0.0149152542372881,0.015250771734397,0.4944388184008081,60.0,1
956.2967222557928,57377.80333534758,60.0,0.2730128968758018,114.4054054054054,6864.324324324324,111.8108108108108,2.5945945945945947,54.12432432432431,0.0,0.0,0.0,0.0,0.0,155.67567567567568,6708.648648648648,41.50270270270269,1.0,0.0,0.0,1.0,1.0,39.27813163481954,0.027027027027027,37.0,5.209453365628954,1.0,4493.630573248408,0.0261666666666666,0.018594353981787,0.5845860145186524,37.0,1
4.27489798093817,3999.9210400823854,895.5,47.46088377444743,217.83333333333331,207908.5,2.6666666666666665,3.1666666666666665,0.5555555555555556,4.666666666666667,1.102076419812969,0.0,0.2504273504273504,1.0,97721.83333333331,110186.66666666669,1.149906266569131,0.6666666666666666,0.3333333333333333,0.0,3.0,4.0,0.0229885057471264,0.8,5.0,2.2516291673878226,0.3333333333333333,5.007662835249042,52.2,36.30096417452297,0.5898240825609781,1.0,0
906.8542125321644,54411.25275192987,60.0,0.2810967262829311,126.25714285714284,7575.428571428572,123.64285714285714,2.6142857142857143,67.37333333333333,0.0,0.0,0.0,0.0,0.0,156.85714285714286,7418.571428571428,52.97333333333333,1.0,0.0,0.0,1.0,1.0,70.70707070707071,0.0142857142857142,70.0,6.129283016944973,1.0,8927.272727272728,0.0143478260869565,0.013303400553565,0.5188856998456067,70.0,1
844.1054670696465,50646.32802417878,60.0,0.2471598306013068,118.07407407407408,7084.444444444444,115.87037037037037,2.203703703703704,69.62283950617284,0.0,0.0,0.0,0.0,0.0,132.22222222222223,6952.222222222223,48.84506172839506,1.0,0.0,0.0,1.0,1.0,57.02217529039071,0.0185185185185185,54.0,5.7548875021634665,1.0,6732.840549102429,0.0178679245283018,0.0176699699798455,0.5027851192536313,54.0,1
81.991466279965,4919.487976797899,60.0,0.0528231492653424,2.0202020202020203,121.21212121212122,1.0,0.0404040404040404,1.0,0.0,0.0,0.0,0.0,0.0,2.4242424242424243,60.0,0.0404040404040404,1.0,0.0,0.0,99.0,1.0,31.32911392405063,1.0,1.0,0.0,1.0,63.291139240506325,0.0322448979591836,0.0231027258858545,0.5825886590806976,1.0,2
8.931589581727183,1150.840486591905,136.9257561882562,1.280752532540554,10.125,1310.125,1.0,1.0,1.0,0.0,0.0,0.0,0.0,0.0,530.0625,780.0625,1.478227783004825,1.0,0.0,0.0,1.0,1.0,0.0089033110161641,1.0,1.0,0.0,1.0,0.0901460240386615,119.80561666666668,1.4729591718652488,0.987854745476016,16.0,3
30.02858565019505,22522.90516484761,1078.0,33.68176664715664,366.25,421201.5,3.5,2.75,1.3958333333333333,3.75,0.7641411905327384,0.0,0.15,0.75,223500.75,197700.75,0.9943047433725178,1.0,0.0,0.0,3.0,3.0,0.0189573459715639,1.0,3.0,1.5,0.5,6.943127962085308,70.33333333333333,23.098821518760552,0.7527743895522186,1.0,0
14.006457863383076,1465.2963263416682,127.84166666666668,0.2302096741714151,2.175,225.825,0.0,0.0,0.0,62.625,4.705542694578689,0.2308990274575509,0.4851311877335844,3.0,67.275,157.65,2.343498933599,0.0,1.0,0.0,1.0,1.0,0.1515151515151515,1.0,1.0,0.0,1.0,0.3295454545454545,6.769230769230769,5.446530480964822,0.5541390856114173,40.0,4
11.972136589976843,1143.6116542341554,123.96666666666668,0.2665798103993802,2.2,221.4333333333333,0.0,0.0,0.0,62.6,4.722489702940113,0.2186301546720323,0.4844737522607966,3.0,66.0,154.43333333333334,2.339319697341713,0.0,1.0,0.0,1.0,1.0,0.1030927835051546,1.0,1.0,0.0,1.0,0.2268041237113402,10.03448275862069,6.697826506029785,0.5997069860416725,30.0,4
380.4939906076693,532698.2273240488,1400.0177043177523,165.6216800693445,51087.75,71523688.25,1.0,1.0,1.0,0.0,0.0,0.0,0.0,0.0,27879.0,71495809.25,3245.565680177201,1.0,0.0,0.0,1.0,1.0,0.0094117647058823,1.0,1.0,0.0,1.0,480.8258823529412,141.66666666666666,73.91135832122752,0.6571479939786162,4.0,5
80.69282092907683,4841.569255744609,60.0,0.0491653377357105,2.0170454545454546,121.02272727272728,1.0,0.1079545454545454,1.0,0.0,0.0,0.0,0.0,0.0,6.477272727272728,60.0,0.1079545454545454,1.0,0.0,0.0,176.0,1.0,27.286821705426355,1.0,1.0,0.0,1.0,55.03875968992248,0.0368571428571428,0.0317464444417619,0.5372480406389951,1.0,2
10.620298500216332,10328.557686749027,1007.5,29.395296044832826,251.5,246990.0,3.0,2.75,0.9166666666666666,0.0,0.0,0.0,0.0,0.0,130265.25,116724.75,0.9211654476231936,0.75,0.25,0.0,3.0,4.0,0.1666666666666666,1.3333333333333333,3.0,1.5,0.25,41.91666666666666,8.0,3.559026084010437,0.6920998310633085,1.0,0
590.9557870671041,827344.5582571801,1400.0176664576782,186.94832286131307,38758.66666666666,54262753.333333336,1.0,1.0,1.0,0.0,0.0,0.0,0.0,0.0,40068.333333333336,54222685.0,1416.4379696100789,1.0,0.0,0.0,1.0,1.0,0.0170454545454545,1.0,1.0,0.0,1.0,660.6590909090909,88.0,52.0,0.6285714285714286,3.0,5
4.692030662157999,5233.494480159274,1148.2857142857142,30.7439723064521,132.42857142857142,148057.14285714287,2.571428571428572,2.2857142857142856,0.9047619047619048,2.571428571428572,0.4845924605235048,0.0,0.0952380952380952,0.4285714285714285,72836.0,75221.14285714286,1.064246965828833,0.7142857142857143,0.2857142857142857,0.0,3.0,6.0,0.0386740331491712,1.2,5.0,2.235926350629033,0.2857142857142857,5.121546961325967,30.166666666666668,22.68198012128179,0.5708124710876389,2.0,0
10.33581869094681,1128.8774502583365,159.3975824175824,1.1071401674526735,9.8,1189.8,1.0,1.0,1.0,0.0,0.0,0.0,0.0,0.0,488.2,701.6,1.447143704613899,1.0,0.0,0.0,1.0,1.0,0.0104671947158452,1.0,1.0,0.0,1.0,0.1025785082152835,119.42072675,0.8200030165781037,0.9931803223569088,5.0,3
801.405238323046,48084.31429938274,60.0,0.2493239545429267,130.02,7801.2,127.86,2.16,76.49666666666667,0.0,0.0,0.0,0.0,0.0,129.6,7671.6,45.67666666666667,1.0,0.0,0.0,1.0,1.0,54.6448087431694,0.02,50.0,5.643856189774728,1.0,7104.918032786885,0.0186734693877551,0.0218887612156372,0.4603659391994429,50.0,1
969.4378221388588,58166.26932833152,60.0,0.2262587041294444,113.125,6787.5,110.83928571428572,2.2857142857142856,69.97172619047619,0.0,0.0,0.0,0.0,0.0,137.14285714285714,6650.357142857143,38.7217261904762,1.0,0.0,0.0,1.0,1.0,59.70149253731344,0.0178571428571428,56.0,5.807354922057609,1.0,6753.731343283583,0.0170545454545454,0.0177132905231361,0.4905265161022165,56.0,1
57.26160609880933,3435.6963659285598,60.0,0.0566615331808402,2.1186440677966103,127.1186440677966,1.0,0.1186440677966101,1.0,0.0,0.0,0.0,0.0,0.0,7.11864406779661,60.0,0.1186440677966101,1.0,0.0,0.0,59.0,1.0,15.775401069518717,1.0,1.0,0.0,1.0,33.42245989304813,0.0644827586206896,0.0493465022969382,0.5664866669682792,1.0,2
328.9820998490844,460581.57524282666,1400.015197636126,178.02546171073232,36396.333333333336,50955485.0,1.0,1.0,1.0,0.0,0.0,0.0,0.0,0.0,30992.0,50924493.0,2412.019123023703,1.0,0.0,0.0,1.0,1.0,0.01875,1.0,1.0,0.0,1.0,682.43125,80.0,13.0,0.8602150537634408,3.0,5
8.903391530196362,1171.5720665980018,132.8416037087912,1.3668908640502142,10.625,1319.25,1.0,1.0,1.0,0.0,0.0,0.0,0.0,0.0,517.875,801.375,1.5706564855233491,1.0,0.0,0.0,1.0,1.0,0.0088843169601524,1.0,1.0,0.0,1.0,0.0943958677016194,120.0617528,1.857369703992367,0.9847655587913904,16.0,3
908.7047305603572,54522.28383362143,60.0,0.2664720471836163,126.47619047619048,7588.571428571428,123.8095238095238,2.6666666666666665,58.45238095238095,0.0,0.0,0.0,0.0,0.0,160.0,7428.571428571428,39.88095238095238,1.0,0.0,0.0,1.0,1.0,24.705882352941178,0.0476190476190476,21.0,4.39231742277876,1.0,3124.705882352941,0.0425,0.0328412849931302,0.5640997496110566,21.0,1
1032.715106395278,61962.90638371667,60.0,0.2506421408869483,133.17073170731706,7990.243902439024,130.90243902439025,2.268292682926829,75.33983739837399,0.0,0.0,0.0,0.0,0.0,136.09756097560975,7854.1463414634145,42.94959349593496,1.0,0.0,0.0,1.0,1.0,43.85026737967914,0.024390243902439,41.0,5.357552004618081,1.0,5839.5721925133685,0.023375,0.0236036940964756,0.4975659806974837,41.0,1
67.57075428155086,84364.81103559643,1090.8,32.74055475850795,343.6,344862.0,1.2,1.4,0.3333333333333333,6.0,1.3026259048523816,0.0,0.2799999999999999,1.2,166562.2,178299.8,1.1527917056502432,0.4,0.4,0.2,3.0,4.0,0.0210970464135021,1.0,4.0,1.9219280948873625,0.4,7.248945147679325,59.25,26.06122598804592,0.6945158660397437,1.0,0
471.6935172814363,660376.7700362,1400.0233668493538,112.4002312021657,37556.66666666666,52579788.66666666,1.0,1.0,1.0,0.0,0.0,0.0,0.0,0.0,36416.66666666666,52543372.0,1456.6038191583184,1.0,0.0,0.0,1.0,1.0,0.015,1.0,1.0,0.0,1.0,563.35,100.0,95.0,0.5128205128205129,3.0,5
9.149856137093767,1060.6213469227032,118.59582185491276,1.3072395455698544,10.181818181818182,1156.5454545454545,1.0,1.0,1.0,0.0,0.0,0.0,0.0,0.0,448.54545454545456,708.0,1.5526868032175651,1.0,0.0,0.0,1.0,1.0,0.0083286669200691,1.0,1.0,0.0,1.0,0.0848009722770675,132.07395739999998,35.72949569553473,0.7870753251114979,11.0,3
576.1892614919482,34571.35568951688,60.0,0.2920689794642446,133.0,7980.0,130.44,2.56,65.09733333333334,0.0,0.0,0.0,0.0,0.0,153.6,7826.4,43.97733333333333,1.0,0.0,0.0,1.0,1.0,28.538812785388128,0.04,25.0,4.643856189774723,1.0,3795.662100456621,0.0365,0.0395885084336351,0.4797045013943929,25.0,1
962.1379186586352,57728.2751195181,60.0,0.2545380377426007,130.24074074074073,7814.444444444444,127.79629629629628,2.4444444444444446,72.86296296296297,0.0,0.0,0.0,0.0,0.0,146.66666666666666,7667.777777777777,61.62222222222222,1.0,0.0,0.0,1.0,1.0,57.26405090137858,0.0185185185185185,54.0,5.7548875021634665,1.0,7458.112407211029,0.0177924528301886,0.0175718025520155,0.5031196794021028,54.0,1
1584.2650604705668,95055.90362823404,60.0,0.2184329470896456,141.67857142857142,8500.714285714286,139.14285714285714,2.5357142857142856,83.6309523809524,0.0,0.0,0.0,0.0,0.0,152.14285714285714,8348.57142857143,59.95238095238096,1.0,0.0,0.0,1.0,1.0,30.23758099352052,0.0357142857142857,28.0,4.807354922057606,1.0,4284.01727861771,0.0342962962962963,0.0324936629888156,0.5134947926812293,28.0,1
69.67001767065564,4180.201060239338,60.0,0.0503554101928599,2.059322033898305,123.55932203389833,1.0,0.0423728813559322,1.0,0.0,0.0,0.0,0.0,0.0,2.542372881355932,60.0,0.0423728813559322,1.0,0.0,0.0,118.0,1.0,20.557491289198605,1.0,1.0,0.0,1.0,42.33449477351916,0.049059829059829,0.0417354899496615,0.5403343431691777,1.0,2
324.73022339601204,454644.90180216456,1400.069562504874,39.48816302313263,12823.0,17953092.0,1.0,1.0,1.0,0.0,0.0,0.0,0.0,0.0,20402.0,17932690.0,878.9672581119498,1.0,0.0,0.0,1.0,1.0,1.0,1.0,1.0,0.0,1.0,12823.0,0.0,0.0,0.0,0.0,5
18.37577929469403,21812.63494861872,1155.6666666666667,20.32405481560753,200.66666666666663,249215.3333333333,2.333333333333333,2.0,1.0,0.0,0.0,0.0,0.0,0.0,134024.33333333334,115191.0,0.993770373620849,0.6666666666666666,0.3333333333333333,0.0,3.0,3.0,0.024793388429752,1.0,3.0,1.584962500721156,0.3333333333333333,4.975206611570248,60.5,32.5,0.6505376344086021,1.0,0
9.46104539556432,11587.521064286644,1269.0,35.81732415512462,337.0,413883.0,2.0,2.5,0.4,0.0,0.0,0.0,0.0,0.0,213541.0,200342.0,0.9397768641045084,0.5,0.5,0.0,2.0,2.0,0.0208333333333333,1.0,2.0,1.0,0.5,7.020833333333333,96.0,0.0,1.0,1.0,0
12.459267693632224,1343.1259809566593,132.23333333333332,0.2156918560671732,2.0,204.46666666666667,0.0,0.0,0.0,62.53333333333333,4.70735448165932,0.2126960939258148,0.4776971803545457,3.0,60.86666666666667,142.6,2.3423596242524103,0.0,1.0,0.0,1.0,1.0,0.0597609561752988,1.0,1.0,0.0,1.0,0.1195219123505976,17.928571428571427,19.843906174060034,0.4746464242346235,15.0,4
11.551948608708814,1351.647209231193,139.39583333333334,0.2175657151744225,1.875,205.58333333333331,0.0,0.0,0.0,62.875,4.740181291784055,0.2354360398078429,0.4880091216984006,3.0,61.16666666666666,143.41666666666666,2.345077750962627,0.0,1.0,0.0,1.0,1.0,0.088235294117647,1.0,1.0,0.0,1.0,0.1654411764705882,11.826086956521738,10.153826324884468,0.5380406558075893,24.0,4
12.846224485973892,14926.815304573116,1287.0,40.13839714750242,337.5,408204.5,2.5,2.0,1.25,7.5,1.5949490477321435,0.0,0.3333333333333333,1.5,195937.0,212267.5,1.0174755396703272,1.0,0.0,0.0,1.0,2.0,0.5,1.0,2.0,1.0,0.5,168.75,4.0,0.0,1.0,1.0,0
15.722808644428278,1241.2818492276565,95.0909090909091,0.2801538452596394,2.5454545454545454,209.54545454545453,0.0,0.0,0.0,64.54545454545455,4.776069763986803,0.2648523109018236,0.4817663853444431,3.0,62.54545454545455,146.27272727272728,2.3390690647490824,0.0,1.0,0.0,1.0,1.0,0.0547263681592039,1.0,1.0,0.0,1.0,0.1393034825870646,20.1,13.087780560507577,0.6056445975154595,11.0,4
35.06482119427725,25123.35684914039,978.6666666666666,18.26054849392689,238.33333333333331,200049.3333333333,1.3333333333333333,1.0,0.4444444444444444,0.0,0.0,0.0,0.0,0.0,105350.66666666669,94698.66666666669,0.9007094104998674,0.3333333333333333,0.6666666666666666,0.0,3.0,3.0,0.019108280254777,1.0,3.0,1.584962500721156,0.3333333333333333,4.554140127388535,78.5,14.5,0.8440860215053764,1.0,0
819.4377512076279,49166.26507245767,60.0,0.2699776786834128,116.70422535211269,7002.2535211267605,114.01408450704226,2.6901408450704225,59.351173708920186,0.0,0.0,0.0,0.0,0.0,161.40845070422534,6840.845070422535,41.39342723004695,1.0,0.0,0.0,1.0,1.0,73.27141382868938,0.0140845070422535,71.0,6.149747119504677,1.0,8551.08359133127,0.0138428571428571,0.0137940315398526,0.5008833411670371,71.0,1
1007.1647472810218,60429.88483686132,60.0,0.2463286107871603,129.26785714285714,7756.071428571428,127.03571428571428,2.232142857142857,75.47886904761904,0.0,0.0,0.0,0.0,0.0,133.92857142857142,7622.142857142857,65.10386904761904,1.0,0.0,0.0,1.0,1.0,56.33802816901409,0.0178571428571428,56.0,5.807354922057609,1.0,7282.696177062374,0.0180727272727272,0.016528602806765,0.5223130796188294,56.0,1
4.244507528174324,4137.601343048812,874.5,38.16633293890619,142.5,126645.0,4.5,5.5,0.8166666666666667,0.0,0.0,0.0,0.0,0.0,67607.5,59037.5,0.8953065183691251,1.0,0.0,0.0,2.0,2.0,0.0078740157480314,1.0,2.0,1.0,0.5,1.1220472440944882,254.0,0.0,1.0,1.0,0
6.242145577465253,6721.142630964171,1091.857142857143,45.57802884353891,270.1428571428572,290732.8571428572,2.0,2.142857142857143,0.7142857142857143,3.857142857142857,0.9154562756455392,0.0,0.2119047619047619,0.8571428571428571,147221.0,143511.85714285713,1.0339996574021697,0.7142857142857143,0.2857142857142857,0.0,3.0,4.0,0.0290456431535269,0.5714285714285714,7.0,2.807354922057604,0.4285714285714285,7.846473029045643,40.16666666666666,42.48300313720248,0.485987019209922,2.0,0
1151.6064487342912,69096.38692405749,60.0,0.2384513155147848,123.82,7429.2,121.52,2.3,65.24,0.0,0.0,0.0,0.0,0.0,138.0,7291.2,36.9,1.0,0.0,0.0,1.0,1.0,56.56108597285068,0.02,50.0,5.643856189774728,1.0,7003.393665158371,0.0180408163265306,0.016761178644048,0.5183845449602006,50.0,1
777.1727870301003,46630.36722180601,60.0,0.2773225930414705,121.81395348837208,7308.837209302325,119.25581395348836,2.558139534883721,62.92751937984496,0.0,0.0,0.0,0.0,0.0,153.48837209302326,7155.348837209303,47.0437984496124,1.0,0.0,0.0,1.0,1.0,43.69918699186992,0.0232558139534883,43.0,5.426264754702098,1.0,5323.170731707317,0.0234285714285714,0.031367364642664,0.427560383275759,43.0,1
8.293974990474295,9111.679089883026,1082.857142857143,36.18961468727619,234.14285714285717,245192.2857142857,1.7142857142857142,1.2857142857142858,0.9285714285714286,6.428571428571429,1.4195732314306653,0.0,0.3047619047619047,1.2857142857142858,126104.42857142857,119087.85714285714,0.9636672659519394,0.7142857142857143,0.2857142857142857,0.0,4.0,3.0,0.0321100917431192,0.6,5.0,2.1280852788913944,0.4285714285714285,7.518348623853211,36.333333333333336,18.56220772310113,0.6618631064403108,2.0,0
969.3455400689008,58160.73240413404,60.0,0.276421588893206,121.58490566037736,7295.094339622641,118.90566037735849,2.679245283018868,55.496540880503154,0.0,0.0,0.0,0.0,0.0,160.75471698113208,7134.33962264151,35.1191823899371,1.0,0.0,0.0,1.0,1.0,53.21285140562249,0.0188679245283018,53.0,5.727920454563195,1.0,6469.879518072289,0.0191538461538461,0.0193056235483787,0.4980267877364439,53.0,1
4.6416340250548105,5042.36789321929,1012.6666666666666,34.484371734575944,168.33333333333334,191682.66666666663,3.0,3.6666666666666665,0.85,5.0,1.0632993651547624,0.0,0.2222222222222222,1.0,87746.0,103936.66666666669,1.2000009177792117,1.0,0.0,0.0,3.0,2.0,0.09375,1.0,2.0,0.9182958340544896,0.6666666666666666,15.78125,16.0,10.0,0.6153846153846154,1.0,0
7.228325245213737,10093.009075557911,1397.0,49.22588505941394,342.0,477711.0,1.0,1.5,0.75,12.0,3.168295834054489,0.0,0.7916666666666667,3.0,227766.5,249944.5,1.098635759307069,1.0,0.0,0.0,2.0,2.0,0.2857142857142857,2.0,1.0,0.0,0.5,97.71428571428572,7.0,0.0,1.0,1.0,0
12.61433837037137,11792.7208558642,814.6666666666666,25.5444262963262,293.6666666666667,254726.66666666663,0.3333333333333333,0.3333333333333333,0.3333333333333333,8.0,2.0356725698651186,0.0,0.5,2.0,129060.66666666669,125666.0,0.918785537751242,0.3333333333333333,0.6666666666666666,0.0,3.0,3.0,0.0285714285714285,1.0,3.0,1.584962500721156,0.3333333333333333,8.39047619047619,52.5,24.5,0.6818181818181818,1.0,0
11.650000677561025,12111.937480024815,1060.0,29.334524076828057,260.8,284759.8,1.0,1.2,0.4666666666666666,3.0,0.6480447857883703,0.0,0.1466666666666666,0.6,148866.8,135893.0,1.033303214414984,0.6,0.2,0.2,4.0,4.0,0.0235849056603773,1.0,4.0,1.9219280948873625,0.4,6.150943396226415,53.0,36.92560087527351,0.5893761007336589,1.0,0
12.10398041804316,950.1471470870016,95.09649122807018,0.2590136948062512,2.473684210526316,207.8947368421053,0.0,0.0,0.0,62.26315789473684,4.7575108197016345,0.2482229806489033,0.49391247289496,3.0,61.89473684210526,145.10526315789474,2.344050076959174,0.0,1.0,0.0,1.0,1.0,0.0664335664335664,1.0,1.0,0.0,1.0,0.1643356643356643,15.88888888888889,11.064903920298274,0.5894861996369277,19.0,4
7.306139050508001,5435.946167752697,809.6666666666666,29.484621800983323,223.66666666666663,159483.33333333334,2.0,2.0,0.6666666666666666,10.0,2.082511921957356,0.0,0.4259259259259259,2.0,86033.0,73450.33333333333,0.9750390299652304,0.6666666666666666,0.3333333333333333,0.0,3.0,3.0,0.0319148936170212,1.0,3.0,1.584962500721156,0.3333333333333333,7.138297872340425,47.0,31.0,0.6025641025641025,1.0,0
10.610245568316545,1202.993446515956,139.28174603174605,0.253488031571469,1.9523809523809523,215.54761904761904,0.0,0.0,0.0,60.97619047619048,4.724772194648504,0.2280509298936723,0.4955678870805517,3.0,64.23809523809524,150.4047619047619,2.341996532565456,0.0,1.0,0.0,1.0,1.0,0.1478873239436619,1.0,1.0,0.0,1.0,0.2887323943661972,6.926829268292683,7.399374541472882,0.4835076591309525,42.0,4
46.41886437468352,35477.99574011764,901.4285714285714,25.41505354632203,316.2857142857143,279108.28571428574,2.142857142857143,2.571428571428572,0.4785714285714285,1.7142857142857142,0.4079126488867905,0.0,0.0952380952380952,0.4285714285714285,149142.14285714287,129966.14285714286,0.914982981911482,0.5714285714285714,0.4285714285714285,0.0,4.0,5.0,0.0319634703196347,1.0,5.0,2.235926350629033,0.4285714285714285,10.10958904109589,36.5,36.89060404312549,0.4973388688632678,1.0,0
6.246132460653673,886.7566877578083,151.6048076923077,1.2870436879377756,8.0,1070.0,1.0,1.0,1.0,0.0,0.0,0.0,0.0,0.0,431.1666666666667,638.8333333333334,1.4336316980629975,1.0,0.0,0.0,1.0,1.0,0.0071310223792661,1.0,1.0,0.0,1.0,0.0570481790341291,168.2788156,59.36975554669305,0.7392043567519861,6.0,3
312.91964922799104,438095.2778289276,1400.0227387225696,161.901776519988,44847.0,62786650.5,1.0,1.0,1.0,0.0,0.0,0.0,0.0,0.0,10771.5,62775879.0,5859.282302293674,1.0,0.0,0.0,1.0,1.0,0.0350877192982456,1.0,1.0,0.0,1.0,1573.578947368421,57.0,0.0,1.0,2.0,5
7.799880259400075,9090.005943551329,1086.0,43.932012990655394,319.0,346886.25,1.75,1.75,0.7916666666666666,3.0,0.7138471355518834,0.0,0.1666666666666666,0.75,161827.75,185058.5,1.134012402112016,0.75,0.25,0.0,4.0,3.0,0.0363636363636363,0.75,4.0,2.0,0.5,11.6,36.66666666666666,4.189935029992179,0.8974477842993285,1.0,0
69.68633158789235,4181.179895273541,60.0,0.0524894013906222,2.044117647058824,122.6470588235294,1.0,0.088235294117647,1.0,0.0,0.0,0.0,0.0,0.0,5.294117647058823,60.0,0.088235294117647,1.0,0.0,0.0,68.0,1.0,11.7039586919105,1.0,1.0,0.0,1.0,23.92426850258176,0.0867164179104477,0.0719118046004964,0.5466644997832272,1.0,2
11.741044504980762,1118.642188457573,114.74074074074072,0.2887685678009691,2.1666666666666665,206.19444444444449,0.0,0.0,0.0,61.02777777777778,4.704144284924927,0.2273819011520759,0.4857770141581942,3.0,61.47222222222222,143.77777777777777,2.338707552514839,0.0,1.0,0.0,1.0,1.0,0.1493775933609958,1.0,1.0,0.0,1.0,0.3236514522821577,6.885714285714286,7.685873604296683,0.4725438529890445,36.0,4
104.05979057774896,6243.587434664939,60.0,0.0502218644315094,2.0828729281767955,124.97237569060772,1.0,0.1325966850828729,1.0,0.0,0.0,0.0,0.0,0.0,7.955801104972376,60.0,0.1325966850828729,1.0,0.0,0.0,181.0,1.0,18.65979381443299,1.0,1.0,0.0,1.0,38.8659793814433,0.0538888888888888,0.0499709792322713,0.5188615185417286,1.0,2
912.2649023284744,54735.89413970847,60.0,0.2408347823827281,129.08333333333334,7745.0,126.52777777777776,2.555555555555556,66.38773148148147,0.0,0.0,0.0,0.0,0.0,153.33333333333334,7591.666666666667,45.16550925925925,1.0,0.0,0.0,1.0,1.0,72.21664994984955,0.0138888888888888,72.0,6.1699250014423175,1.0,9321.96589769308,0.0140422535211267,0.0106670964669078,0.5682971639450912,72.0,1
1169.0063796898644,70140.38278139189,60.0,0.2556137465318477,132.8095238095238,7968.571428571428,130.52380952380952,2.2857142857142856,82.4888888888889,0.0,0.0,0.0,0.0,0.0,137.14285714285714,7831.428571428572,58.53650793650794,1.0,0.0,0.0,1.0,1.0,21.627188465499486,0.0476190476190476,21.0,4.39231742277876,1.0,2872.2966014418125,0.0485499999999999,0.0358838055395466,0.5750066539078403,21.0,1
7.1070782175199305,1026.1868166078227,161.6531746031746,1.2615131283961898,8.083333333333334,1142.4166666666667,1.0,1.0,1.0,0.0,0.0,0.0,0.0,0.0,462.5833333333333,679.8333333333334,1.4950791373375845,1.0,0.0,0.0,1.0,1.0,0.0091003562465649,1.0,1.0,0.0,1.0,0.0735612129930666,119.875427,1.775989328823081,0.985400997518824,12.0,3
15.527503434334182,13133.109012873663,1030.25,20.208969611641734,233.5,253594.0,2.75,2.75,0.75,0.0,0.0,0.0,0.0,0.0,118685.75,134908.25,0.9611231836253878,0.75,0.25,0.0,3.0,3.0,0.0213903743315508,0.75,4.0,2.0,0.5,4.994652406417113,62.333333333333336,43.28458796795408,0.5901776191515855,1.0,0
88.63201304082247,5317.920782449348,60.0,0.0510440832820629,2.016949152542373,121.01694915254237,1.0,0.1186440677966101,1.0,0.0,0.0,0.0,0.0,0.0,7.11864406779661,60.0,0.1186440677966101,1.0,0.0,0.0,118.0,1.0,25.159914712153515,1.0,1.0,0.0,1.0,50.74626865671642,0.04008547008547,0.0339807820622972,0.5412109958729484,1.0,2
119.74030030050024,7184.418018030015,60.0,0.0475894421317996,2.010752688172043,120.64516129032258,1.0,0.1612903225806451,1.0,0.0,0.0,0.0,0.0,0.0,9.67741935483871,60.0,0.1612903225806451,1.0,0.0,0.0,93.0,1.0,18.23529411764706,1.0,1.0,0.0,1.0,36.66666666666667,0.0554347826086956,0.0561522202023071,0.4967852994724365,1.0,2
89.98848188266724,5399.308912960035,60.0,0.0497563844390126,1.9608938547486037,117.6536312849162,1.0,0.0670391061452514,1.0,0.0,0.0,0.0,0.0,0.0,4.022346368715084,60.0,0.0670391061452514,1.0,0.0,0.0,179.0,1.0,20.984759671746776,1.0,1.0,0.0,1.0,41.14888628370458,0.0479213483146067,0.0454645743604573,0.5131538773927294,1.0,2
113.97546552983758,6838.527931790255,60.0,0.0523833563790375,1.9101123595505616,114.6067415730337,1.0,0.1067415730337078,1.0,0.0,0.0,0.0,0.0,0.0,6.404494382022472,60.0,0.1067415730337078,1.0,0.0,0.0,178.0,1.0,17.90744466800805,1.0,1.0,0.0,1.0,34.205231388329985,0.0561581920903954,0.0482219193555791,0.5380162112536351,1.0,2
11.687946236886786,1099.397145156493,130.53030303030303,0.2725567902295424,1.9696969696969695,203.33333333333331,0.0,0.0,0.0,60.60606060606061,4.699312141565804,0.2282338801607563,0.492197049821359,3.0,60.63636363636363,141.75757575757575,2.337855709712898,0.0,1.0,0.0,1.0,1.0,0.1141868512110726,1.0,1.0,0.0,1.0,0.2249134948096885,9.03125,11.375643869139893,0.442558777338349,33.0,4
14.48889045240892,16855.76319499397,1019.1666666666666,32.970459656025646,295.5,318156.1666666667,2.5,2.6666666666666665,0.6333333333333333,3.0,0.5653578706107557,0.0,0.1111111111111111,0.5,141535.66666666666,176620.5,1.1630759154555037,0.6666666666666666,0.3333333333333333,0.0,5.0,3.0,0.044776119402985,0.75,4.0,1.7924812503605778,0.3333333333333333,13.23134328358209,26.8,23.81092186371624,0.5295299712612692,1.0,0
82.8338795027846,4970.032770167076,60.0,0.0513901619534895,2.0412371134020617,122.47422680412372,1.0,0.134020618556701,1.0,0.0,0.0,0.0,0.0,0.0,8.041237113402062,60.0,0.134020618556701,1.0,0.0,0.0,194.0,1.0,45.01160092807425,1.0,1.0,0.0,1.0,91.87935034802786,0.0223316062176165,0.0164223368046307,0.5762408796647295,1.0,2
87.94793383956296,5276.876030373778,60.0,0.0491803047203299,2.1058823529411765,126.3529411764706,1.0,0.088235294117647,1.0,0.0,0.0,0.0,0.0,0.0,5.294117647058823,60.0,0.088235294117647,1.0,0.0,0.0,170.0,1.0,28.716216216216218,1.0,1.0,0.0,1.0,60.472972972972975,0.0350295857988165,0.02771631993885,0.5582768371417127,1.0,2
1054.317845120146,63259.070707208746,60.0,0.2460958032489111,135.66,8139.6,133.2,2.46,75.02533333333332,0.0,0.0,0.0,0.0,0.0,147.6,7992.0,48.78533333333333,1.0,0.0,0.0,1.0,1.0,50.76142131979695,0.02,50.0,5.643856189774728,1.0,6886.294416243655,0.0201020408163265,0.0190544278403961,0.5133772657733079,50.0,1
1593.126248968655,95587.57493811936,60.0,0.2151867536456387,127.20689655172414,7632.413793103448,125.0,2.206896551724138,70.27988505747126,0.0,0.0,0.0,0.0,0.0,132.41379310344828,7500.0,45.10747126436781,1.0,0.0,0.0,1.0,1.0,30.526315789473685,0.0344827586206896,29.0,4.857980995127571,1.0,3883.157894736842,0.0339285714285714,0.0331165998205351,0.5060554070704018,29.0,1
13.927799529278966,13487.419765988578,1136.0,33.48583993177708,294.57142857142856,335211.8571428572,3.4285714285714284,3.4285714285714284,0.9833333333333334,6.0,1.3092512416642472,0.0,0.2761904761904761,1.2857142857142858,166098.14285714287,169113.7142857143,1.050444602042438,0.8571428571428571,0.1428571428571428,0.0,3.0,5.0,0.024390243902439,1.0,5.0,2.235926350629033,0.2857142857142857,7.184668989547038,47.833333333333336,38.572082592926655,0.5535918416752394,2.0,0
79.32731537268451,4759.63892236107,60.0,0.0533370188396537,1.9230769230769231,115.3846153846154,1.0,0.0828402366863905,1.0,0.0,0.0,0.0,0.0,0.0,4.970414201183432,60.0,0.0828402366863905,1.0,0.0,0.0,169.0,1.0,31.88679245283019,1.0,1.0,0.0,1.0,61.320754716981135,0.031547619047619,0.0270798663401009,0.5381028853444045,1.0,2
100.25280014907024,6015.168008944213,60.0,0.0524408902151568,1.984732824427481,119.08396946564883,1.0,0.0916030534351145,1.0,0.0,0.0,0.0,0.0,0.0,5.496183206106871,60.0,0.0916030534351145,1.0,0.0,0.0,131.0,1.0,15.707434052757794,1.0,1.0,0.0,1.0,31.17505995203837,0.0641538461538461,0.0555363306644275,0.5359992595821067,1.0,2
87.54408799153684,5252.645279492211,60.0,0.0507195651409291,2.056410256410256,123.3846153846154,1.0,0.1179487179487179,1.0,0.0,0.0,0.0,0.0,0.0,7.076923076923077,60.0,0.1179487179487179,1.0,0.0,0.0,195.0,1.0,59.63302752293578,1.0,1.0,0.0,1.0,122.62996941896024,0.0168556701030927,0.0111183786650118,0.6025466761290282,1.0,2
1328.1599857202752,79689.5991432165,60.0,0.2368195512159919,123.68,7420.8,121.14,2.54,62.45066666666666,0.0,0.0,0.0,0.0,0.0,152.4,7268.4,43.17066666666667,1.0,0.0,0.0,1.0,1.0,51.49330587023688,0.0204081632653061,49.0,5.603856189774728,1.0,6368.6920700308965,0.0198163265306122,0.0166103895067769,0.5440052984812658,50.0,1
10.162238684999217,1137.651121298525,126.06608235514486,1.2062852152355803,10.625,1241.5,1.0,1.0,1.0,0.0,0.0,0.0,0.0,0.0,486.4375,755.0625,1.558870166069338,1.0,0.0,0.0,1.0,1.0,0.0088774294689227,1.0,1.0,0.0,1.0,0.0943226881073041,120.15490186666668,1.9584589296284247,0.9839619602895424,16.0,3
10.152602990727434,1126.8963400862403,131.2536231884058,0.2625558008483592,1.9782608695652173,204.1086956521739,0.0,0.0,0.0,60.73913043478261,4.714043802760088,0.2237904413521179,0.496788684824519,3.0,60.78260869565217,142.3695652173913,2.342334162205376,0.0,1.0,0.0,1.0,1.0,0.1564625850340136,1.0,1.0,0.0,1.0,0.3095238095238095,6.533333333333333,6.438081149604197,0.503671618999394,46.0,4
10.04308375060916,949.57923968877,113.54444444444444,0.2878361500582923,2.2666666666666666,218.86666666666667,0.0,0.0,0.0,63.46666666666667,4.771296057443705,0.2439423425829425,0.4941665005806911,3.0,65.13333333333334,152.86666666666667,2.3468786458622413,0.0,1.0,0.0,1.0,1.0,0.057471264367816,1.0,1.0,0.0,1.0,0.1302681992337164,18.642857142857142,18.499448419797137,0.5019305307100295,15.0,4
9.270502709303113,987.982943192256,110.94117647058825,0.2705315737319885,2.0588235294117645,197.23529411764707,0.0,0.0,0.0,61.88235294117647,4.724923632581068,0.229807196862512,0.4878477356172515,3.0,58.8235294117647,137.47058823529412,2.33718196422545,0.0,1.0,0.0,1.0,1.0,0.0631970260223048,1.0,1.0,0.0,1.0,0.1301115241635687,16.8125,21.272690091993532,0.4414445604548632,17.0,4
65.47558865591313,3928.535319354788,60.0,0.0527986973437738,1.8776978417266188,112.66187050359711,1.0,0.1151079136690647,1.0,0.0,0.0,0.0,0.0,0.0,6.906474820143885,60.0,0.1151079136690647,1.0,0.0,0.0,139.0,1.0,29.892473118279568,1.0,1.0,0.0,1.0,56.12903225806451,0.033695652173913,0.0284140220272152,0.5425185787450308,1.0,2
8.255535437295098,960.083887290624,137.69230769230768,0.2742779036977177,1.9615384615384612,214.96153846153845,0.0,0.0,0.0,61.38461538461539,4.699841092027843,0.2358901784201732,0.4867954022464893,3.0,64.03846153846153,150.03846153846155,2.3429712031880223,0.0,1.0,0.0,1.0,1.0,0.0905923344947735,1.0,1.0,0.0,1.0,0.1777003484320557,11.48,9.887851131565442,0.5372557085556107,26.0,4
726.641809784354,43598.50858706124,60.0,0.2677496355252132,125.41666666666669,7525.0,122.86666666666666,2.55,62.30416666666666,0.0,0.0,0.0,0.0,0.0,153.0,7372.0,39.6875,1.0,0.0,0.0,1.0,1.0,60.30150753768845,0.0166666666666666,60.0,5.906890595608517,1.0,7562.814070351759,0.016864406779661,0.0168628139951352,0.5000236127449749,60.0,1
79.41177491070047,4764.706494642029,60.0,0.0525008774549279,2.0136986301369864,120.82191780821918,1.0,0.0821917808219178,1.0,0.0,0.0,0.0,0.0,0.0,4.931506849315069,60.0,0.0821917808219178,1.0,0.0,0.0,146.0,1.0,14.77732793522267,1.0,1.0,0.0,1.0,29.75708502024291,0.0681379310344827,0.0596540163332268,0.533194246100829,1.0,2
983.692526556569,59021.551593394135,60.0,0.2456593551893041,127.13333333333334,7628.0,124.77777777777776,2.355555555555556,70.81777777777778,0.0,0.0,0.0,0.0,0.0,141.33333333333334,7486.666666666667,42.70666666666667,1.0,0.0,0.0,1.0,1.0,47.41833508956797,0.0222222222222222,45.0,5.491853096329673,1.0,6028.4510010537415,0.0215681818181818,0.0250974443893403,0.4621856293595641,45.0,1
55.56195637061461,68834.17584819655,1297.1666666666667,18.98299233185061,297.0,378087.6666666667,2.6666666666666665,2.6666666666666665,0.9166666666666666,0.0,0.0,0.0,0.0,0.0,190533.16666666663,187554.5,0.9915855692045912,0.8333333333333334,0.1666666666666666,0.0,4.0,3.0,0.031413612565445,0.75,4.0,1.9182958340544891,0.3333333333333333,9.329842931937172,38.2,16.26530048907797,0.7013639814152924,1.0,0
10.883873380138368,1159.7193030267945,104.08420838420837,1.3365877927772405,12.833333333333334,1334.6666666666667,1.0,1.0,1.0,0.0,0.0,0.0,0.0,0.0,542.1666666666666,792.5,1.4826103516423494,1.0,0.0,0.0,1.0,1.0,0.0099702491587033,1.0,1.0,0.0,1.0,0.1279515308700258,120.3580754,2.1550745459542293,0.9824094430115876,6.0,3
287.0812687662851,401919.13416560367,1400.0262109821472,139.37979015213386,32418.0,45385793.75,1.0,1.0,1.0,0.0,0.0,0.0,0.0,0.0,24051.5,45361742.25,2752.813573998414,1.0,0.0,0.0,1.0,1.0,0.0192307692307692,1.0,1.0,0.0,1.0,623.4230769230769,69.33333333333333,37.932688922470135,0.6463680844619196,4.0,5
44.59017812051598,44803.12034302447,934.1666666666666,21.282894745712888,283.3333333333333,271319.8333333333,2.1666666666666665,2.5,0.7166666666666667,9.166666666666666,2.1513053225960133,0.0,0.4993589743589743,2.0,138404.5,132915.33333333334,0.9070831105796482,0.6666666666666666,0.1666666666666666,0.1666666666666666,3.0,4.0,0.0384615384615384,0.8,5.0,2.2516291673878226,0.3333333333333333,10.897435897435898,31.2,25.670216204777084,0.5486175731714417,1.0,0
8.08784046860573,1279.4446489897684,183.5381443952872,1.239643556239883,8.428571428571429,1317.428571428571,1.0,1.0,1.0,0.0,0.0,0.0,0.0,0.0,529.2857142857143,788.1428571428571,1.5058490918444822,1.0,0.0,0.0,1.0,1.0,0.0064729290281078,1.0,1.0,0.0,1.0,0.0545575446654804,180.23782766666667,60.551676699832775,0.7485285878255364,7.0,3
688.7131540388118,41322.78924232872,60.0,0.2602570128379117,126.37878787878788,7582.727272727273,123.96969696969695,2.409090909090909,72.15328282828281,0.0,0.0,0.0,0.0,0.0,144.54545454545453,7438.181818181818,49.25934343434344,1.0,0.0,0.0,1.0,1.0,66.53225806451613,0.0151515151515151,66.0,6.044394119358462,1.0,8408.266129032258,0.0152615384615384,0.0158621726352369,0.4903508586776354,66.0,1
12.390017906480892,1380.5151017431915,125.66666666666669,0.2546088575747773,2.0,214.86666666666667,0.0,0.0,0.0,62.8,4.742405688448747,0.2267902143061725,0.4918237768736522,3.0,63.86666666666667,150.06666666666666,2.351173605867076,0.0,1.0,0.0,1.0,1.0,0.0551470588235294,1.0,1.0,0.0,1.0,0.1102941176470588,19.428571428571427,18.21974708039245,0.5160541611956874,15.0,4
9.42783881940628,8556.40339362447,897.75,24.852956177204568,215.25,212931.25,2.75,3.0,0.9166666666666666,3.75,0.7974745238660718,0.0,0.1666666666666666,0.75,95620.75,117310.5,1.0607010300874569,1.0,0.0,0.0,2.0,3.0,0.0174672489082969,1.0,3.0,1.5,0.5,3.759825327510917,76.33333333333333,85.44133790046959,0.4718497200529833,1.0,0
8.473270164367987,8955.29818469193,991.0,33.52651481078135,231.83333333333331,234168.66666666663,0.8333333333333334,1.0,0.5277777777777778,9.0,2.0590922459112373,0.0,0.4629629629629629,2.0,116306.16666666669,117862.5,1.0566437769060268,0.5,0.5,0.0,4.0,4.0,0.023076923076923,1.0,4.0,1.7924812503605778,0.3333333333333333,5.35,52.0,40.8656334834051,0.5599487996740182,1.0,0
9.57696111301093,840.4124143448072,102.76344086021506,0.3082411533340354,2.3225806451612905,205.6451612903226,0.0,0.0,0.0,59.80645161290322,4.717030393189778,0.2398193805449523,0.5019547300766222,3.0,61.2258064516129,143.4516129032258,2.3431307396172483,0.0,1.0,0.0,1.0,1.0,0.1087719298245614,1.0,1.0,0.0,1.0,0.2526315789473684,9.5,9.050782654923642,0.512107773387047,31.0,4
93.42341149783218,5605.404689869931,60.0,0.0536750531530735,2.069230769230769,124.15384615384616,1.0,0.0769230769230769,1.0,0.0,0.0,0.0,0.0,0.0,4.615384615384615,60.0,0.0769230769230769,1.0,0.0,0.0,130.0,1.0,19.033674963396777,1.0,1.0,0.0,1.0,39.38506588579795,0.0529457364341085,0.0456885835616351,0.5367881730861355,1.0,2
1207.0278227464537,72421.6693647872,60.0,0.2481861275438201,124.36363636363636,7461.818181818182,121.24242424242424,3.121212121212121,48.45959595959596,0.0,0.0,0.0,0.0,0.0,187.27272727272728,7274.545454545455,39.398989898989896,1.0,0.0,0.0,1.0,1.0,36.74832962138085,0.0303030303030303,33.0,5.044394119358456,1.0,4570.155902004454,0.0280624999999999,0.029428873470624,0.4881167087500334,33.0,1
265.9626278746089,372350.5036802587,1400.0100591505525,178.56207857014738,38341.333333333336,53678329.333333336,1.0,1.0,1.0,0.0,0.0,0.0,0.0,0.0,24422.0,53653907.333333336,2197.4358787562287,1.0,0.0,0.0,1.0,1.0,0.0171428571428571,1.0,1.0,0.0,1.0,657.28,87.5,15.5,0.8495145631067962,3.0,5
9.959807516584512,1270.0919629971356,125.93652433425164,1.346654896818991,11.454545454545457,1408.3636363636365,1.0,1.0,1.0,0.0,0.0,0.0,0.0,0.0,565.3636363636364,843.0,1.528090286640262,1.0,0.0,0.0,1.0,1.0,0.0065447819236121,1.0,1.0,0.0,1.0,0.0749675020341033,168.07282700000002,109.9681412639939,0.6044894320768531,11.0,3
74.16855898254265,4450.11353895256,60.0,0.0519465046405273,2.0526315789473686,123.15789473684212,1.0,0.131578947368421,1.0,0.0,0.0,0.0,0.0,0.0,7.894736842105263,60.0,0.131578947368421,1.0,0.0,0.0,76.0,1.0,15.734989648033126,1.0,1.0,0.0,1.0,32.298136645962735,0.0644,0.0497256473059929,0.5642903371871456,1.0,2
7.9143564150525245,871.573138894669,131.18115942028987,0.3085218156969733,1.9130434782608696,210.5217391304348,0.0,0.0,0.0,64.30434782608695,4.751255488576791,0.2362846852333329,0.4837249987124173,3.0,62.69565217391305,146.8695652173913,2.3426928294078966,0.0,1.0,0.0,1.0,1.0,0.0909090909090909,1.0,1.0,0.0,1.0,0.1739130434782608,11.5,10.316579771504614,0.5271220383967127,23.0,4
9.664143846893824,1168.213858359512,143.60416666666666,0.2635381402355999,1.8125,222.0,0.0,0.0,0.0,64.5,4.752507855700147,0.2241182152939281,0.4772791474257827,3.0,66.125,154.9375,2.343163254507391,0.0,1.0,0.0,1.0,1.0,0.064,1.0,1.0,0.0,1.0,0.116,16.666666666666668,15.42148573329503,0.5194025027968442,16.0,4
10.622048187467511,1210.0334348955669,126.5593137254902,1.2268758633621897,11.117647058823527,1354.7058823529412,1.0,1.0,1.0,0.0,0.0,0.0,0.0,0.0,544.2941176470588,810.4117647058823,1.5054809970778034,1.0,0.0,0.0,1.0,1.0,0.0088387278857354,1.0,1.0,0.0,1.0,0.0982658570825887,120.209606375,1.5412218426492768,0.987341179807877,17.0,3
12.06707376043271,7952.331326183792,782.5,22.45503963359685,226.0,158761.0,4.0,3.5,1.25,0.0,0.0,0.0,0.0,0.0,81108.0,77653.0,0.9567484784988473,1.0,0.0,0.0,2.0,2.0,0.010204081632653,1.0,2.0,1.0,0.5,2.306122448979592,196.0,0.0,1.0,1.0,0
11.348691995173674,13880.65801975796,1146.3333333333333,34.73979998745313,183.66666666666663,222506.3333333333,1.0,1.0,0.3333333333333333,9.0,2.1471757542840364,0.0,0.5,2.0,94439.66666666669,128066.66666666669,1.1421902245164068,0.3333333333333333,0.6666666666666666,0.0,3.0,3.0,0.0204081632653061,1.5,2.0,0.9182958340544896,0.3333333333333333,3.748299319727891,73.5,8.5,0.8963414634146343,1.0,0
50.02380657830207,57145.34202024524,939.1666666666666,25.42886304626792,334.5,292322.1666666667,1.6666666666666667,1.3333333333333333,0.5416666666666666,2.5,0.5316496825773812,0.0,0.1111111111111111,0.5,137883.83333333334,154438.33333333334,1.1276252584991406,0.5,0.5,0.0,3.0,3.0,0.024,1.0,3.0,1.2516291673878228,0.5,8.028,50.0,40.61034350999755,0.5518133809357341,2.0,0
8.166553859571355,780.5273191020716,97.03703703703704,1.413283805613213,11.333333333333334,1034.0,1.0,1.0,1.0,0.0,0.0,0.0,0.0,0.0,398.1666666666667,635.8333333333334,1.596448442383801,1.0,0.0,0.0,1.0,1.0,0.0099559791404316,1.0,1.0,0.0,1.0,0.112834430258225,120.530586,2.012591698910932,0.9835764688275356,6.0,3
7.513688741616218,909.364847084592,161.22369600096872,1.468417321408858,9.909090909090908,1292.3636363636365,1.0,1.0,1.0,0.0,0.0,0.0,0.0,0.0,531.9090909090909,760.4545454545455,1.4712066011745113,1.0,0.0,0.0,1.0,1.0,0.0091803145277074,1.0,1.0,0.0,1.0,0.090968571229101,119.8216027,1.1966858391398334,0.9901115289797476,11.0,3
9.23448752035663,1264.659914742257,144.94400599400598,1.164696751567187,9.555555555555555,1232.2222222222222,1.0,1.0,1.0,0.0,0.0,0.0,0.0,0.0,474.3333333333333,757.8888888888889,1.6042506824865512,1.0,0.0,0.0,1.0,1.0,0.0053510391338371,1.0,1.0,0.0,1.0,0.0511321517233326,210.239538875,99.32919888541976,0.6791368546965739,9.0,3
10.157962845433474,987.7531319701102,107.92954822954822,1.3863284716455135,11.555555555555555,1122.111111111111,1.0,1.0,1.0,0.0,0.0,0.0,0.0,0.0,452.55555555555554,669.5555555555555,1.4882515812190913,1.0,0.0,0.0,1.0,1.0,0.0093975622449963,1.0,1.0,0.0,1.0,0.1085940526088461,119.711896625,1.079629113623972,0.9910620458925228,9.0,3
65.18314298100724,3910.988578860433,60.0,0.0535233186030086,2.0357142857142856,122.14285714285714,1.0,0.1071428571428571,1.0,0.0,0.0,0.0,0.0,0.0,6.428571428571429,60.0,0.1071428571428571,1.0,0.0,0.0,84.0,1.0,11.522633744855966,1.0,1.0,0.0,1.0,23.45679012345679,0.0878313253012048,0.0857152499790233,0.5060965631812803,1.0,2
1237.5761615528302,74254.56969316983,60.0,0.2489410796600045,123.25862068965516,7395.517241379311,120.27586206896552,2.9827586206896552,56.578160919540224,0.0,0.0,0.0,0.0,0.0,178.9655172413793,7216.551724137931,48.42298850574712,1.0,0.0,0.0,1.0,1.0,63.59649122807017,0.0172413793103448,58.0,5.85798099512757,1.0,7838.815789473684,0.016,0.0179795205134824,0.4708718592321362,58.0,1
226.15888625921136,316624.2823902807,1400.0119686077107,243.36385275166333,50785.25,71099818.25,1.0,1.0,1.0,0.0,0.0,0.0,0.0,0.0,31255.75,71068562.5,3211.7431555164235,1.0,0.0,0.0,1.0,1.0,0.0099009900990099,1.0,1.0,0.0,1.0,502.8242574257426,134.66666666666666,96.4203759009935,0.5827529971838966,4.0,5
414.5105744860881,580318.2783654548,1400.0205115550225,134.63660589497883,30579.5,42811844.5,1.0,1.0,1.0,0.0,0.0,0.0,0.0,0.0,42530.0,42769314.5,1000.4008937174228,1.0,0.0,0.0,1.0,1.0,0.0052910052910052,1.0,1.0,0.0,1.0,161.7962962962963,378.0,0.0,1.0,2.0,5
9.44279843514012,6093.701550108218,671.3333333333334,20.714383143706105,166.33333333333334,107122.0,1.3333333333333333,1.3333333333333333,0.3333333333333333,4.0,0.972765278018163,0.0,0.2222222222222222,1.0,53324.0,53798.0,0.9592452786454684,0.3333333333333333,0.6666666666666666,0.0,3.0,2.0,0.0122448979591836,0.6666666666666666,3.0,1.584962500721156,0.6666666666666666,2.036734693877551,122.5,79.5,0.6064356435643564,1.0,0
9.27980411377682,962.064902152175,133.1,0.2954020550759542,1.92,206.76,0.0,0.0,0.0,61.44,4.737783878714502,0.2375057146855119,0.4935168428890679,3.0,61.64,144.28,2.3406489580547265,0.0,1.0,0.0,1.0,1.0,0.0865051903114186,1.0,1.0,0.0,1.0,0.1660899653979238,12.041666666666666,9.052988303440044,0.5708397072021771,25.0,4
43.17405697265393,32269.010286536155,872.2,27.830341446623976,176.0,147420.2,1.8,2.0,0.76,3.0,0.6379796190928574,0.0,0.1333333333333333,0.6,70629.4,76790.8,1.0001450564316887,0.8,0.2,0.0,3.0,5.0,0.0185873605947955,1.25,4.0,1.9219280948873625,0.2,3.2713754646840147,67.25,44.0929416120086,0.6039897906985684,1.0,0
94.27608614777178,5656.5651688663065,60.0,0.0539832101647079,2.0058479532163744,120.35087719298244,1.0,0.0818713450292397,1.0,0.0,0.0,0.0,0.0,0.0,4.912280701754386,60.0,0.0818713450292397,1.0,0.0,0.0,171.0,1.0,30.70017953321364,1.0,1.0,0.0,1.0,61.57989228007181,0.0327647058823529,0.0310787035306942,0.513204200458271,1.0,2
12.581706787343316,1218.3909453560814,118.42424242424242,0.280106254472694,2.121212121212121,219.0909090909091,0.0,0.0,0.0,63.27272727272727,4.751449984378908,0.2181730222788796,0.4860225951184218,3.0,65.24242424242425,152.93939393939394,2.344380922115424,0.0,1.0,0.0,1.0,1.0,0.1191335740072202,1.0,1.0,0.0,1.0,0.2527075812274368,8.65625,9.029844181241446,0.489438194283798,33.0,4
87.7367119567439,5264.202717404633,60.0,0.047639911231182,1.873684210526316,112.42105263157896,1.0,0.1368421052631579,1.0,0.0,0.0,0.0,0.0,0.0,8.210526315789474,60.0,0.1368421052631579,1.0,0.0,0.0,95.0,1.0,10.31487513572204,1.0,1.0,0.0,1.0,19.326818675352875,0.0979787234042553,0.0799678098433129,0.5506076550979633,1.0,2
9.077259097387737,1123.1511757646708,124.89265873015871,1.1811182540548086,9.714285714285714,1155.0,1.0,1.0,1.0,0.0,0.0,0.0,0.0,0.0,467.2142857142857,687.7857142857143,1.472111573095041,1.0,0.0,0.0,1.0,1.0,0.008983066929105,1.0,1.0,0.0,1.0,0.0872640787398771,119.88367507692308,1.7135852676200216,0.9859076983908632,14.0,3
16.90956209832997,12994.43843034538,831.0,22.519998422861907,244.2,206872.8,1.6,1.8,0.51,3.0,0.674711452455037,0.0,0.1466666666666666,0.6,101636.6,105236.2,1.0886083033956735,0.6,0.2,0.2,2.0,4.0,0.0303030303030303,1.0,4.0,1.9219280948873625,0.4,7.4,41.25,44.572272771309294,0.4806444605576797,1.0,0
7.148147648741414,987.5915300985906,148.8397435897436,0.2973263254174144,1.807692307692308,209.34615384615384,0.0,0.0,0.0,60.23076923076923,4.704840966358694,0.2266264490399366,0.5000133407479337,3.0,62.30769230769231,146.1153846153846,2.345441166132948,0.0,1.0,0.0,1.0,1.0,0.1035856573705179,1.0,1.0,0.0,1.0,0.1872509960159362,10.04,8.613849313750503,0.5382267129497562,26.0,4
9.675844198993383,1068.8203047941968,132.3186274509804,0.2709259852269719,1.9411764705882355,208.94117647058823,0.0,0.0,0.0,59.88235294117647,4.706866084219258,0.2256196141064529,0.5012289469528904,3.0,62.20588235294117,145.85294117647058,2.344738645910483,0.0,1.0,0.0,1.0,1.0,0.119298245614035,1.0,1.0,0.0,1.0,0.231578947368421,8.636363636363637,9.467066301268682,0.4770567602999299,34.0,4
106.18490167871984,6371.094100723192,60.0,0.0487373477870522,1.9230769230769231,115.3846153846154,1.0,0.0650887573964497,1.0,0.0,0.0,0.0,0.0,0.0,3.905325443786982,60.0,0.0650887573964497,1.0,0.0,0.0,169.0,1.0,18.469945355191257,1.0,1.0,0.0,1.0,35.51912568306011,0.0544642857142857,0.0559417099753483,0.493309130306583,1.0,2
13.947493609153186,16781.094416064156,1177.7142857142858,26.572200094244742,235.28571428571428,275238.4285714286,3.2857142857142856,3.571428571428572,0.911904761904762,9.0,1.86559357764493,0.0,0.376984126984127,1.7142857142857142,132843.0,142395.42857142858,1.0593876697148186,1.0,0.0,0.0,5.0,5.0,0.025089605734767,1.25,4.0,1.8423709931771084,0.2857142857142857,5.903225806451613,46.5,28.08172596784844,0.6234771238740944,1.0,0
10.444640899227185,1135.1282137524413,119.25396825396828,0.2776145980728013,2.1904761904761907,212.8095238095238,0.0,0.0,0.0,63.0,4.683408884710893,0.2328249913881305,0.4658741839894529,3.0,63.47619047619048,148.47619047619048,2.338786221212452,0.0,1.0,0.0,1.0,1.0,0.0783582089552238,1.0,1.0,0.0,1.0,0.1716417910447761,13.4,11.93901168438996,0.528828833851284,21.0,4
71.69925476577919,4301.955285946752,60.0,0.0536756067763207,1.869281045751634,112.15686274509804,1.0,0.0915032679738562,1.0,0.0,0.0,0.0,0.0,0.0,5.490196078431373,60.0,0.0915032679738562,1.0,0.0,0.0,153.0,1.0,21.763869132290186,1.0,1.0,0.0,1.0,40.6827880512091,0.04625,0.038896158990452,0.5431836332768255,1.0,2
65.90935009736779,3954.5610058420666,60.0,0.0571709516080661,1.9705882352941175,118.23529411764706,1.0,0.0784313725490196,1.0,0.0,0.0,0.0,0.0,0.0,4.705882352941177,60.0,0.0784313725490196,1.0,0.0,0.0,102.0,1.0,19.065420560747665,1.0,1.0,0.0,1.0,37.570093457943926,0.0529702970297029,0.051675770495924,0.5061852612543795,1.0,2
99.43622869832934,5966.173721899761,60.0,0.0470269773063688,1.9937888198757765,119.62732919254658,1.0,0.0807453416149068,1.0,0.0,0.0,0.0,0.0,0.0,4.84472049689441,60.0,0.0807453416149068,1.0,0.0,0.0,161.0,1.0,24.731182795698924,1.0,1.0,0.0,1.0,49.30875576036866,0.0406875,0.0294134721471301,0.5804127782223019,1.0,2
28.12483185335432,31591.182647900565,1165.75,18.61492068648413,342.25,412827.25,2.75,2.75,1.0,3.25,0.8481868526121962,0.0,0.2115384615384615,0.75,217008.5,195818.75,0.975710652896968,1.0,0.0,0.0,3.0,3.0,0.0242424242424242,1.0,3.0,1.5,0.5,8.296969696969697,55.0,53.7649204097492,0.5056777478694321,1.0,0
14.663764792243231,14126.897237230967,1041.1666666666667,33.18054702005323,255.16666666666663,251249.5,0.8333333333333334,0.5,0.3888888888888888,2.5,0.5316496825773812,0.0,0.1111111111111111,0.5,123993.5,127256.0,1.051632350953856,0.3333333333333333,0.5,0.1666666666666666,4.0,4.0,0.0234375,0.8,5.0,2.2516291673878226,0.3333333333333333,5.98046875,51.2,44.75444112040726,0.5335865583933974,2.0,0
96.27390858921652,5776.434515352991,60.0,0.0506119100026032,2.041025641025641,122.46153846153848,1.0,0.1384615384615384,1.0,0.0,0.0,0.0,0.0,0.0,8.307692307692308,60.0,0.1384615384615384,1.0,0.0,0.0,195.0,1.0,28.88888888888889,1.0,1.0,0.0,1.0,58.96296296296296,0.0347938144329896,0.0282333567959172,0.5520446777886137,1.0,2
980.7189374169908,58843.13624501945,60.0,0.2713383069593129,132.19444444444446,7931.666666666667,129.61111111111111,2.583333333333333,72.12638888888888,0.0,0.0,0.0,0.0,0.0,155.0,7776.666666666667,41.70972222222222,1.0,0.0,0.0,1.0,1.0,38.05496828752643,0.0277777777777777,36.0,5.1699250014423095,1.0,5030.655391120507,0.0270285714285714,0.0203995598191805,0.5698848071281014,36.0,1
863.41067484702,51804.64049082119,60.0,0.2354697015697557,122.9,7374.0,120.4,2.5,62.26766666666666,0.0,0.0,0.0,0.0,0.0,150.0,7224.0,44.40766666666666,1.0,0.0,0.0,1.0,1.0,56.36978579481398,0.02,50.0,5.643856189774728,1.0,6927.846674182638,0.0181020408163265,0.0168247205125334,0.518285696342787,50.0,1
993.4137374828364,59604.82424897018,60.0,0.2224463463303772,119.42,7165.2,116.64,2.78,56.86733333333333,0.0,0.0,0.0,0.0,0.0,166.8,6998.4,39.867333333333335,1.0,0.0,0.0,1.0,1.0,51.07252298263534,0.02,50.0,5.643856189774728,1.0,6099.080694586312,0.0199795918367346,0.0168964309670782,0.5418044115828252,50.0,1
18.2293601194264,18923.36555167104,971.25,33.033027501522376,375.25,389847.25,1.25,1.25,0.5416666666666666,14.5,3.217162782760335,0.0,0.71875,3.0,192177.25,197670.0,0.9549565901359098,0.5,0.5,0.0,3.0,3.0,0.0224719101123595,0.75,4.0,2.0,0.5,8.432584269662922,59.333333333333336,31.794478905761125,0.6511001622387126,2.0,0
943.4400468814137,56606.40281288483,60.0,0.2499995212669137,129.52380952380952,7771.428571428572,127.0,2.523809523809524,69.6190476190476,0.0,0.0,0.0,0.0,0.0,151.42857142857142,7620.0,56.928571428571416,1.0,0.0,0.0,1.0,1.0,44.44444444444445,0.0238095238095238,42.0,5.3923174227787625,1.0,5756.613756613757,0.0230487804878048,0.0278628620905793,0.4527212111123438,42.0,1
10.745235903794354,888.1406186584537,99.81685814185816,1.310884852980885,12.0,1022.25,1.0,1.0,1.0,0.0,0.0,0.0,0.0,0.0,413.625,608.625,1.5085783909570671,1.0,0.0,0.0,1.0,1.0,0.0066620359132618,1.0,1.0,0.0,1.0,0.079944430959142,171.54773071428573,58.91603477451176,0.7443587947564989,8.0,3
25.215085812369043,20976.59870867732,1111.428571428571,21.558149473785143,208.7142857142857,228992.14285714287,3.0,3.2857142857142856,0.8238095238095237,6.428571428571429,1.3810011171214251,0.0,0.2896825396825396,1.2857142857142858,117892.0,111100.14285714286,0.9410447188261528,0.8571428571428571,0.1428571428571428,0.0,5.0,4.0,0.0546875,1.3333333333333333,3.0,1.3787834934861751,0.2857142857142857,11.4140625,21.33333333333333,17.650936393164965,0.5472292666504072,1.0,0
11.09573337114972,1139.0605923688995,131.08005494505494,1.2324652901347335,11.0,1239.8,1.0,1.0,1.0,0.0,0.0,0.0,0.0,0.0,500.6,739.2,1.4998135089681095,1.0,0.0,0.0,1.0,1.0,0.0083253233038984,1.0,1.0,0.0,1.0,0.0915785563428834,133.46161711111114,38.01896733483675,0.7782899594279103,10.0,3
1433.798850405362,86027.9310243217,60.0,0.2563504766113246,126.46875,7588.125,124.125,2.34375,77.428125,0.0,0.0,0.0,0.0,0.0,140.625,7447.5,55.896875,1.0,0.0,0.0,1.0,1.0,32.8879753340185,0.03125,32.0,5.0,1.0,4159.3011305241525,0.0313870967741935,0.0204303338980101,0.6057246831234813,32.0,1
10.320055023570282,9342.38265274584,962.0,31.35544247145759,261.25,228213.75,1.5,1.75,0.4583333333333333,0.0,0.0,0.0,0.0,0.0,117201.75,111012.0,0.9741856427833292,0.5,0.25,0.25,3.0,2.0,0.0317460317460317,0.6666666666666666,3.0,1.5,0.75,8.293650793650794,42.0,15.641824275533422,0.7286375913301424,2.0,0
102.42509997693894,6145.505998616336,60.0,0.0476981924764782,1.9097744360902256,114.58646616541354,1.0,0.037593984962406,1.0,0.0,0.0,0.0,0.0,0.0,2.255639097744361,60.0,0.037593984962406,1.0,0.0,0.0,133.0,1.0,30.365296803652967,1.0,1.0,0.0,1.0,57.990867579908674,0.0331818181818181,0.0275053212983327,0.5467685322797431,1.0,2
170.18477571768378,238262.91591511507,1400.024854810543,289.36783441600693,49246.0,68945624.0,1.0,1.0,1.0,0.0,0.0,0.0,0.0,0.0,44916.0,68900708.0,1533.9902929913617,1.0,0.0,0.0,1.0,1.0,1.0,1.0,1.0,0.0,1.0,49246.0,0.0,0.0,0.0,0.0,5
965.6484781573068,57938.90868943839,60.0,0.2430680252081667,119.67105263157896,7180.263157894737,117.46052631578948,2.210526315789474,71.1548245614035,0.0,0.0,0.0,0.0,0.0,132.6315789473684,7047.631578947368,45.70745614035087,1.0,0.0,0.0,1.0,1.0,77.079107505071,0.0131578947368421,76.0,6.247927513443591,1.0,9224.137931034484,0.0131466666666666,0.0122253216272165,0.5181567370435889,76.0,1
13.564207305884484,15585.091770722298,1043.428571428571,31.035622412237316,282.0,332480.28571428574,2.7142857142857144,3.142857142857143,0.630952380952381,2.142857142857143,0.4556997279234696,0.0,0.0952380952380952,0.4285714285714285,158396.42857142858,174083.85714285713,1.005044181073533,0.7142857142857143,0.2857142857142857,0.0,5.0,6.0,0.0272373540856031,1.2,5.0,2.235926350629033,0.2857142857142857,7.680933852140078,42.833333333333336,36.9568066201012,0.5368248928793813,1.0,0
21.91524664871225,14086.036088123845,900.0,30.868140402057787,289.3333333333333,227673.0,1.3333333333333333,1.0,0.8333333333333334,7.0,1.5554163777655372,0.0,0.3472222222222221,1.5,123376.0,104297.0,0.8748802037932745,0.6666666666666666,0.3333333333333333,0.0,5.0,4.0,0.0217391304347826,1.3333333333333333,3.0,1.4591479170272448,0.5,6.2898550724637685,55.2,26.991850621993297,0.6715994296547608,1.0,0
96.43571954031384,5786.143172418831,60.0,0.0498512991750004,2.164473684210526,129.8684210526316,1.0,0.0921052631578947,1.0,0.0,0.0,0.0,0.0,0.0,5.526315789473684,60.0,0.0921052631578947,1.0,0.0,0.0,152.0,1.0,41.19241192411924,1.0,1.0,0.0,1.0,89.15989159891599,0.0244370860927152,0.0192796005011165,0.5589876085476977,1.0,2
8.822221941478146,9674.384069487562,981.8,27.74887899879503,188.2,194321.4,1.6,1.8,0.6333333333333333,5.4,1.231703952599268,0.0,0.2666666666666666,1.2,93176.2,101145.2,1.1229484187285137,0.8,0.2,0.0,4.0,3.0,0.0229357798165137,0.6,5.0,2.321928094887362,0.4,4.31651376146789,54.5,23.637893307145628,0.6974848910472997,1.0,0
10.960447634757534,1144.5925258432644,113.63145743145742,1.291980450104859,11.77777777777778,1262.5555555555557,1.0,1.0,1.0,0.0,0.0,0.0,0.0,0.0,489.3333333333333,773.2222222222222,1.5780784697685577,1.0,0.0,0.0,1.0,1.0,0.0093946404058742,1.0,1.0,0.0,1.0,0.1106479870025191,119.749128375,1.4352947733042447,0.9881561116848512,9.0,3
109.17849898354336,6550.709939012602,60.0,0.049755619531159,1.9943820224719104,119.6629213483146,1.0,0.1067415730337078,1.0,0.0,0.0,0.0,0.0,0.0,6.404494382022472,60.0,0.1067415730337078,1.0,0.0,0.0,178.0,1.0,19.71207087486157,1.0,1.0,0.0,1.0,39.31339977851606,0.0510169491525423,0.0452374119677484,0.5300222094745981,1.0,2
1142.0148549501396,68520.89129700838,60.0,0.2473168796417194,129.53571428571428,7772.142857142857,127.32142857142856,2.2142857142857144,75.15178571428571,0.0,0.0,0.0,0.0,0.0,132.85714285714286,7639.285714285715,55.00892857142856,1.0,0.0,0.0,1.0,1.0,29.978586723768736,0.0357142857142857,28.0,4.807354922057606,1.0,3883.2976445396143,0.0345925925925925,0.0354810948714729,0.4936602288887966,28.0,1
6.776983561228239,5023.717528415822,724.5,31.844525848933912,222.5,168991.5,1.75,1.75,0.8125,6.75,1.5353818157130277,0.0,0.3375,1.5,89626.25,79365.25,1.0457558415395425,0.75,0.25,0.0,2.0,3.0,0.0396039603960396,1.0,3.0,1.5,0.5,8.811881188118813,33.666666666666664,29.4089933334837,0.5337505254259156,2.0,0
7.728374929521661,1212.1551579943564,183.15310134310133,1.26478343055286,9.2,1340.2,1.0,1.0,1.0,0.0,0.0,0.0,0.0,0.0,527.5,812.7,1.56744450321226,1.0,0.0,0.0,1.0,1.0,0.0092488449228561,1.0,1.0,0.0,1.0,0.085089373290277,120.13512177777775,1.147224606466871,0.9905408772119872,10.0,3
9.206314881280996,10980.362281118549,1206.6666666666667,26.89898371107836,236.33333333333331,273454.0,4.0,4.333333333333333,0.9333333333333332,0.0,0.0,0.0,0.0,0.0,126851.66666666669,146602.33333333334,1.2232050224878406,1.0,0.0,0.0,3.0,2.0,0.0184049079754601,1.0,2.0,0.9182958340544896,0.6666666666666666,4.349693251533743,81.5,18.5,0.815,1.0,0
249.035451477442,348654.667302087,1400.0312628678198,161.22966061767949,43924.0,61494350.5,1.0,1.0,1.0,0.0,0.0,0.0,0.0,0.0,34850.5,61459500.0,1999.7200496453904,1.0,0.0,0.0,1.0,1.0,0.0425531914893617,1.0,1.0,0.0,1.0,1869.1063829787236,47.0,0.0,1.0,2.0,5
118.1854744378411,7091.128466270466,60.0,0.0522360862633606,2.0,120.0,1.0,0.1142857142857142,1.0,0.0,0.0,0.0,0.0,0.0,6.857142857142857,60.0,0.1142857142857142,1.0,0.0,0.0,105.0,1.0,14.623955431754876,1.0,1.0,0.0,1.0,29.247910863509752,0.0690384615384615,0.0743499939316281,0.4814785214899169,1.0,2
6.030082852508322,6118.357835572308,952.4,50.53313361388534,286.8,290635.4,2.6,3.0,0.5266666666666666,3.6,0.6784294447329068,0.0,0.1222222222222222,0.6,144810.4,145825.0,1.1132761326810616,0.6,0.4,0.0,2.0,3.0,0.0177935943060498,0.6,5.0,2.321928094887362,0.4,5.103202846975089,70.25,87.1073332159813,0.4464361371934166,2.0,0
23.801212452888706,34548.72889491002,1290.25,33.193421018611765,218.75,285627.0,0.75,0.5,0.375,8.25,1.6914261214849298,0.0,0.3361111111111111,1.5,134835.0,150792.0,1.035719888943852,0.25,0.25,0.5,2.0,4.0,0.0357142857142857,2.0,2.0,1.0,0.25,7.8125,37.333333333333336,21.85304453744501,0.6307757743655681,1.0,0
1119.913662323266,67194.81973939599,60.0,0.222810451488736,134.18571428571428,8051.142857142857,131.61428571428573,2.571428571428572,68.65357142857141,0.0,0.0,0.0,0.0,0.0,154.28571428571428,7896.857142857143,47.91071428571429,1.0,0.0,0.0,1.0,1.0,71.28309572301426,0.0142857142857142,70.0,6.129283016944973,1.0,9565.173116089612,0.014231884057971,0.0138199026061882,0.5073432301606149,70.0,1
1058.1579621068138,63489.47772640882,60.0,0.2592726103327334,122.12765957446808,7327.659574468085,119.85106382978724,2.276595744680851,74.94042553191488,0.0,0.0,0.0,0.0,0.0,136.59574468085106,7191.063829787234,50.21702127659575,1.0,0.0,0.0,1.0,1.0,50.26737967914438,0.0212765957446808,47.0,5.55458885167764,1.0,6139.03743315508,0.0203260869565217,0.0159183437359791,0.5608058001784889,47.0,1
8.664832777096334,1125.6854011829862,143.48724941724942,1.1796664290682226,9.6,1214.0,1.0,1.0,1.0,0.0,0.0,0.0,0.0,0.0,500.3,713.7,1.4445079840595705,1.0,0.0,0.0,1.0,1.0,0.0092719942231322,1.0,1.0,0.0,1.0,0.0890111445420692,119.83518155555556,1.366941793588653,0.9887217999502292,10.0,3
7.635353529466211,5528.656091276566,823.6666666666666,38.927541679084975,289.1666666666667,212397.8333333333,2.5,2.6666666666666665,0.9166666666666666,8.666666666666666,2.0921349269677507,0.0,0.4865384615384615,2.0,108863.16666666669,103534.66666666669,0.9594771345105868,0.8333333333333334,0.1666666666666666,0.0,3.0,5.0,0.0228136882129277,1.0,5.0,2.2516291673878226,0.3333333333333333,6.596958174904943,52.6,27.332032489370416,0.6580590829714595,2.0,0
611.7520211455462,36705.12126873278,60.0,0.2703436284538715,120.54347826086956,7232.608695652174,118.2391304347826,2.3043478260869565,63.55760869565216,0.0,0.0,0.0,0.0,0.0,138.2608695652174,7094.347826086957,40.07934782608695,1.0,0.0,0.0,1.0,1.0,50.0,0.0217391304347826,46.0,5.5235619560570095,1.0,6027.173913043478,0.0204444444444444,0.0193316729810669,0.5139879346628211,46.0,1
6.665941737086914,5815.628655464348,902.6666666666666,31.256511636258992,221.66666666666663,202344.66666666663,2.0,2.1666666666666665,0.4666666666666666,8.0,1.5842127913210735,0.0,0.3111111111111111,1.5,105062.66666666669,97282.0,0.9783816034010132,0.5,0.5,0.0,3.0,4.0,0.0220588235294117,0.8,5.0,2.251629167387823,0.3333333333333333,4.889705882352941,54.4,24.56501577447081,0.6889126718516706,1.0,0
397.2228049834976,556117.3707868744,1400.0135020206212,145.42225568824378,55446.0,77625154.5,1.0,1.0,1.0,0.0,0.0,0.0,0.0,0.0,36859.0,77588295.5,2095.9264987759693,1.0,0.0,0.0,1.0,1.0,0.0057636887608069,1.0,1.0,0.0,1.0,319.57348703170027,347.0,0.0,1.0,2.0,5
1302.623849964861,78157.43099789163,60.0,0.2405643823446968,131.97142857142856,7918.285714285715,129.45714285714286,2.5142857142857142,65.13333333333334,0.0,0.0,0.0,0.0,0.0,150.85714285714286,7767.428571428572,37.161904761904765,1.0,0.0,0.0,1.0,1.0,35.97122302158274,0.0285714285714285,35.0,5.129283016944964,1.0,4747.173689619733,0.0286176470588235,0.0228782129931029,0.5557271405889049,35.0,1
86.91051017618095,5214.630610570858,60.0,0.0514860461547967,1.8803418803418803,112.82051282051282,1.0,0.1367521367521367,1.0,0.0,0.0,0.0,0.0,0.0,8.205128205128204,60.0,0.1367521367521367,1.0,0.0,0.0,117.0,1.0,12.162162162162163,1.0,1.0,0.0,1.0,22.86902286902287,0.0829310344827586,0.072943261386426,0.5320379092673326,1.0,2
11.41605022625007,9461.607616151394,962.8333333333334,35.01235034765373,296.3333333333333,267191.6666666667,2.6666666666666665,2.6666666666666665,1.0833333333333333,2.5,0.5400373214903086,0.0,0.1111111111111111,0.5,127282.33333333331,139909.33333333334,1.1073574640226258,1.0,0.0,0.0,4.0,3.0,0.0288461538461538,0.75,4.0,1.9182958340544891,0.5,8.548076923076923,41.6,38.87209796242029,0.5169493657221017,1.0,0
43.40728377997384,40850.93812423047,846.25,37.76109221285439,270.75,237602.5,2.0,2.25,0.6041666666666666,6.0,1.526754427398839,0.0,0.375,1.5,131299.25,106303.25,0.9739328475125087,0.75,0.25,0.0,4.0,3.0,0.0246913580246913,1.0,3.0,1.5,0.5,6.685185185185185,54.0,26.28053779256937,0.6726412339130861,1.0,0
644.6125621656757,38676.75372994054,60.0,0.2525379142446987,120.54545454545456,7232.727272727273,118.24242424242424,2.303030303030303,67.0030303030303,0.0,0.0,0.0,0.0,0.0,138.1818181818182,7094.545454545455,52.94242424242424,1.0,0.0,0.0,1.0,1.0,33.81147540983606,0.0303030303030303,33.0,5.044394119358456,1.0,4075.819672131148,0.0305,0.0345479738913876,0.4688847042480782,33.0,1
804.1740960024028,48250.44576014417,60.0,0.2235840020757638,120.1904761904762,7211.428571428572,118.04761904761904,2.142857142857143,66.25873015873016,0.0,0.0,0.0,0.0,0.0,128.57142857142858,7082.857142857143,37.92539682539682,1.0,0.0,0.0,1.0,1.0,23.026315789473685,0.0476190476190476,21.0,4.39231742277876,1.0,2767.5438596491226,0.0456,0.0326563929422708,0.5826999978600951,21.0,1
30.73597404701988,43036.0028632884,1400.1834722222222,234.2531910322882,7200.0,10081321.0,1.0,1.0,1.0,0.0,0.0,0.0,0.0,0.0,7792.0,10073529.0,1292.8040297741272,1.0,0.0,0.0,1.0,1.0,1.0,1.0,1.0,0.0,1.0,7200.0,0.0,0.0,0.0,0.0,5
437.3062905647016,612235.6844419678,1400.034167039022,72.38967576801885,27291.0,38207957.0,1.0,1.0,1.0,0.0,0.0,0.0,0.0,0.0,36004.5,38171952.5,1459.7046231160832,1.0,0.0,0.0,1.0,1.0,0.0192307692307692,1.0,1.0,0.0,1.0,524.8269230769231,104.0,0.0,1.0,2.0,5
9.491299660311002,11660.063308024846,1315.3333333333333,41.37770548950116,338.3333333333333,426420.6666666667,2.333333333333333,2.333333333333333,0.9444444444444444,8.0,2.0356725698651186,0.0,0.5,2.0,218067.66666666663,208353.0,0.9963995363823124,0.6666666666666666,0.3333333333333333,0.0,2.0,3.0,0.0209790209790209,1.0,3.0,1.584962500721156,0.3333333333333333,7.0979020979020975,71.5,39.5,0.6441441441441441,1.0,0
11.275208420705592,1149.4495428767289,130.91919191919192,0.2557361842387111,2.0,208.7878787878788,0.0,0.0,0.0,60.93939393939394,4.685780149519585,0.2348390679923715,0.4840439724679355,3.0,62.18181818181818,145.66666666666666,2.3429972069126497,0.0,1.0,0.0,1.0,1.0,0.1141868512110726,1.0,1.0,0.0,1.0,0.2283737024221453,9.03125,6.511933156713143,0.5810425000428164,33.0,4
9.71589981150467,1135.578422013681,126.44770202020202,1.0963292300316392,9.9,1166.8,1.0,1.0,1.0,0.0,0.0,0.0,0.0,0.0,466.4,700.4,1.5491076553899823,1.0,0.0,0.0,1.0,1.0,0.0069612847494299,1.0,1.0,0.0,1.0,0.0689167190193566,159.612938,79.27006072652624,0.6681636568985189,10.0,3
852.073102052225,51124.38612313349,60.0,0.2593153270746565,140.21052631578948,8412.631578947368,137.3684210526316,2.8421052631578947,63.4311403508772,0.0,0.0,0.0,0.0,0.0,170.52631578947367,8242.105263157895,45.64166666666667,1.0,0.0,0.0,1.0,1.0,39.05447070914697,0.0263157894736842,38.0,5.247927513443589,1.0,5475.84789311408,0.0262972972972972,0.0266071163665671,0.497071897713125,38.0,1
75.91967344068334,4555.180406441001,60.0,0.0521691167606886,1.9519230769230769,117.1153846153846,1.0,0.1057692307692307,1.0,0.0,0.0,0.0,0.0,0.0,6.346153846153846,60.0,0.1057692307692307,1.0,0.0,0.0,104.0,1.0,13.90374331550802,1.0,1.0,0.0,1.0,27.13903743315508,0.0726213592233009,0.0676220387618404,0.5178237283654172,1.0,2
9.329528019371732,1128.321320726516,141.0,0.2624704298681247,1.8571428571428568,208.9047619047619,0.0,0.0,0.0,63.80952380952381,4.745420372872598,0.2467651964104528,0.4798595950473485,3.0,62.23809523809524,145.85714285714286,2.3434339390171948,0.0,1.0,0.0,1.0,1.0,0.0792452830188679,1.0,1.0,0.0,1.0,0.1471698113207547,13.25,10.857601024167357,0.5496191838713922,21.0,4
33.79994119006191,38848.69103589756,1084.1666666666667,27.127883470608325,275.5,282947.3333333333,2.6666666666666665,2.833333333333333,0.7583333333333333,2.0,0.4758980903679222,0.0,0.1111111111111111,0.5,139369.66666666666,143577.66666666666,1.0425326253434308,0.8333333333333334,0.1666666666666666,0.0,3.0,6.0,0.0284360189573459,1.2,5.0,2.2516291673878226,0.1666666666666666,7.834123222748815,42.2,26.9918506219933,0.6098984146347767,1.0,0
9.849443227635623,8353.640224209848,801.5,37.95905089065376,214.0,210407.75,3.5,3.25,1.0833333333333333,7.0,1.6071998380167294,0.0,0.358974358974359,1.5,95456.75,114951.0,1.3058067657325283,1.0,0.0,0.0,3.0,2.0,0.0412371134020618,0.5,4.0,2.0,0.75,8.824742268041238,32.333333333333336,15.58489297008128,0.6747606459513149,2.0,0
115.09317055727423,6905.590233436454,60.0,0.0490395496331199,1.825,109.5,1.0,0.1,1.0,0.0,0.0,0.0,0.0,0.0,6.0,60.0,0.1,1.0,0.0,0.0,80.0,1.0,15.355086372360844,1.0,1.0,0.0,1.0,28.023032629558543,0.0659493670886075,0.0504039125300169,0.5668028207264314,1.0,2
14.57356153157936,1191.01935014244,97.77450980392156,0.2551618917585648,2.4705882352941178,206.64705882352945,0.0,0.0,0.0,60.588235294117645,4.697647950409767,0.2246326716068542,0.4860646715642391,3.0,61.47058823529412,144.1764705882353,2.346428736537854,0.0,1.0,0.0,1.0,1.0,0.0634328358208955,1.0,1.0,0.0,1.0,0.1567164179104477,16.75,12.341495047197483,0.5757696527052021,17.0,4
10.782899694567703,1223.8921541544894,127.32352941176472,0.2698336002415255,2.0,217.05882352941177,0.0,0.0,0.0,59.1764705882353,4.723279862688031,0.2238421618252243,0.5045861107359441,3.0,64.58823529411765,151.47058823529412,2.3449569362284586,0.0,1.0,0.0,1.0,1.0,0.0720338983050847,1.0,1.0,0.0,1.0,0.1440677966101695,14.75,10.691702390171548,0.5797568014040646,17.0,4
1215.030192499232,72901.81154995391,60.0,0.2243140856860701,135.11111111111111,8106.666666666667,132.55555555555554,2.555555555555556,73.80185185185185,0.0,0.0,0.0,0.0,0.0,153.33333333333334,7953.333333333333,49.76481481481482,1.0,0.0,0.0,1.0,1.0,32.886723507917175,0.037037037037037,27.0,4.754887502163471,1.0,4443.361753958588,0.031576923076923,0.0350847030845715,0.4736896606816153,27.0,1
10.59089762472654,1175.5401576661673,132.08666666666667,0.2605531103149192,1.96,214.32,0.0,0.0,0.0,60.6,4.716697224539099,0.2237463723286027,0.4960212658832653,3.0,63.84,149.52,2.3430863243595623,0.0,1.0,0.0,1.0,1.0,0.0889679715302491,1.0,1.0,0.0,1.0,0.1743772241992882,11.708333333333334,13.612124395389412,0.4624060693836416,25.0,4
12.233977019428549,1463.1843843065635,146.02276223776224,0.9203241321203188,10.2,1245.6,1.0,1.0,1.0,0.0,0.0,0.0,0.0,0.0,510.9,734.7,1.4989614596280083,1.0,0.0,0.0,1.0,1.0,0.0092729247942867,1.0,1.0,0.0,1.0,0.0945838329017245,119.82315566666664,2.238831129608833,0.9816582444021208,10.0,3
102.04209929508556,142265.35495476582,1213.571428571429,23.62266222217961,294.0,376707.4285714286,2.571428571428572,2.571428571428572,0.7738095238095238,4.0,0.8993522883905121,0.0,0.1956043956043956,0.8571428571428571,197085.57142857145,179621.85714285713,1.0088193263371816,0.7142857142857143,0.2857142857142857,0.0,3.0,4.0,0.0432098765432098,0.8,5.0,2.235926350629033,0.4285714285714285,12.703703703703704,27.0,16.319722219858196,0.6232726946624539,1.0,0
1216.0698876993465,72964.19326196078,60.0,0.2341962558109594,126.53846153846152,7592.307692307692,123.87179487179488,2.6666666666666665,62.39252136752136,0.0,0.0,0.0,0.0,0.0,160.0,7432.307692307692,44.04636752136752,1.0,0.0,0.0,1.0,1.0,80.49535603715171,0.0128205128205128,78.0,6.285402218862257,1.0,10185.758513931887,0.0125844155844155,0.0131942044039518,0.4881725860458884,78.0,1
7.113610723201873,985.3086582417732,171.29435897435897,1.4392983118051148,10.0,1405.0,1.0,1.0,1.0,0.0,0.0,0.0,0.0,0.0,580.2,824.8,1.433769065883677,1.0,0.0,0.0,1.0,1.0,0.0034672417317303,1.0,1.0,0.0,1.0,0.0346724173173036,360.517119,84.52339509638925,0.8100770774364091,5.0,3
12.179982227061464,1250.6214709559229,124.0222222222222,0.2648798816623631,1.9333333333333331,202.53333333333333,0.0,0.0,0.0,64.53333333333333,4.7665665824706975,0.2451212701403758,0.4852371471255628,3.0,60.266666666666666,141.26666666666668,2.344423425018425,0.0,1.0,0.0,1.0,1.0,0.0549450549450549,1.0,1.0,0.0,1.0,0.1062271062271062,19.5,24.70034701896196,0.4411730068914277,15.0,4
518.2840114001551,31097.04068400931,60.0,0.297543084280525,120.83333333333331,7250.0,118.33333333333331,2.5,65.59791666666666,0.0,0.0,0.0,0.0,0.0,150.0,7100.0,37.88958333333333,1.0,0.0,0.0,1.0,1.0,24.922118380062305,0.0416666666666666,24.0,4.584962500721156,1.0,3011.422637590862,0.0418695652173913,0.0375445293274487,0.527230908535389,24.0,1
266.0499716083973,372475.7777216693,1400.0455851401116,215.7732817538066,39640.5,55497754.5,1.0,1.0,1.0,0.0,0.0,0.0,0.0,0.0,27455.5,55470299.0,1788.7909566592225,1.0,0.0,0.0,1.0,1.0,0.054054054054054,1.0,1.0,0.0,1.0,2142.7297297297296,37.0,0.0,1.0,2.0,5
1499.9080948016438,89994.48568809863,60.0,0.241938346004444,124.5774647887324,7474.647887323944,122.35211267605634,2.2253521126760565,72.12863849765257,0.0,0.0,0.0,0.0,0.0,133.5211267605634,7341.12676056338,36.04413145539906,1.0,0.0,0.0,1.0,1.0,71.2136409227683,0.0140845070422535,71.0,6.149747119504677,1.0,8871.6148445336,0.0142428571428571,0.012882364151135,0.5250780072349759,71.0,1
9.135715502014962,9934.733556338337,986.6,31.698986021970114,183.4,183510.6,3.2,3.6,0.9333333333333332,2.4,0.6503258334775646,0.0,0.1666666666666666,0.6,92995.0,90515.6,1.0282890199190238,1.0,0.0,0.0,3.0,4.0,0.0393700787401574,0.8,5.0,2.321928094887362,0.4,7.2204724409448815,31.75,22.27526655283837,0.587687984268389,1.0,0
66.63736309671874,3998.241785803125,60.0,0.0501289454706509,1.9090909090909087,114.54545454545456,1.0,0.0795454545454545,1.0,0.0,0.0,0.0,0.0,0.0,4.7727272727272725,60.0,0.0795454545454545,1.0,0.0,0.0,88.0,1.0,11.398963730569948,1.0,1.0,0.0,1.0,21.76165803108808,0.088735632183908,0.0738093941269128,0.545914164203502,1.0,2
773.8532019600386,46431.19211760231,60.0,0.2648169704176583,119.075,7144.5,116.75,2.325,69.44874999999999,0.0,0.0,0.0,0.0,0.0,139.5,7005.0,46.94875,1.0,0.0,0.0,1.0,1.0,41.79728317659352,0.025,40.0,5.321928094887364,1.0,4977.0114942528735,0.0245384615384615,0.0313097397427915,0.4393778308970984,40.0,1
98.30125156112857,5898.075093667714,60.0,0.0502425567913709,1.969135802469136,118.14814814814817,1.0,0.1481481481481481,1.0,0.0,0.0,0.0,0.0,0.0,8.88888888888889,60.0,0.1481481481481481,1.0,0.0,0.0,162.0,1.0,20.25,1.0,1.0,0.0,1.0,39.875,0.0496894409937888,0.0413201762974546,0.5459801114730073,1.0,2
11.087822697696396,1378.1797726397344,132.31906640368177,1.1706944115367188,11.384615384615383,1309.2307692307693,1.0,1.0,1.0,0.0,0.0,0.0,0.0,0.0,522.8461538461538,786.3846153846154,1.506042711189438,1.0,0.0,0.0,1.0,1.0,0.0083398389637142,1.0,1.0,0.0,1.0,0.0949458589715166,129.89859133333334,33.29391689139532,0.7959837908395463,13.0,3
12.87240259784124,9121.068790417648,894.0,29.947787890267136,117.0,93378.0,2.0,2.0,0.5,0.0,0.0,0.0,0.0,0.0,40020.5,53357.5,1.324609389518844,0.5,0.5,0.0,1.0,2.0,0.0625,1.0,2.0,1.0,0.5,7.3125,32.0,0.0,1.0,1.0,0
8.338557516186635,959.326528870684,138.35294117647058,0.2505188264495307,1.7647058823529411,211.8823529411765,0.0,0.0,0.0,60.05882352941177,4.715027781020133,0.2401578460130017,0.5011966061014635,3.0,63.23529411764706,147.7058823529412,2.3354090201047986,0.0,1.0,0.0,1.0,1.0,0.0661478599221789,1.0,1.0,0.0,1.0,0.1167315175097276,16.0625,13.56681958861398,0.5421150476291239,17.0,4
79.2158442035128,4752.95065221077,60.0,0.0513173091769388,1.968253968253968,118.0952380952381,1.0,0.0476190476190476,1.0,0.0,0.0,0.0,0.0,0.0,2.857142857142857,60.0,0.0476190476190476,1.0,0.0,0.0,126.0,1.0,20.224719101123597,1.0,1.0,0.0,1.0,39.807383627608345,0.04984,0.0441267991134639,0.5304001037623802,1.0,2
44.31848586031864,47569.24362227176,1050.571428571429,26.63051322433238,346.85714285714283,354533.5714285714,1.7142857142857142,1.5714285714285714,0.6071428571428571,3.4285714285714284,0.8724311013707651,0.0,0.2142857142857142,0.8571428571428571,154124.14285714287,200409.42857142855,1.2816751634790682,0.5714285714285714,0.4285714285714285,0.0,4.0,3.0,0.0271317829457364,0.75,4.0,1.8423709931771088,0.4285714285714285,9.410852713178295,43.0,24.52209887699936,0.6368285452490201,2.0,0
6.842163356707722,7110.211602979199,1005.4,32.08537698823608,231.2,240803.2,2.2,1.8,0.75,0.0,0.0,0.0,0.0,0.0,115890.0,124913.2,1.053300158461207,0.6,0.2,0.2,3.0,3.0,0.0220264317180616,1.0,3.0,1.521928094887362,0.6,5.092511013215859,56.75,40.18317433951678,0.5854548805059065,1.0,0
9.591077183093825,9985.396700407638,1058.3333333333333,23.396493245732085,242.33333333333331,231851.66666666663,2.0,1.8333333333333333,0.5555555555555555,2.0,0.5419381945646371,0.0,0.1388888888888889,0.5,128383.16666666669,103468.5,0.8686436124436429,0.5,0.1666666666666666,0.3333333333333333,3.0,5.0,0.0319148936170212,1.25,4.0,1.9182958340544891,0.3333333333333333,7.73404255319149,37.6,24.4834638072312,0.6056363110915942,1.0,0
94.46625930154454,5667.975558092672,60.0,0.0495825497002315,2.006578947368421,120.39473684210526,1.0,0.0921052631578947,1.0,0.0,0.0,0.0,0.0,0.0,5.526315789473684,60.0,0.0921052631578947,1.0,0.0,0.0,152.0,1.0,31.27572016460905,1.0,1.0,0.0,1.0,62.75720164609053,0.0321854304635761,0.0239451370648219,0.5734029047059355,1.0,2
1123.869972737299,67432.19836423792,60.0,0.2473515676036179,139.25,8355.0,136.95833333333334,2.2916666666666665,81.6951388888889,0.0,0.0,0.0,0.0,0.0,137.5,8217.5,44.69513888888889,1.0,0.0,0.0,1.0,1.0,24.76780185758514,0.0416666666666666,24.0,4.584962500721156,1.0,3448.9164086687306,0.0421304347826087,0.0422470007660189,0.4993092585556058,24.0,1
72.63518158219411,4358.110894931646,60.0,0.0496479178631808,1.959183673469388,117.55102040816328,1.0,0.0816326530612244,1.0,0.0,0.0,0.0,0.0,0.0,4.8979591836734695,60.0,0.0816326530612244,1.0,0.0,0.0,98.0,1.0,11.835748792270532,1.0,1.0,0.0,1.0,23.188405797101453,0.085360824742268,0.0905431702658683,0.4852693921949851,1.0,2
272.588634215812,381627.8614686703,1400.0214399005686,162.5089182784042,46177.5,64648949.25,1.0,1.0,1.0,0.0,0.0,0.0,0.0,0.0,39998.75,64608950.5,1708.4702953622286,1.0,0.0,0.0,1.0,1.0,0.009501187648456,1.0,1.0,0.0,1.0,438.7410926365796,140.33333333333334,95.11163032049352,0.5960345515806593,4.0,5
122.8061210095342,171934.04152979344,1400.082661234815,212.60457754203455,25722.0,36011964.0,1.0,1.0,1.0,0.0,0.0,0.0,0.0,0.0,23986.5,35987977.5,5004.034589086613,1.0,0.0,0.0,1.0,1.0,0.0185185185185185,1.0,1.0,0.0,1.0,476.3333333333333,108.0,0.0,1.0,2.0,5
11.223225404568945,1194.6224182730969,116.3935175935176,0.9943736022756844,10.666666666666666,1142.1666666666667,1.0,1.0,1.0,0.0,0.0,0.0,0.0,0.0,454.1666666666667,688.0,1.515411310231534,1.0,0.0,0.0,1.0,1.0,0.0099618388518489,1.0,1.0,0.0,1.0,0.1062596144197218,120.459688,1.2297746248523742,0.9898941568289809,6.0,3
11.868912254138031,1762.9830740136083,178.34444444444446,0.1954284194919331,1.4666666666666666,211.7333333333333,0.0,0.0,0.0,58.6,4.673194617051899,0.2299508654976772,0.5019135342549699,3.0,63.06666666666667,147.73333333333332,2.342144246138001,0.0,1.0,0.0,1.0,1.0,0.0570342205323193,1.0,1.0,0.0,1.0,0.0836501901140684,18.785714285714285,18.06013198586707,0.5098461885567661,15.0,4
85.3719036027786,5122.314216166716,60.0,0.0502784885316769,1.922619047619048,115.35714285714286,1.0,0.0714285714285714,1.0,0.0,0.0,0.0,0.0,0.0,4.285714285714286,60.0,0.0714285714285714,1.0,0.0,0.0,168.0,1.0,17.195496417604915,1.0,1.0,0.0,1.0,33.0603889457523,0.058502994011976,0.0535408372041465,0.5221438197621874,1.0,2
109.47543982514136,6568.526389508481,60.0,0.045846441601538,1.88,112.8,1.0,0.1066666666666666,1.0,0.0,0.0,0.0,0.0,0.0,6.4,60.0,0.1066666666666666,1.0,0.0,0.0,75.0,1.0,17.89976133651551,1.0,1.0,0.0,1.0,33.65155131264916,0.0566216216216216,0.0439679559921438,0.5628974985761651,1.0,2
9.0720560031584,962.4472318553878,117.92708333333331,0.2994282871623768,2.1875,211.75,0.0,0.0,0.0,62.625,4.685165520026456,0.2347297059523908,0.4776717854947014,3.0,63.125,147.6875,2.3393639846759013,0.0,1.0,0.0,1.0,1.0,0.0569395017793594,1.0,1.0,0.0,1.0,0.1245551601423487,18.73333333333333,15.307804835732943,0.5503145411969982,16.0,4
12.030343794200412,8099.735361722119,735.8333333333334,37.08084164211989,352.8333333333333,268463.5,2.833333333333333,2.833333333333333,0.888888888888889,4.833333333333333,1.0736201312862357,0.0,0.2323717948717948,1.0,139750.33333333334,128713.16666666669,0.9276231647819696,0.8333333333333334,0.1666666666666666,0.0,4.0,5.0,0.029126213592233,1.0,5.0,2.2516291673878226,0.3333333333333333,10.276699029126211,41.2,44.81696107502159,0.4789753030691995,1.0,0
80.88523455426545,4853.114073255929,60.0,0.0510679945569287,1.9568345323741008,117.41007194244604,1.0,0.079136690647482,1.0,0.0,0.0,0.0,0.0,0.0,4.748201438848921,60.0,0.079136690647482,1.0,0.0,0.0,139.0,1.0,21.550387596899224,1.0,1.0,0.0,1.0,42.17054263565891,0.0467391304347826,0.038582924876135,0.5477965839484643,1.0,2
7.2694741443821425,1091.7216124536878,155.30091630591633,1.4042804087558978,8.866666666666667,1185.6666666666667,1.0,1.0,1.0,0.0,0.0,0.0,0.0,0.0,467.26666666666665,718.4,1.5407592031941588,1.0,0.0,0.0,1.0,1.0,0.008915432522164,1.0,1.0,0.0,1.0,0.0790501683631882,120.17684714285714,1.3798055022800872,0.9886488688833164,15.0,3
71.14070737993049,4268.442442795827,60.0,0.0520685018535474,2.107142857142857,126.42857142857144,1.0,0.0833333333333333,1.0,0.0,0.0,0.0,0.0,0.0,5.0,60.0,0.0833333333333333,1.0,0.0,0.0,84.0,1.0,26.0061919504644,1.0,1.0,0.0,1.0,54.79876160990712,0.0389156626506024,0.0348494887066526,0.5275616186582244,1.0,2
1053.4400448090882,63206.40268854529,60.0,0.2764055566898616,129.88888888888889,7793.333333333333,127.44444444444444,2.4444444444444446,66.8026455026455,0.0,0.0,0.0,0.0,0.0,146.66666666666666,7646.666666666667,44.35820105820106,1.0,0.0,0.0,1.0,1.0,63.63636363636364,0.0158730158730158,63.0,5.97727992349992,1.0,8265.656565656565,0.0159677419354838,0.01538953115253,0.5092197236240997,63.0,1
8.449504645152093,1296.9272890387306,161.53718614718616,1.1946045951282025,9.6,1429.4,1.0,1.0,1.0,0.0,0.0,0.0,0.0,0.0,564.3,865.1,1.524736875150542,1.0,0.0,0.0,1.0,1.0,0.0092782070246444,1.0,1.0,0.0,1.0,0.0890707874365869,119.75493844444443,1.6293704490338263,0.986576762154129,10.0,3
8.571580192977084,1014.416807014692,122.13725490196076,0.2851069084415453,2.176470588235294,222.76470588235293,0.0,0.0,0.0,60.47058823529412,4.683427006502392,0.2428511867778311,0.4846346158346899,3.0,66.29411764705883,155.52941176470588,2.346405812483577,0.0,1.0,0.0,1.0,1.0,0.0604982206405693,1.0,1.0,0.0,1.0,0.1316725978647686,17.5625,14.675527034829107,0.5447758940404741,17.0,4
94.30245229735807,5658.147137841484,60.0,0.0501978222999278,2.032,121.92,1.0,0.104,1.0,0.0,0.0,0.0,0.0,0.0,6.24,60.0,0.104,1.0,0.0,0.0,125.0,1.0,32.637075718015666,1.0,1.0,0.0,1.0,66.31853785900783,0.0308870967741935,0.0254638293997645,0.5481204812649143,1.0,2
234.9833296787408,328980.29995135765,1400.0156411215062,132.38246314450038,33895.0,47453520.0,1.0,1.0,1.0,0.0,0.0,0.0,0.0,0.0,42857.5,47410662.5,1159.3590423139365,1.0,0.0,0.0,1.0,1.0,0.08,1.0,1.0,0.0,1.0,2711.6,25.0,0.0,1.0,2.0,5
1000.7162891871288,60042.97735122774,60.0,0.242658319470941,127.09803921568628,7625.882352941177,124.6078431372549,2.4901960784313726,64.03954248366013,0.0,0.0,0.0,0.0,0.0,149.41176470588235,7476.470588235294,45.353267973856205,1.0,0.0,0.0,1.0,1.0,52.68595041322314,0.0196078431372549,51.0,5.6724253419715005,1.0,6696.280991735537,0.01936,0.0168377670728633,0.5348396203840368,51.0,1
77.82995915673959,4669.797549404377,60.0,0.0463493175760694,1.9428571428571428,116.57142857142856,1.0,0.2,1.0,0.0,0.0,0.0,0.0,0.0,12.0,60.0,0.2,1.0,0.0,0.0,70.0,1.0,10.014306151645208,1.0,1.0,0.0,1.0,19.45636623748212,0.1013043478260869,0.0850901149503033,0.5434944059878946,1.0,2
4.040793934972356,3326.6162043942118,935.0,49.309072781335416,216.5,175435.75,3.0,3.25,0.9375,10.5,2.399523006245766,0.0,0.5375,2.25,80382.75,95053.0,1.2762470264534174,1.0,0.0,0.0,4.0,4.0,0.0251572327044025,2.0,2.0,0.8112781244591328,0.25,5.446540880503145,53.0,24.055491403558285,0.6878160016192246,1.0,0
1366.768768506381,82006.12611038289,60.0,0.2315179960032888,126.52941176470588,7591.764705882353,124.5,2.0294117647058822,75.89509803921568,0.0,0.0,0.0,0.0,0.0,121.76470588235294,7470.0,46.159803921568624,1.0,0.0,0.0,1.0,1.0,35.90285110876452,0.0294117647058823,34.0,5.087462841250338,1.0,4542.766631467794,0.0286969696969696,0.0287365091915186,0.4996557800840718,34.0,1
85.07989930505447,5104.7939583032685,60.0,0.0502516641793453,1.920353982300885,115.22123893805308,1.0,0.1238938053097345,1.0,0.0,0.0,0.0,0.0,0.0,7.433628318584071,60.0,0.1238938053097345,1.0,0.0,0.0,113.0,1.0,20.28725314183124,1.0,1.0,0.0,1.0,38.95870736086176,0.0497321428571428,0.0359429066474221,0.5804740486843017,1.0,2
8.982265701781353,10717.303365508693,1215.25,40.90204741606362,319.5,383193.0,0.25,0.5,0.125,3.0,0.8129072918469556,0.0,0.2083333333333333,0.75,198659.5,184533.5,0.9051460284729712,0.25,0.75,0.0,3.0,3.0,0.1538461538461538,0.75,4.0,2.0,0.5,49.15384615384615,8.666666666666666,6.236095644623235,0.5815476678508822,1.0,0
6.928584113490217,817.5645854028098,130.68333333333334,0.3042418666691932,2.0,207.5,0.0,0.0,0.0,60.7,4.702807279825332,0.228933467753552,0.4938045087312723,3.0,61.8,144.8,2.3440281052557834,0.0,1.0,0.0,1.0,1.0,0.0757575757575757,1.0,1.0,0.0,1.0,0.1515151515151515,14.666666666666666,10.811516493484572,0.5756559082127113,10.0,4
5.905783674162285,4631.80231636978,889.0,33.90101215722816,168.42857142857142,130901.71428571428,2.4285714285714284,2.571428571428572,0.7333333333333333,3.4285714285714284,0.8724311013707651,0.0,0.2142857142857142,0.8571428571428571,69257.14285714286,61644.57142857143,0.9018728584480736,0.7142857142857143,0.1428571428571428,0.1428571428571428,3.0,5.0,0.023972602739726,1.25,4.0,1.8423709931771084,0.2857142857142857,4.037671232876712,48.66666666666666,31.731512552806063,0.6053205077420388,1.0,0
74.57636939816486,4474.582163889892,60.0,0.0507594141960568,2.0,120.0,1.0,0.1351351351351351,1.0,0.0,0.0,0.0,0.0,0.0,8.108108108108109,60.0,0.1351351351351351,1.0,0.0,0.0,111.0,1.0,15.163934426229508,1.0,1.0,0.0,1.0,30.327868852459016,0.0665454545454545,0.0731677569777632,0.476300371453389,1.0,2
10.6649112925707,1487.7583501110114,160.7734450734451,1.1102242899030057,10.444444444444445,1459.5555555555557,1.0,1.0,1.0,0.0,0.0,0.0,0.0,0.0,568.3333333333334,891.2222222222222,1.5815312880479226,1.0,0.0,0.0,1.0,1.0,0.0093564984696724,1.0,1.0,0.0,1.0,0.097723428461023,120.237287875,1.0825386857298047,0.9910769845587613,9.0,3
8.411880814400645,6825.597227151856,768.0,48.54680206170982,321.0,275732.0,2.333333333333333,2.333333333333333,0.9166666666666666,4.0,0.9517961807358444,0.0,0.2222222222222222,1.0,139438.33333333334,136293.66666666666,0.9599320799419138,1.0,0.0,0.0,2.0,3.0,0.0209790209790209,1.0,3.0,1.584962500721156,0.3333333333333333,6.734265734265734,71.5,5.5,0.9285714285714286,1.0,0
111.96193564596136,6717.716138757683,60.0,0.0464813532763242,1.9215686274509804,115.29411764705884,1.0,0.1078431372549019,1.0,0.0,0.0,0.0,0.0,0.0,6.470588235294118,60.0,0.1078431372549019,1.0,0.0,0.0,102.0,1.0,19.029850746268657,1.0,1.0,0.0,1.0,36.56716417910447,0.053069306930693,0.0524969131437141,0.5027110650858555,1.0,2
1728.105078506656,103686.30471039934,60.0,0.2052530161706506,130.33823529411765,7820.294117647059,127.54411764705884,2.794117647058824,63.43088235294117,0.0,0.0,0.0,0.0,0.0,167.64705882352942,7652.64705882353,49.94558823529411,1.0,0.0,0.0,1.0,1.0,69.24643584521385,0.0147058823529411,68.0,6.087462841250345,1.0,9025.458248472503,0.0146567164179104,0.0131382456844835,0.5273155748123172,68.0,1
100.13990828081056,6008.394496848633,60.0,0.0507886950307021,2.08843537414966,125.3061224489796,1.0,0.0952380952380952,1.0,0.0,0.0,0.0,0.0,0.0,5.714285714285714,60.0,0.0952380952380952,1.0,0.0,0.0,147.0,1.0,22.47706422018349,1.0,1.0,0.0,1.0,46.94189602446483,0.0447945205479452,0.0360026478874417,0.5544070592494482,1.0,2
10.290690827400423,1197.0236859424012,135.47560975609755,0.2794808917963028,1.902439024390244,213.9512195121951,0.0,0.0,0.0,58.75609756097561,4.679016578708482,0.2263211752428183,0.5022046662859767,3.0,63.75609756097561,149.26829268292684,2.341105664394701,0.0,1.0,0.0,1.0,1.0,0.1389830508474576,1.0,1.0,0.0,1.0,0.2644067796610169,7.375,8.946193324537537,0.4518664691577612,41.0,4
14.76321860024562,1227.7125734326964,105.43478260869568,0.2595693980753411,2.3043478260869565,202.95652173913044,0.0,0.0,0.0,61.21739130434783,4.72101672069943,0.2190539291811824,0.497769343463225,3.0,60.52173913043478,141.52173913043478,2.338688027155498,0.0,1.0,0.0,1.0,1.0,0.0864661654135338,1.0,1.0,0.0,1.0,0.1992481203007518,12.090909090909092,9.534192490519631,0.5591145570059455,23.0,4
92.6453607232681,5558.721643396086,60.0,0.0513430389851564,2.0,120.0,1.0,0.1413043478260869,1.0,0.0,0.0,0.0,0.0,0.0,8.478260869565217,60.0,0.1413043478260869,1.0,0.0,0.0,92.0,1.0,18.03921568627451,1.0,1.0,0.0,1.0,36.07843137254902,0.056043956043956,0.0470650501645018,0.5435408419188004,1.0,2
6.887836709440515,884.9608297619086,129.2471088435374,1.4622689500332091,9.428571428571429,1079.5,1.0,1.0,1.0,0.0,0.0,0.0,0.0,0.0,435.1428571428572,644.3571428571429,1.519887837789602,1.0,0.0,0.0,1.0,1.0,0.0089767766792641,1.0,1.0,0.0,1.0,0.0846381801187765,119.96768053846154,0.8191330467669033,0.9932183570171844,14.0,3
8.5106531373299,951.4743497804204,138.3814814814815,0.3134496206802945,1.8666666666666667,215.2888888888889,0.0,0.0,0.0,62.66666666666666,4.74427836759851,0.2441568999846969,0.4896965828802705,3.0,64.06666666666666,150.33333333333334,2.346702393290842,0.0,1.0,0.0,1.0,1.0,0.1546391752577319,1.0,1.0,0.0,1.0,0.2886597938144329,6.613636363636363,6.453384978904514,0.5061319018516537,45.0,4
9.17951277254712,986.0841717743148,129.0,0.2866254455869237,2.0,207.08333333333331,0.0,0.0,0.0,62.083333333333336,4.731438661056627,0.2214427902682464,0.4910339428801596,3.0,61.638888888888886,144.5,2.3452128761399544,0.0,1.0,0.0,1.0,1.0,0.1338289962825278,1.0,1.0,0.0,1.0,0.2676579925650557,7.685714285714286,6.377511510081694,0.5465114759098749,36.0,4
150.7000833810237,109320.22255417056,888.6666666666666,27.743908158138662,239.83333333333331,201436.66666666663,1.1666666666666667,1.0,0.4722222222222222,2.0,0.5141604167868593,0.0,0.125,0.5,101443.0,99993.66666666669,0.97904061821308,0.5,0.3333333333333333,0.1666666666666666,4.0,5.0,0.0382165605095541,1.0,5.0,2.2516291673878226,0.3333333333333333,9.165605095541402,31.4,30.33545780106178,0.5086218053356681,1.0,0
15.583342598730413,12116.985785717565,1065.0,22.182550543856323,259.0,217533.0,4.5,3.5,1.2916666666666663,6.5,1.6194506283013157,0.0,0.3846153846153846,1.5,115369.0,102164.0,0.9928093486740064,1.0,0.0,0.0,2.0,2.0,0.0256410256410256,2.0,1.0,0.0,0.5,6.641025641025641,78.0,0.0,1.0,1.0,0
74.81970262960483,4489.1821577762885,60.0,0.0508047473504099,1.9668508287292816,118.01104972375693,1.0,0.1049723756906077,1.0,0.0,0.0,0.0,0.0,0.0,6.298342541436464,60.0,0.1049723756906077,1.0,0.0,0.0,181.0,1.0,22.9404309252218,1.0,1.0,0.0,1.0,45.12040557667935,0.0438333333333333,0.0403495146604433,0.5206919744099624,1.0,2
9.72921299447792,838.8403006056801,98.8578431372549,0.3066868192178609,2.3823529411764706,205.02941176470588,0.0,0.0,0.0,59.3235294117647,4.681441715386419,0.2254654751346591,0.5020471327249749,3.0,61.088235294117645,143.02941176470588,2.3411039386946664,0.0,1.0,0.0,1.0,1.0,0.1209964412811387,1.0,1.0,0.0,1.0,0.2882562277580071,8.515151515151516,6.301136079004648,0.5747155932981525,34.0,4
75.89729240543144,102242.11225432176,1240.75,30.04432658154315,188.0,234701.5,2.5,1.5,1.1875,3.0,0.7712406251802889,0.0,0.1875,0.75,120225.0,114476.5,0.9235589546374272,1.0,0.0,0.0,3.0,3.0,0.0363636363636363,0.75,4.0,2.0,0.5,6.836363636363636,36.66666666666666,26.449112566503164,0.5809429450472012,1.0,0
64.42949119181525,3865.769471508916,60.0,0.0544584475908871,1.9838709677419355,119.03225806451611,1.0,0.0806451612903225,1.0,0.0,0.0,0.0,0.0,0.0,4.838709677419355,60.0,0.0806451612903225,1.0,0.0,0.0,124.0,1.0,14.435389988358557,1.0,1.0,0.0,1.0,28.637951105937137,0.0698373983739837,0.0595099737468045,0.5399212773241933,1.0,2
760.0898571604657,45605.39142962795,60.0,0.2797944172971265,126.88095238095238,7612.857142857143,124.47619047619048,2.4047619047619047,70.08809523809522,0.0,0.0,0.0,0.0,0.0,144.28571428571428,7468.571428571428,62.707142857142856,1.0,0.0,0.0,1.0,1.0,43.29896907216495,0.0238095238095238,42.0,5.3923174227787625,1.0,5493.81443298969,0.0236585365853658,0.0255463326145562,0.480816979499324,42.0,1
17.67151833985207,14154.18009215885,904.2,33.75662535215271,204.0,191124.0,3.2,3.2,0.9766666666666666,5.4,1.2549721192370886,0.0,0.2833333333333333,1.2,95492.2,95631.8,0.9689873129829488,0.8,0.2,0.0,5.0,5.0,0.0216450216450216,1.25,4.0,1.9219280948873625,0.2,4.415584415584416,57.75,42.13890719987883,0.5781422744413611,1.0,0
7.488683945153221,1220.4959339410743,171.2845021645022,1.3713696909577615,10.0,1352.8,1.0,1.0,1.0,0.0,0.0,0.0,0.0,0.0,569.4,783.4,1.4357277999339864,1.0,0.0,0.0,1.0,1.0,0.0052086350218143,1.0,1.0,0.0,1.0,0.0520863502181432,239.986099,146.0356771506204,0.6216905724674993,5.0,3
126.96976462780084,7618.185877668048,60.0,0.0476676704444934,2.050724637681159,123.04347826086956,1.0,0.0942028985507246,1.0,0.0,0.0,0.0,0.0,0.0,5.652173913043479,60.0,0.0942028985507246,1.0,0.0,0.0,138.0,1.0,17.164179104477615,1.0,1.0,0.0,1.0,35.19900497512438,0.0586861313868613,0.0528573002263983,0.5261280788844318,1.0,2
88.48123585437573,5308.874151262544,60.0,0.0538100320512893,2.0476190476190474,122.85714285714286,1.0,0.0595238095238095,1.0,0.0,0.0,0.0,0.0,0.0,3.571428571428572,60.0,0.0595238095238095,1.0,0.0,0.0,168.0,1.0,25.0,1.0,1.0,0.0,1.0,51.19047619047619,0.0402395209580838,0.0352739848465713,0.5328784636509774,1.0,2
91.2008376076572,5472.050256459432,60.0,0.0523690620936557,2.082474226804124,124.94845360824742,1.0,0.0824742268041237,1.0,0.0,0.0,0.0,0.0,0.0,4.948453608247423,60.0,0.0824742268041237,1.0,0.0,0.0,194.0,1.0,22.14611872146119,1.0,1.0,0.0,1.0,46.118721461187214,0.0453886010362694,0.038319346357901,0.5422257079431186,1.0,2
8.801081114754174,1024.0758315069577,145.28962148962148,1.32295695931259,10.0,1220.4166666666667,1.0,1.0,1.0,0.0,0.0,0.0,0.0,0.0,485.4166666666667,735.0,1.5124604772923431,1.0,0.0,0.0,1.0,1.0,0.0071324171987924,1.0,1.0,0.0,1.0,0.0713241719879249,152.95082445454543,53.35687757087513,0.7413723431212438,12.0,3
102.77265179878134,6166.35910792688,60.0,0.0500285513553897,2.031578947368421,121.89473684210526,1.0,0.1052631578947368,1.0,0.0,0.0,0.0,0.0,0.0,6.315789473684211,60.0,0.1052631578947368,1.0,0.0,0.0,95.0,1.0,13.610315186246416,1.0,1.0,0.0,1.0,27.65042979942693,0.0742553191489361,0.0665324966464097,0.5274271692436531,1.0,2
99.78016603222513,5986.809961933506,60.0,0.047090266757443,1.9834254143646408,119.00552486187846,1.0,0.1215469613259668,1.0,0.0,0.0,0.0,0.0,0.0,7.292817679558011,60.0,0.1215469613259668,1.0,0.0,0.0,181.0,1.0,20.337078651685392,1.0,1.0,0.0,1.0,40.33707865168539,0.0494444444444444,0.0433425916035668,0.5328809556850179,1.0,2
126.62399682615606,177280.40625712578,1400.0486130441889,128.7936634217221,16003.5,22405729.0,1.0,1.0,1.0,0.0,0.0,0.0,0.0,0.0,24347.5,22381381.5,999.7398602426896,1.0,0.0,0.0,1.0,1.0,0.0303030303030303,1.0,1.0,0.0,1.0,484.95454545454544,66.0,0.0,1.0,2.0,5
76.46484762226471,52398.99621494154,943.0,24.6258085218349,279.0,218143.0,4.0,5.0,0.8,0.0,0.0,0.0,0.0,0.0,115107.5,103035.5,0.8540278079073108,1.0,0.0,0.0,2.0,2.0,0.0465116279069767,1.0,2.0,1.0,0.5,12.976744186046512,43.0,0.0,1.0,1.0,0
9.391268606407944,9981.689392002558,1124.7142857142858,26.7710633697095,228.14285714285717,247059.85714285716,2.857142857142857,2.7142857142857144,1.3523809523809525,2.142857142857143,0.4366521088758506,0.0,0.0857142857142857,0.4285714285714285,131846.7142857143,115213.14285714286,0.9157309097889396,1.0,0.0,0.0,4.0,3.0,0.0254545454545454,0.75,4.0,1.8423709931771084,0.4285714285714285,5.807272727272728,45.833333333333336,53.94879259281177,0.4593341032567036,2.0,0
6.563150515561886,3525.066017323388,563.5,22.394187040660565,82.0,47648.5,1.0,1.5,0.3333333333333333,7.5,1.620111964470926,0.0,0.3666666666666666,1.5,21309.5,26339.0,1.1274712772976367,0.5,0.5,0.0,2.0,2.0,0.0120481927710843,1.0,2.0,1.0,0.5,0.9879518072289156,166.0,0.0,1.0,1.0,0
10.292131448298075,1177.7438168315334,126.69197691197692,1.1629211748529984,10.3,1212.4,1.0,1.0,1.0,0.0,0.0,0.0,0.0,0.0,477.0,735.4,1.5447437327492244,1.0,0.0,0.0,1.0,1.0,0.0075734504789806,1.0,1.0,0.0,1.0,0.0780065399335006,146.71134566666666,50.610909147443095,0.7435113986756242,10.0,3
5.842306824083673,5524.439366063747,1007.0,36.31580421648991,201.75,190236.0,0.0,0.0,0.0,3.75,0.7641411905327384,0.0,0.15,0.75,107508.75,82727.25,0.9185077412399212,0.0,0.75,0.25,2.0,4.0,0.0145454545454545,2.0,2.0,0.8112781244591328,0.25,2.9345454545454546,91.66666666666669,63.32105144069827,0.5914447143686976,1.0,0
9.34948167383675,7954.340379544206,950.2,38.19912290271576,317.0,278527.0,1.8,1.8,0.6,6.0,1.3126910715478943,0.0,0.2799999999999999,1.2,124152.4,154374.6,1.2330991588222502,0.6,0.4,0.0,2.0,4.0,0.029940119760479,2.0,2.0,0.7219280948873623,0.4,9.491017964071856,41.75,39.03443992168967,0.5168074451029352,1.0,0
12.62083485247358,1482.4661926090885,129.58998223998222,1.0700907117362133,10.846153846153848,1270.076923076923,1.0,1.0,1.0,0.0,0.0,0.0,0.0,0.0,503.3076923076923,766.7692307692307,1.5538521203826057,1.0,0.0,0.0,1.0,1.0,0.009030682346243,1.0,1.0,0.0,1.0,0.0979481700630979,119.961404,1.228106912066697,0.9898662276724772,13.0,3
15.601942346059596,19147.52417133016,1230.8333333333333,20.27456417018796,232.83333333333331,265495.8333333333,2.5,2.5,0.8833333333333333,4.666666666666667,1.102076419812969,0.0,0.2504273504273504,1.0,138912.66666666666,126583.16666666669,0.9760913752688488,0.8333333333333334,0.1666666666666666,0.0,4.0,4.0,0.0333333333333333,1.0,4.0,1.9182958340544891,0.3333333333333333,7.761111111111111,36.0,13.326664999166145,0.729828379855167,2.0,0
240.85717293967795,308356.9841761604,848.0,11.375912513047195,230.66666666666663,210999.66666666663,1.3333333333333333,1.3333333333333333,0.3333333333333333,4.0,0.9517961807358444,0.0,0.2222222222222222,1.0,95116.33333333331,115883.33333333331,1.1204124482075484,0.3333333333333333,0.6666666666666666,0.0,3.0,3.0,0.0167597765363128,1.5,2.0,0.9182958340544896,0.3333333333333333,3.865921787709497,89.5,42.5,0.678030303030303,1.0,0
76.17912912283172,4570.747747369904,60.0,0.0549488589593896,1.9044117647058825,114.26470588235294,1.0,0.1323529411764706,1.0,0.0,0.0,0.0,0.0,0.0,7.9411764705882355,60.0,0.1323529411764706,1.0,0.0,0.0,136.0,1.0,29.31034482758621,1.0,1.0,0.0,1.0,55.81896551724138,0.0343703703703703,0.0264884994585674,0.564755317786522,1.0,2
1197.201421355684,71832.08528134105,60.0,0.2212381452537468,133.91228070175438,8034.736842105263,131.50877192982455,2.4035087719298245,72.35087719298245,0.0,0.0,0.0,0.0,0.0,144.21052631578948,7890.526315789473,52.89473684210526,1.0,0.0,0.0,1.0,1.0,61.95652173913043,0.0175438596491228,57.0,5.832890014164737,1.0,8296.739130434782,0.0164285714285714,0.0167746163920979,0.4947889798203188,57.0,1
15.280620516565753,16319.4214006144,979.0,33.14481039070343,318.57142857142856,317261.0,3.0,3.0,0.8523809523809522,0.0,0.0,0.0,0.0,0.0,140310.7142857143,176950.2857142857,1.245696177063799,0.8571428571428571,0.1428571428571428,0.0,5.0,5.0,0.0424242424242424,1.0,5.0,2.1280852788913944,0.2857142857142857,13.515151515151516,27.5,16.849826903166296,0.6200700638594077,2.0,0
763.70052649187,45822.03158951219,60.0,0.2690177461305834,121.01818181818182,7261.090909090909,118.36363636363636,2.6545454545454548,62.15939393939394,0.0,0.0,0.0,0.0,0.0,159.27272727272728,7101.818181818182,45.7230303030303,1.0,0.0,0.0,1.0,1.0,56.935817805383024,0.0181818181818181,55.0,5.781359713524656,1.0,6890.269151138717,0.0178888888888888,0.0156981559033356,0.5326127677964152,55.0,1
10.278148002727228,1126.142115469449,136.3888888888889,0.2692129789023192,1.8888888888888888,205.5,0.0,0.0,0.0,59.11111111111112,4.683160999219735,0.2582327086461855,0.496367997105783,3.0,61.27777777777778,143.22222222222223,2.337160896945525,0.0,1.0,0.0,1.0,1.0,0.0622837370242214,1.0,1.0,0.0,1.0,0.1176470588235294,17.0,22.455184125667888,0.4308686013440884,18.0,4
10.370618917675069,1090.1368503221722,125.7800468050468,1.317400429014443,10.666666666666666,1203.1666666666667,1.0,1.0,1.0,0.0,0.0,0.0,0.0,0.0,463.5,739.6666666666666,1.579770522357928,1.0,0.0,0.0,1.0,1.0,0.0090978419152483,1.0,1.0,0.0,1.0,0.0970436470959827,119.90855645454548,1.322823324150237,0.9890884412388524,12.0,3
680.8744731964314,40852.468391785886,60.0,0.2764028829207565,123.3157894736842,7398.9473684210525,121.0,2.3157894736842106,68.48245614035088,0.0,0.0,0.0,0.0,0.0,138.94736842105263,7260.0,43.42982456140352,1.0,0.0,0.0,1.0,1.0,39.91596638655462,0.0263157894736842,38.0,5.247927513443589,1.0,4922.268907563025,0.0257297297297297,0.0239917200228888,0.5174774641074237,38.0,1
829.6905759055259,49781.43455433155,60.0,0.2659560702730303,125.98275862068964,7558.9655172413795,123.01724137931036,2.9655172413793105,57.064655172413794,0.0,0.0,0.0,0.0,0.0,177.93103448275863,7381.0344827586205,40.30603448275861,1.0,0.0,0.0,1.0,1.0,61.70212765957447,0.0172413793103448,58.0,5.85798099512757,1.0,7773.404255319149,0.0164912280701754,0.014061422661444,0.5397642324077743,58.0,1
15.166492735436863,14139.505443828291,1003.1666666666666,38.36806591087039,285.8333333333333,270070.5,0.6666666666666666,0.3333333333333333,0.4166666666666667,8.166666666666666,2.0822981264610165,0.0,0.5032051282051282,2.0,140215.83333333334,129854.66666666669,0.99969252888398,0.3333333333333333,0.5,0.1666666666666666,5.0,4.0,0.029126213592233,1.0,4.0,1.7924812503605778,0.5,8.325242718446601,41.2,62.48007682453663,0.3973762487630577,1.0,0
9.815496841326294,7737.51704870056,974.75,37.702100679013256,244.75,217894.0,4.0,3.5,1.3333333333333333,6.0,1.526754427398839,0.0,0.375,1.5,112258.0,105636.0,0.97551355932491,1.0,0.0,0.0,2.0,3.0,0.0264900662251655,1.0,3.0,1.5,0.5,6.483443708609271,50.333333333333336,48.147920227380766,0.5110955792444561,1.0,0
744.819002606081,44689.14015636485,60.0,0.3039220438809145,121.63414634146342,7298.048780487805,119.34146341463416,2.292682926829268,67.62926829268294,0.0,0.0,0.0,0.0,0.0,137.5609756097561,7160.487804878048,41.58048780487805,1.0,0.0,0.0,1.0,1.0,42.2680412371134,0.024390243902439,41.0,5.357552004618081,1.0,5141.237113402062,0.02425,0.0230767740379802,0.5123949496439183,41.0,1
8.240460167773373,893.1892247587989,146.421568627451,0.2887365430094614,1.8823529411764703,214.35294117647055,0.0,0.0,0.0,61.47058823529412,4.726911204091581,0.2336946083962782,0.4921601907836823,3.0,63.8235294117647,149.58823529411765,2.3443227908477624,0.0,1.0,0.0,1.0,1.0,0.0596491228070175,1.0,1.0,0.0,1.0,0.1122807017543859,17.8125,15.322445749618431,0.5375744428434781,17.0,4
4.96338579218718,5506.909499474841,1078.0,43.85226644323452,244.33333333333331,268236.0,3.0,2.6666666666666665,1.111111111111111,9.333333333333334,2.25543489090799,0.0,0.5264957264957265,2.0,123963.33333333331,144272.66666666666,1.0192562873858706,1.0,0.0,0.0,3.0,3.0,0.0476190476190476,1.5,2.0,0.9182958340544896,0.3333333333333333,11.634920634920634,31.5,31.5,0.5,1.0,0
12.130773788990297,1310.3757277028153,124.8080808080808,0.2359849239990241,2.0,204.2121212121212,0.0,0.0,0.0,59.78787878787879,4.664515793114749,0.2287603313561269,0.4857859957292148,3.0,60.81818181818182,142.4848484848485,2.343384998242772,0.0,1.0,0.0,1.0,1.0,0.1170212765957446,1.0,1.0,0.0,1.0,0.2340425531914893,8.8125,10.402636384590206,0.458622818158464,33.0,4
130.9401828373729,7856.410970242373,60.0,0.0470187838673215,2.0285714285714285,121.71428571428572,1.0,0.0857142857142857,1.0,0.0,0.0,0.0,0.0,0.0,5.142857142857143,60.0,0.0857142857142857,1.0,0.0,0.0,175.0,1.0,18.91891891891892,1.0,1.0,0.0,1.0,38.37837837837838,0.0531609195402298,0.0550632600800996,0.4912111112944281,1.0,2
7.184595650715856,4744.175983766999,902.5,44.91464497045751,275.0,195069.0,3.5,4.5,0.775,6.5,1.6194506283013157,0.0,0.3846153846153846,1.5,102418.5,92650.5,0.9421431450173652,1.0,0.0,0.0,2.0,2.0,0.0285714285714285,1.0,2.0,1.0,0.5,7.857142857142857,70.0,0.0,1.0,1.0,0
174.6528031883837,244520.7318555524,1400.0401774956742,159.73918321549763,24708.33333333333,34592665.333333336,1.0,1.0,1.0,0.0,0.0,0.0,0.0,0.0,33066.0,34559599.333333336,1067.409211759266,1.0,0.0,0.0,1.0,1.0,0.0079155672823219,1.0,1.0,0.0,1.0,195.5804749340369,189.5,51.5,0.7863070539419087,3.0,5
7.19884344633589,5885.342879425088,1045.5,28.77218556777629,260.0,198037.0,3.0,2.5,1.0,0.0,0.0,0.0,0.0,0.0,108154.0,89883.0,0.8558175004473743,1.0,0.0,0.0,2.0,2.0,0.1,1.0,2.0,1.0,0.5,26.0,20.0,0.0,1.0,1.0,0
7.499627085434353,7206.717641968358,955.0,35.43319798318303,269.5,311849.0,1.5,1.0,0.75,0.0,0.0,0.0,0.0,0.0,140443.5,171405.5,0.9990883437326964,0.5,0.5,0.0,2.0,2.0,0.0120481927710843,1.0,2.0,1.0,0.5,3.246987951807229,166.0,0.0,1.0,1.0,0
1408.658437994433,84519.50627966599,60.0,0.2303146482442535,132.05128205128204,7923.076923076923,129.3846153846154,2.6666666666666665,67.15064102564101,0.0,0.0,0.0,0.0,0.0,160.0,7763.076923076923,40.98397435897435,1.0,0.0,0.0,1.0,1.0,78.8675429726997,0.0128205128205128,78.0,6.285402218862257,1.0,10414.560161779576,0.0128441558441558,0.013842401389768,0.4812968466321454,78.0,1
920.099772781568,55205.98636689408,60.0,0.2453337380590974,123.48333333333332,7409.0,120.93333333333334,2.55,71.73861111111111,0.0,0.0,0.0,0.0,0.0,153.0,7256.0,43.80527777777778,1.0,0.0,0.0,1.0,1.0,63.62672322375398,0.0166666666666666,60.0,5.906890595608517,1.0,7856.839872746554,0.0159830508474576,0.0168034414608918,0.4874888932045765,60.0,1
7.691369210754672,859.6663395133469,125.80473692973692,1.4184081754473383,10.076923076923077,1162.8461538461538,1.0,1.0,1.0,0.0,0.0,0.0,0.0,0.0,462.38461538461536,700.4615384615385,1.530545489484635,1.0,0.0,0.0,1.0,1.0,0.0090243645249714,1.0,1.0,0.0,1.0,0.090937827136251,120.04538716666669,1.9214230743336584,0.9842463448003844,13.0,3
538.1478308652036,32288.86985191221,60.0,0.29954794927344,119.55,7173.0,117.05,2.5,66.43583333333333,0.0,0.0,0.0,0.0,0.0,150.0,7023.0,28.685833333333328,1.0,0.0,0.0,1.0,1.0,22.371364653243848,0.05,20.0,4.321928094887363,1.0,2674.496644295302,0.0470526315789473,0.0428577496329556,0.5233281290183007,20.0,1
1088.8992172739322,65333.95303643591,60.0,0.2549623342480993,137.46575342465752,8247.945205479453,135.12328767123287,2.3424657534246576,79.89086757990869,0.0,0.0,0.0,0.0,0.0,140.54794520547946,8107.397260273972,56.534703196347024,1.0,0.0,0.0,1.0,1.0,75.56935817805383,0.0136986301369863,73.0,6.189824558880028,1.0,10388.198757763976,0.0134166666666666,0.0110261683684264,0.5488997756358475,73.0,1
9.213415486141182,999.9634332111729,125.46296296296296,0.2812605195682874,2.1666666666666665,212.22222222222223,0.0,0.0,0.0,61.16666666666666,4.682859423931657,0.2480236752275554,0.4809626973053126,3.0,63.22222222222222,148.16666666666666,2.3433572782514944,0.0,1.0,0.0,1.0,1.0,0.0681818181818181,1.0,1.0,0.0,1.0,0.1477272727272727,15.529411764705882,13.74609098256803,0.530457560328386,18.0,4
839.9428396090777,50396.570376544674,60.0,0.2662055178799321,119.6818181818182,7180.909090909091,117.4090909090909,2.272727272727273,69.41704545454546,0.0,0.0,0.0,0.0,0.0,136.36363636363637,7044.545454545455,44.644318181818186,1.0,0.0,0.0,1.0,1.0,45.92901878914405,0.0227272727272727,44.0,5.459431618637296,1.0,5496.86847599165,0.0222790697674418,0.0218880083781639,0.5044270688224917,44.0,1
239.7844757892271,335705.3824695612,1400.0280764374083,171.32177635915298,33215.5,46502399.0,1.0,1.0,1.0,0.0,0.0,0.0,0.0,0.0,14083.25,46488315.75,5385.914575954292,1.0,0.0,0.0,1.0,1.0,0.023391812865497,1.0,1.0,0.0,1.0,776.9707602339181,57.0,39.5558676641869,0.590331808712456,4.0,5
8.390803908474478,957.633388635297,129.1921794871795,1.3013055810668417,9.8,1070.2,1.0,1.0,1.0,0.0,0.0,0.0,0.0,0.0,450.0,620.2,1.4163001933898642,1.0,0.0,0.0,1.0,1.0,0.0075734368738885,1.0,1.0,0.0,1.0,0.0742196813641081,146.7116092222222,50.69822242038945,0.7431828901400772,10.0,3
1001.7061953834584,60102.37172300748,60.0,0.2528662851085348,122.9795918367347,7378.775510204082,120.89795918367346,2.0816326530612246,75.871768707483,0.0,0.0,0.0,0.0,0.0,124.89795918367346,7253.877551020408,50.15748299319728,1.0,0.0,0.0,1.0,1.0,49.54499494438827,0.0204081632653061,49.0,5.614709844115208,1.0,6093.023255813953,0.0206041666666666,0.0168049342745582,0.5507795201771566,49.0,1
8.370699233427938,5518.066782952951,782.75,28.75217856089492,232.25,155938.0,1.5,1.5,0.7,3.0,0.7295739585136223,0.0,0.1666666666666666,0.75,82671.5,73266.5,0.8599272736985026,0.75,0.25,0.0,4.0,3.0,0.0238095238095238,0.75,4.0,2.0,0.5,5.529761904761905,56.0,10.677078252031311,0.8398688345090162,1.0,0
10.347375982979903,1207.3663188305384,127.6471778221778,1.187192063542011,11.0,1237.3333333333333,1.0,1.0,1.0,0.0,0.0,0.0,0.0,0.0,483.3333333333333,754.0,1.5774539261062568,1.0,0.0,0.0,1.0,1.0,0.0071460929107416,1.0,1.0,0.0,1.0,0.0786070220181579,167.9239292,58.22243309818124,0.7425453475947886,6.0,3
7.225651685992002,9500.859405804193,1300.5,45.74307803475563,315.5,410847.5,0.0,0.0,0.0,0.0,0.0,0.0,0.0,0.0,234451.5,176396.0,0.7500248809882456,0.0,1.0,0.0,1.0,1.0,0.0139860139860139,0.5,2.0,1.0,1.0,4.4125874125874125,143.0,0.0,1.0,2.0,0
702.1873160528028,42131.23896316817,60.0,0.2955002549450882,132.23809523809524,7934.285714285715,129.76190476190476,2.4761904761904763,72.39007936507937,0.0,0.0,0.0,0.0,0.0,148.57142857142858,7785.714285714285,52.36626984126984,1.0,0.0,0.0,1.0,1.0,44.53870625662778,0.0238095238095238,42.0,5.3923174227787625,1.0,5889.713679745493,0.023,0.0186298999120152,0.5524875161509025,42.0,1
10.533290809813549,1529.3001801702787,174.45183854606927,1.139623069311786,9.846153846153848,1508.6923076923076,1.0,1.0,1.0,0.0,0.0,0.0,0.0,0.0,611.9230769230769,896.7692307692307,1.4814361391342836,1.0,0.0,0.0,1.0,1.0,0.0090343181661403,1.0,1.0,0.0,1.0,0.0889532865589201,119.91312608333334,1.61590640070016,0.986703536038498,13.0,3
13.201929799365038,1422.268571586426,131.72500000000002,0.2572688157754098,1.9,208.35,0.0,0.0,0.0,64.1,4.702038266911883,0.2164422411244638,0.4692173409078437,3.0,61.95,145.45,2.348359239332479,0.0,1.0,0.0,1.0,1.0,0.0704225352112676,1.0,1.0,0.0,1.0,0.1338028169014084,14.947368421052632,15.30556721626593,0.4940799332747821,20.0,4
1211.087357740604,72665.24146443623,60.0,0.2348144993828506,124.70270270270272,7482.162162162162,122.64864864864865,2.054054054054054,71.28288288288289,0.0,0.0,0.0,0.0,0.0,123.24324324324324,7358.918918918919,47.58018018018017,1.0,0.0,0.0,1.0,1.0,39.61456102783725,0.027027027027027,37.0,5.209453365628954,1.0,4940.042826552462,0.0259444444444444,0.025816601511048,0.5012349338294512,37.0,1
18.25619258282752,13713.482718797648,874.3333333333334,22.36829620287813,307.5,261517.0,2.5,2.1666666666666665,0.9722222222222222,11.0,2.53418495576307,0.0,0.5666666666666665,2.5,127919.83333333331,133597.16666666666,0.9711371209413944,0.8333333333333334,0.1666666666666666,0.0,3.0,3.0,0.0257510729613733,0.75,4.0,1.7924812503605778,0.5,7.918454935622318,46.6,40.49987654302171,0.5350179799277054,2.0,0
7.924128987499717,10028.139513320304,942.5,32.65600519399387,122.5,133056.0,2.5,2.5,1.0,7.5,1.620111964470926,0.0,0.3666666666666666,1.5,70839.0,62217.0,1.1165494658754245,1.0,0.0,0.0,2.0,2.0,0.0176991150442477,1.0,2.0,1.0,0.5,2.168141592920354,113.0,0.0,1.0,1.0,0
207.09521684767344,289937.73343095346,1400.0213903743315,101.13222467810604,20944.0,29322048.0,1.0,1.0,1.0,0.0,0.0,0.0,0.0,0.0,35504.0,29286544.0,824.8801261829653,1.0,0.0,0.0,1.0,1.0,1.0,1.0,1.0,0.0,1.0,20944.0,0.0,0.0,0.0,0.0,5
10.09627898673343,1335.7391038750443,139.57407407407408,0.2425485830524045,1.7777777777777777,210.44444444444449,0.0,0.0,0.0,62.5,4.735814798029663,0.2524491297798044,0.4842714393233027,3.0,62.66666666666666,146.83333333333334,2.3426052881201342,0.0,1.0,0.0,1.0,1.0,0.0769230769230769,1.0,1.0,0.0,1.0,0.1367521367521367,13.764705882352942,12.187406285683528,0.5303886555833416,18.0,4
108.41120669611188,6504.672401766714,60.0,0.0500276684104602,2.110169491525424,126.61016949152544,1.0,0.1271186440677966,1.0,0.0,0.0,0.0,0.0,0.0,7.627118644067797,60.0,0.1271186440677966,1.0,0.0,0.0,118.0,1.0,12.579957356076758,1.0,1.0,0.0,1.0,26.545842217484008,0.0801709401709401,0.0814083607918031,0.4961708566212072,1.0,2
9.146432448860434,6087.806484661468,721.6666666666666,23.122370325215,181.0,113273.33333333331,1.3333333333333333,1.3333333333333333,0.6666666666666666,0.0,0.0,0.0,0.0,0.0,58918.66666666666,54354.66666666666,1.005332485253251,0.6666666666666666,0.3333333333333333,0.0,2.0,3.0,0.024793388429752,1.0,3.0,1.584962500721156,0.3333333333333333,4.487603305785124,60.5,55.5,0.521551724137931,1.0,0
62.53144999930171,3751.886999958102,60.0,0.052592743513859,2.007518796992481,120.45112781954889,1.0,0.0902255639097744,1.0,0.0,0.0,0.0,0.0,0.0,5.413533834586466,60.0,0.0902255639097744,1.0,0.0,0.0,133.0,1.0,20.12102874432677,1.0,1.0,0.0,1.0,40.39334341906203,0.0500757575757575,0.0505499484776467,0.4976437884488604,1.0,2
11.162450637782989,1128.6902518556735,114.69753086419752,0.2404405336628817,2.2222222222222223,214.5185185185185,0.0,0.0,0.0,62.7037037037037,4.764358294727917,0.2523458019034113,0.4965281298876876,3.0,63.92592592592592,149.66666666666666,2.341921305542374,0.0,1.0,0.0,1.0,1.0,0.1050583657587548,1.0,1.0,0.0,1.0,0.2334630350194552,9.884615384615383,10.131166396046345,0.4938410846467869,27.0,4
304.56118705623925,426396.36695262464,1400.0266074561027,169.9634018790494,33501.0,46902279.5,1.0,1.0,1.0,0.0,0.0,0.0,0.0,0.0,22659.5,46879620.0,2268.34962152956,1.0,0.0,0.0,1.0,1.0,0.0043103448275862,1.0,1.0,0.0,1.0,144.40086206896552,464.0,0.0,1.0,2.0,5
14.30167386634786,1358.072494438731,112.57638888888889,0.2552179039131703,2.25,213.58333333333331,0.0,0.0,0.0,61.41666666666666,4.695259890016356,0.2472098054922838,0.4858274546164493,3.0,63.583333333333336,149.04166666666666,2.3441445764119586,0.0,1.0,0.0,1.0,1.0,0.0830449826989619,1.0,1.0,0.0,1.0,0.1868512110726643,12.565217391304348,13.19033271478222,0.487864454051592,24.0,4
8.162080400450213,9500.96720850943,1107.6666666666667,37.920195111534326,289.3333333333333,326244.0,2.6666666666666665,2.6666666666666665,0.9444444444444444,0.0,0.0,0.0,0.0,0.0,168797.0,157447.0,1.0316802937993157,1.0,0.0,0.0,3.0,3.0,0.0177514792899408,1.5,2.0,0.9182958340544896,0.3333333333333333,5.136094674556213,84.5,68.5,0.5522875816993464,1.0,0
88.95650492116395,5337.390295269838,60.0,0.0530068375959073,1.9645390070921984,117.87234042553192,1.0,0.1560283687943262,1.0,0.0,0.0,0.0,0.0,0.0,9.361702127659576,60.0,0.1560283687943262,1.0,0.0,0.0,141.0,1.0,14.506172839506172,1.0,1.0,0.0,1.0,28.497942386831276,0.0694285714285714,0.06278957407281,0.5251062262694194,1.0,2
1079.8835297029043,64793.01178217425,60.0,0.2725507262024133,128.61666666666667,7717.0,126.3,2.316666666666667,75.25027777777777,0.0,0.0,0.0,0.0,0.0,139.0,7578.0,51.41694444444444,1.0,0.0,0.0,1.0,1.0,61.855670103092784,0.0166666666666666,60.0,5.906890595608517,1.0,7955.670103092783,0.0164406779661016,0.015894003971694,0.5084533689779184,60.0,1
34.0144449647628,22815.91313015689,744.8571428571429,27.597905499351388,243.14285714285717,178264.7142857143,2.4285714285714284,2.2857142857142856,0.7619047619047619,2.571428571428572,0.4845924605235048,0.0,0.0873015873015873,0.4285714285714285,95415.42857142857,82849.28571428571,0.933806362965268,0.7142857142857143,0.2857142857142857,0.0,4.0,4.0,0.0578512396694214,1.0,4.0,1.9502120649147463,0.5714285714285714,14.06611570247934,20.166666666666668,12.19858826076016,0.6230961786609355,2.0,0
10.97387937966457,1233.347048432367,123.26090187590188,1.1262366098023868,9.9,1121.0,1.0,1.0,1.0,0.0,0.0,0.0,0.0,0.0,451.9,669.1,1.53350363812265,1.0,0.0,0.0,1.0,1.0,0.0092574488879838,1.0,1.0,0.0,1.0,0.0916487439910396,120.023467,1.4884657990987442,0.9877504557386994,10.0,3
2.3112379406417887,1569.7860147684517,735.5,50.89745350459309,108.5,74507.5,2.0,3.0,0.6666666666666666,6.5,1.6963737052243923,0.0,0.4230769230769231,1.5,40723.0,33784.5,0.9597745212347086,1.0,0.0,0.0,1.0,2.0,0.0909090909090909,1.0,2.0,1.0,0.5,9.863636363636363,22.0,0.0,1.0,1.0,0
9.218865433617408,827.165795348812,98.5914351851852,1.256709760796923,9.583333333333334,864.75,1.0,1.0,1.0,0.0,0.0,0.0,0.0,0.0,338.3333333333333,526.4166666666666,1.5734817482389123,1.0,0.0,0.0,1.0,1.0,0.0090695918123788,1.0,1.0,0.0,1.0,0.0869169215352971,120.28204945454544,2.154528106716155,0.9824029048375016,12.0,3
1392.6117515999722,1949677.619804321,1400.0151999035884,47.6672697352537,66382.0,92935809.0,1.0,1.0,1.0,0.0,0.0,0.0,0.0,0.0,6730.0,92929079.0,13808.18410104012,1.0,0.0,0.0,1.0,1.0,1.0,1.0,1.0,0.0,1.0,66382.0,0.0,0.0,0.0,0.0,5
112.49899462740775,6749.939677644465,60.0,0.0471696884002595,2.0517241379310347,123.10344827586206,1.0,0.1206896551724138,1.0,0.0,0.0,0.0,0.0,0.0,7.241379310344827,60.0,0.1206896551724138,1.0,0.0,0.0,116.0,1.0,28.431372549019606,1.0,1.0,0.0,1.0,58.333333333333336,0.0354782608695652,0.0267758320054507,0.5698944315322837,1.0,2
121.64313741150453,7298.588244690271,60.0,0.048181942414513,1.9830508474576272,118.98305084745763,1.0,0.1186440677966101,1.0,0.0,0.0,0.0,0.0,0.0,7.11864406779661,60.0,0.1186440677966101,1.0,0.0,0.0,118.0,1.0,13.363533408833522,1.0,1.0,0.0,1.0,26.500566251415627,0.0754700854700854,0.0753736643401465,0.500319605983212,1.0,2
307.8913564330098,431054.5845780281,1400.021714061388,132.37461574816183,40757.0,57060685.0,1.0,1.0,1.0,0.0,0.0,0.0,0.0,0.0,24833.0,57035852.0,2296.776547336206,1.0,0.0,0.0,1.0,1.0,1.0,1.0,1.0,0.0,1.0,40757.0,0.0,0.0,0.0,0.0,5
97.73162012657906,5863.897207594745,60.0,0.04737350116008,2.0,120.0,1.0,0.094240837696335,1.0,0.0,0.0,0.0,0.0,0.0,5.654450261780105,60.0,0.094240837696335,1.0,0.0,0.0,191.0,1.0,59.50155763239876,1.0,1.0,0.0,1.0,119.00311526479751,0.0168947368421052,0.0108743771114637,0.608400284948014,1.0,2
266.5256713769153,373139.1637181365,1400.0100634194343,173.96963895588485,24294.0,34011843.333333336,1.0,1.0,1.0,0.0,0.0,0.0,0.0,0.0,28791.33333333333,33983052.0,2191.824507128221,1.0,0.0,0.0,1.0,1.0,0.0194805194805194,1.0,1.0,0.0,1.0,473.2597402597403,77.0,67.0,0.5347222222222222,3.0,5
192.55631813848532,269579.67366631824,1400.011102295098,212.98361702526083,37567.333333333336,52594465.66666666,1.0,1.0,1.0,0.0,0.0,0.0,0.0,0.0,32008.666666666668,52562457.0,2104.524820839268,1.0,0.0,0.0,1.0,1.0,0.0095541401273885,1.0,1.0,0.0,1.0,358.92356687898086,157.0,74.0,0.6796536796536797,3.0,5
89.73522687871971,5384.11361272318,60.0,0.0500145908950276,2.2264150943396226,133.58490566037736,1.0,0.0754716981132075,1.0,0.0,0.0,0.0,0.0,0.0,4.528301886792453,60.0,0.0754716981132075,1.0,0.0,0.0,106.0,1.0,19.962335216572505,1.0,1.0,0.0,1.0,44.44444444444445,0.0505714285714285,0.0459985211238169,0.5236766585363397,1.0,2
940.4934391840404,56429.60635104243,60.0,0.2540896073154635,132.0327868852459,7921.967213114754,129.98360655737704,2.0491803278688523,84.56584699453552,0.0,0.0,0.0,0.0,0.0,122.95081967213116,7799.016393442623,48.45109289617487,1.0,0.0,0.0,1.0,1.0,61.553985872855705,0.0163934426229508,61.0,5.930737337562883,1.0,8127.144298688194,0.0165166666666666,0.0156338219539845,0.5137298801753677,61.0,1
9.58073198962006,6271.43282440371,720.0,37.4133023236011,291.0,209766.0,2.0,2.333333333333333,1.111111111111111,5.0,1.124519087425062,0.0,0.2444444444444444,1.0,107526.66666666669,102239.33333333331,0.9342628787637502,1.0,0.0,0.0,3.0,2.0,0.0258620689655172,0.6666666666666666,3.0,1.584962500721156,0.6666666666666666,7.525862068965517,58.0,8.0,0.8787878787878788,1.0,0
9.159519485409117,8118.99310258156,953.0,38.47827748449334,288.4,280698.0,1.6,1.8,0.51,11.4,2.541211105773681,0.0,0.5633333333333332,2.4,152202.8,128495.2,0.9156521653713968,0.6,0.2,0.2,4.0,3.0,0.0617283950617283,1.0,3.0,1.3709505944546687,0.6,17.80246913580247,20.25,13.47915056670857,0.6003708857105701,1.0,0
742.0191134262418,44521.14680557451,60.0,0.276988021116776,127.1304347826087,7627.826086956522,124.52173913043478,2.608695652173913,65.15265700483091,0.0,0.0,0.0,0.0,0.0,156.52173913043478,7471.304347826087,39.89178743961352,1.0,0.0,0.0,1.0,1.0,69.0,0.0144927536231884,69.0,6.108524456778164,1.0,8772.0,0.0147058823529411,0.0143681211915265,0.505808645529296,69.0,1
9.977077567397382,958.1237533911728,110.31944444444446,0.3042498735496385,2.1666666666666665,203.0,0.0,0.0,0.0,59.16666666666666,4.701957186116943,0.2359534222333784,0.4992698748544333,3.0,60.333333333333336,141.75,2.3494091238065824,0.0,1.0,0.0,1.0,1.0,0.0451127819548872,1.0,1.0,0.0,1.0,0.0977443609022556,24.181818181818183,32.50962985113567,0.4265514291990155,12.0,4
6.514534951368337,783.8369114935383,119.85281385281384,1.615226150411401,10.2,1238.8,1.0,1.0,1.0,0.0,0.0,0.0,0.0,0.0,454.0,784.8,1.7401550456052617,1.0,0.0,0.0,1.0,1.0,0.0037860656439101,1.0,1.0,0.0,1.0,0.0386178695678835,330.15803675,155.00695294155193,0.6805067219708103,5.0,3
102.72314831986286,6163.388899191773,60.0,0.049531886096255,2.1623931623931623,129.74358974358975,1.0,0.1025641025641025,1.0,0.0,0.0,0.0,0.0,0.0,6.153846153846154,60.0,0.1025641025641025,1.0,0.0,0.0,117.0,1.0,29.32330827067669,1.0,1.0,0.0,1.0,63.40852130325814,0.0343965517241379,0.0280175066300441,0.5511026302591521,1.0,2
6.835083722803659,556.3775371583586,97.34583333333336,1.5212580439573855,9.5,824.6666666666666,1.0,1.0,1.0,0.0,0.0,0.0,0.0,0.0,329.3333333333333,495.3333333333333,1.5143047142386077,1.0,0.0,0.0,1.0,1.0,0.0055610268078241,1.0,1.0,0.0,1.0,0.0528297546743291,215.787487,116.85576020884253,0.6487054488874765,6.0,3
18.422951137075483,17448.77530605768,897.3333333333334,17.46937408483417,217.33333333333331,179113.66666666666,1.6666666666666667,2.0,0.6,5.0,1.1077438095992067,0.0,0.2444444444444444,1.0,84525.33333333333,94588.33333333331,1.2546950958881526,0.6666666666666666,0.3333333333333333,0.0,2.0,3.0,0.0508474576271186,1.5,2.0,0.9182958340544896,0.3333333333333333,11.05084745762712,29.5,18.5,0.6145833333333333,1.0,0
1681.7571116716515,2354489.8815493463,1400.0177940136696,35.32139069770601,59402.0,83163857.0,1.0,1.0,1.0,0.0,0.0,0.0,0.0,0.0,33200.0,83130657.0,2503.935451807229,1.0,0.0,0.0,1.0,1.0,1.0,1.0,1.0,0.0,1.0,59402.0,0.0,0.0,0.0,0.0,5
1272.603987276221,76356.23923657324,60.0,0.2419306331383234,130.67241379310346,7840.3448275862065,128.22413793103448,2.4482758620689653,70.08074712643678,0.0,0.0,0.0,0.0,0.0,146.89655172413794,7693.448275862069,43.184195402298855,1.0,0.0,0.0,1.0,1.0,60.16597510373444,0.0172413793103448,58.0,5.85798099512757,1.0,7862.033195020747,0.0169122807017543,0.0126965677110195,0.5711900870301335,58.0,1
88.41534144454188,5304.920486672512,60.0,0.049958071070038,2.0351758793969847,122.1105527638191,1.0,0.0804020100502512,1.0,0.0,0.0,0.0,0.0,0.0,4.824120603015075,60.0,0.0804020100502512,1.0,0.0,0.0,199.0,1.0,32.622950819672134,1.0,1.0,0.0,1.0,66.39344262295083,0.0308080808080808,0.0249110241985297,0.5529177255166918,1.0,2
10.55221263819397,1268.8978518991469,164.7156862745098,0.2625854348930693,1.5294117647058822,206.11764705882356,0.0,0.0,0.0,61.47058823529412,4.678268739816096,0.2380744689402479,0.4789634130176569,3.0,61.35294117647059,143.88235294117646,2.346094746453458,0.0,1.0,0.0,1.0,1.0,0.0615942028985507,1.0,1.0,0.0,1.0,0.0942028985507246,17.25,12.168093523637957,0.5863738241956202,17.0,4
4.639020874746872,6740.25915359503,1367.5,20.179054987999077,88.5,128305.5,1.0,0.5,1.0,6.0,1.6258145836939113,0.0,0.4166666666666667,1.5,69061.0,59244.5,0.8448745526928187,0.5,0.5,0.0,2.0,2.0,0.0232558139534883,1.0,2.0,1.0,0.5,2.058139534883721,86.0,0.0,1.0,1.0,0
1136.3953057037338,68183.71834222403,60.0,0.2425742997407638,120.921875,7255.3125,118.234375,2.6875,57.62083333333334,0.0,0.0,0.0,0.0,0.0,161.25,7094.0625,38.30833333333333,1.0,0.0,0.0,1.0,1.0,64.12825651302605,0.0158730158730158,63.0,5.96875,1.0,7754.509018036072,0.0158412698412698,0.0195798781950637,0.4472263243704152,64.0,1
9.4294472998915,984.7268426477984,114.16666666666669,0.2886336936068497,2.2222222222222223,211.33333333333331,0.0,0.0,0.0,62.66666666666666,4.769509623448436,0.2290124281145495,0.4951986963060821,3.0,62.94444444444444,147.52777777777777,2.344023948427746,0.0,1.0,0.0,1.0,1.0,0.1299638989169675,1.0,1.0,0.0,1.0,0.2888086642599278,7.914285714285715,7.747336606201896,0.5053298791360019,36.0,4
9.223445405509606,789.6027837307214,128.33333333333334,0.3258531118372034,2.083333333333333,207.75,0.0,0.0,0.0,63.91666666666666,4.702940696061931,0.2319069239088421,0.4709383554275783,3.0,61.833333333333336,144.91666666666666,2.344341927956662,0.0,1.0,0.0,1.0,1.0,0.0491803278688524,1.0,1.0,0.0,1.0,0.1024590163934426,22.181818181818183,20.590457550738407,0.5186027117311939,12.0,4
55.8141109976476,3348.846659858856,60.0,0.0529842396896233,1.981818181818182,118.9090909090909,1.0,0.1272727272727272,1.0,0.0,0.0,0.0,0.0,0.0,7.636363636363637,60.0,0.1272727272727272,1.0,0.0,0.0,55.0,1.0,15.66951566951567,1.0,1.0,0.0,1.0,31.05413105413105,0.065,0.0609112894723563,0.5162364730945804,1.0,2
10.43230929454494,13060.441900612446,1089.7142857142858,31.933709949422827,218.57142857142856,262007.42857142855,2.2857142857142856,2.2857142857142856,0.7976190476190476,7.428571428571429,1.8474368124060805,0.0,0.4432234432234432,1.7142857142857142,136866.0,125141.42857142857,1.002213929355703,0.8571428571428571,0.1428571428571428,0.0,4.0,5.0,0.0316742081447963,1.0,5.0,2.1280852788913944,0.4285714285714285,6.923076923076923,36.833333333333336,16.46629554237652,0.6910617223850751,2.0,0
10.108148591143973,9577.330675594489,1019.5,28.394450988189817,216.0,236466.0,1.5,1.5,0.5,7.5,1.6867786311375923,0.0,0.3666666666666666,1.5,112028.0,124438.0,1.0754576409654524,0.5,0.5,0.0,2.0,2.0,0.0769230769230769,1.0,2.0,1.0,0.5,16.615384615384617,26.0,0.0,1.0,1.0,0
8.552397497478438,896.1378588309038,133.41954022988506,0.3027760821205237,1.9310344827586208,210.7586206896552,0.0,0.0,0.0,63.06896551724138,4.745036507281874,0.2290709831072457,0.4903397262931193,3.0,62.75862068965517,147.06896551724137,2.343646534801556,0.0,1.0,0.0,1.0,1.0,0.1035714285714285,1.0,1.0,0.0,1.0,0.2,10.0,9.808888097755306,0.504823892721832,29.0,4
26.32419305781523,30002.57094752932,1112.6,24.35897855929526,339.0,371900.6,2.6,2.6,0.9666666666666666,3.0,0.6646462857595241,0.0,0.1466666666666666,0.6,188951.2,182949.4,0.9952777489605844,0.8,0.2,0.0,3.0,2.0,0.0306748466257668,0.4,5.0,2.321928094887362,0.6,10.39877300613497,40.75,24.772716847370617,0.6219217083889169,1.0,0
445.4214136332204,623600.33456748,1400.0216521409789,83.67618474918376,34855.5,48798487.5,1.0,1.0,1.0,0.0,0.0,0.0,0.0,0.0,22295.5,48776192.0,2258.3274945442136,1.0,0.0,0.0,1.0,1.0,0.0064102564102564,1.0,1.0,0.0,1.0,223.43269230769232,312.0,0.0,1.0,2.0,5
7.620096559116963,10003.788743770272,1317.5,35.18574823414886,237.0,311272.5,1.5,1.5,0.5,6.0,1.5110276044371,0.0,0.375,1.5,164353.0,146919.5,0.9364345151394452,0.5,0.0,0.5,1.0,2.0,0.0145985401459854,1.0,2.0,1.0,0.5,3.45985401459854,137.0,0.0,1.0,1.0,0
6.955070987540087,6711.403329806999,1040.0,30.28440951414734,137.0,132612.14285714287,2.4285714285714284,2.0,0.9404761904761904,4.285714285714286,0.9448258844595768,0.0,0.1999999999999999,0.8571428571428571,64174.42857142857,68437.71428571429,0.951739720963449,0.7142857142857143,0.1428571428571428,0.1428571428571428,5.0,4.0,0.0311111111111111,0.8,5.0,2.128085278891394,0.4285714285714285,4.262222222222222,37.5,15.861378670636842,0.7027554559911534,2.0,0
7.087649482884686,9408.726843585584,1307.0,34.18903920227277,170.25,221013.75,2.75,3.25,0.5833333333333334,0.0,0.0,0.0,0.0,0.0,105812.75,115201.0,0.9223610934539276,0.75,0.0,0.25,3.0,2.0,0.0161943319838056,0.6666666666666666,3.0,1.5,0.5,2.757085020242915,82.33333333333333,41.84362423223983,0.6630322963892572,2.0,0
1163.242592697674,69794.55556186044,60.0,0.2435464243605428,112.975,6778.5,110.3,2.675,55.41416666666667,0.0,0.0,0.0,0.0,0.0,160.5,6618.0,41.28916666666667,1.0,0.0,0.0,1.0,1.0,40.774719673802245,0.025,40.0,5.321928094887364,1.0,4606.523955147808,0.0251538461538461,0.0221423581325169,0.5318364662320008,40.0,1
1070.9971873743352,64259.83124246011,60.0,0.2660043255483038,121.25490196078432,7275.294117647059,118.3921568627451,2.862745098039216,56.79379084967321,0.0,0.0,0.0,0.0,0.0,171.76470588235293,7103.529411764706,42.81339869281046,1.0,0.0,0.0,1.0,1.0,53.911205073995774,0.0196078431372549,51.0,5.6724253419715005,1.0,6536.997885835095,0.01892,0.0169597641493034,0.5273167326649576,51.0,1
127.29857909607396,100183.7546110462,811.8333333333334,23.17533135211933,295.6666666666667,232373.5,2.833333333333333,2.833333333333333,0.8333333333333334,4.5,1.0235878771420184,0.0,0.225,1.0,118270.83333333331,114102.66666666669,0.9988555991013848,0.8333333333333334,0.1666666666666666,0.0,3.0,3.0,0.0304568527918781,0.6,5.0,2.2516291673878226,0.5,9.00507614213198,39.4,23.414525406251563,0.6272434559551531,2.0,0
957.8876319940427,57473.25791964257,60.0,0.2494195880287786,138.16666666666666,8290.0,135.79166666666666,2.375,75.79444444444444,0.0,0.0,0.0,0.0,0.0,142.5,8147.5,61.71111111111111,1.0,0.0,0.0,1.0,1.0,25.64102564102564,0.0416666666666666,24.0,4.584962500721156,1.0,3542.7350427350425,0.040695652173913,0.0503176300528938,0.4471397050872056,24.0,1
8.81330918110213,1037.4508396051206,148.49166666666665,0.2704686295598409,1.75,209.55,0.0,0.0,0.0,62.9,4.738898300998453,0.2184819047403938,0.4868260855381746,3.0,62.5,146.1,2.3371761935206274,0.0,1.0,0.0,1.0,1.0,0.0843881856540084,1.0,1.0,0.0,1.0,0.1476793248945147,12.473684210526317,10.888760120092122,0.5339203395844375,20.0,4
97.92323998468255,5875.394399080955,60.0,0.0495640437723278,2.049382716049383,122.96296296296296,1.0,0.1728395061728395,1.0,0.0,0.0,0.0,0.0,0.0,10.37037037037037,60.0,0.1728395061728395,1.0,0.0,0.0,81.0,1.0,27.0,1.0,1.0,0.0,1.0,55.333333333333336,0.0375,0.029261749776799,0.5616988788546093,1.0,2
963.1151730576591,57786.910383459566,60.0,0.2539799649456777,122.53333333333332,7352.0,119.73333333333332,2.8,58.9274074074074,0.0,0.0,0.0,0.0,0.0,168.0,7184.0,42.77185185185185,1.0,0.0,0.0,1.0,1.0,46.77754677754678,0.0222222222222222,45.0,5.491853096329673,1.0,5731.808731808732,0.0218636363636363,0.0218034514668611,0.500689133392738,45.0,1
7.672685200418935,7048.758411214582,923.2,44.0318314808891,326.6,312102.6,2.8,2.2,1.1666666666666663,5.6,1.3265942678781273,0.0,0.3158974358974359,1.2,165610.4,146492.2,1.0182400689692488,1.0,0.0,0.0,4.0,3.0,0.0413223140495867,0.75,4.0,1.9219280948873625,0.6,13.49586776859504,30.25,25.02373872945448,0.5472761693950742,2.0,0
494.1361246796328,691799.3831357327,1400.01757451064,113.64826998415322,48137.5,67393318.0,1.0,1.0,1.0,0.0,0.0,0.0,0.0,0.0,30304.25,67363013.75,2290.1231120008333,1.0,0.0,0.0,1.0,1.0,0.0377358490566037,1.0,1.0,0.0,1.0,1816.509433962264,35.333333333333336,30.26916289265731,0.5385973913494901,4.0,5
11.908506701788482,11074.346545834142,976.0,38.67987551540979,395.0,385520.0,2.5,2.5,0.5,0.0,0.0,0.0,0.0,0.0,172765.5,212754.5,1.2265301536519944,0.5,0.5,0.0,2.0,2.0,0.2222222222222222,1.0,2.0,1.0,0.5,87.77777777777777,9.0,0.0,1.0,1.0,0
8.960518090577109,7740.644293105814,907.5,24.42387511963786,191.5,167714.5,0.0,0.0,0.0,7.5,1.5949490477321435,0.0,0.3333333333333333,1.5,87740.0,79974.5,0.930891966390596,0.0,1.0,0.0,2.0,2.0,0.0224719101123595,1.0,2.0,1.0,0.5,4.303370786516854,89.0,0.0,1.0,1.0,0
907.5367713827778,54452.20628296668,60.0,0.25740790939009,125.72413793103448,7543.448275862069,123.1206896551724,2.603448275862069,64.83735632183908,0.0,0.0,0.0,0.0,0.0,156.20689655172413,7387.241379310345,51.613218390804604,1.0,0.0,0.0,1.0,1.0,62.36559139784946,0.0172413793103448,58.0,5.85798099512757,1.0,7840.860215053763,0.0163157894736842,0.0173348426077764,0.4848583359203283,58.0,1
35.547343759943665,23355.04802594066,740.6666666666666,19.65784558805325,206.0,157243.33333333334,2.6666666666666665,3.0,1.1555555555555554,6.0,1.1307157412215114,0.0,0.2222222222222222,1.0,88050.33333333333,69193.0,0.7917624117732641,1.0,0.0,0.0,3.0,3.0,0.25,1.0,3.0,1.584962500721156,0.3333333333333333,51.5,6.0,2.0,0.75,1.0,0
214.48400473677316,300277.83915821346,1400.0010841215474,296.74007662300954,63646.0,89104469.0,1.0,1.0,1.0,0.0,0.0,0.0,0.0,0.0,25010.0,89079459.0,3561.7536585365856,1.0,0.0,0.0,1.0,1.0,1.0,1.0,1.0,0.0,1.0,63646.0,0.0,0.0,0.0,0.0,5
1230.5712433539552,73834.27460123731,60.0,0.2646206278011968,121.62857142857143,7297.714285714285,119.51428571428572,2.1142857142857143,76.19333333333334,0.0,0.0,0.0,0.0,0.0,126.85714285714286,7170.857142857143,43.79333333333333,1.0,0.0,0.0,1.0,1.0,36.64921465968587,0.0285714285714285,35.0,5.129283016944964,1.0,4457.591623036649,0.0280882352941176,0.0210410909567569,0.571720343785859,35.0,1
1145.2020612609183,68712.1236756551,60.0,0.2322069760419984,119.29032258064515,7157.419354838709,117.06451612903226,2.225806451612903,68.95725806451614,0.0,0.0,0.0,0.0,0.0,133.5483870967742,7023.870967741936,46.005645161290325,1.0,0.0,0.0,1.0,1.0,69.58473625140292,0.0161290322580645,62.0,5.954196310386873,1.0,8300.785634118967,0.0146065573770491,0.0128334586888663,0.5323086306495514,62.0,1
3.695207798278136,5136.917795335084,1369.0,46.3879015361211,195.0,272198.0,1.3333333333333333,1.3333333333333333,0.3333333333333333,0.0,0.0,0.0,0.0,0.0,118013.33333333331,154184.66666666666,1.0292080808768291,0.3333333333333333,0.3333333333333333,0.3333333333333333,3.0,2.0,0.0109090909090909,0.6666666666666666,3.0,1.584962500721156,0.6666666666666666,2.1272727272727274,137.5,80.5,0.6307339449541285,1.0,0
33.74364608722022,35865.89137010751,911.1428571428572,22.860443939417213,292.0,287140.8571428572,2.7142857142857144,2.7142857142857144,0.8333333333333333,5.571428571428571,1.3085461567009429,0.0,0.2952380952380952,1.2857142857142858,140753.2857142857,146387.57142857142,1.1260486091561548,0.8571428571428571,0.1428571428571428,0.0,4.0,4.0,0.0269230769230769,0.8,5.0,2.235926350629033,0.2857142857142857,7.861538461538461,43.333333333333336,18.381754238616317,0.7021513707294638,2.0,0
5.972519303571214,1401.7117526357297,261.39884004884004,1.3092805448432183,7.0,1558.8333333333333,1.0,1.0,1.0,0.0,0.0,0.0,0.0,0.0,624.3333333333334,934.5,1.5033427548993152,1.0,0.0,0.0,1.0,1.0,0.0099867689126937,1.0,1.0,0.0,1.0,0.069907382388856,120.15898339999998,1.95687859458543,0.9839752300592022,6.0,3
15.403856180027182,9330.80842980242,825.0,25.05510617614932,237.28571428571428,153488.7142857143,2.0,1.5714285714285714,0.8214285714285714,6.0,1.4140131464261518,0.0,0.3285714285714285,1.2857142857142858,80473.14285714286,73015.57142857143,0.8695431980538499,0.7142857142857143,0.2857142857142857,0.0,4.0,4.0,0.0262172284644194,1.0,4.0,1.8423709931771084,0.5714285714285714,6.220973782771536,44.5,16.39867880857073,0.7307219281370877,2.0,0
1215.4888671880542,72929.33203128324,60.0,0.2479828580500807,125.07936507936508,7504.761904761905,122.74603174603176,2.333333333333333,65.08941798941798,0.0,0.0,0.0,0.0,0.0,140.0,7364.761904761905,41.72433862433862,1.0,0.0,0.0,1.0,1.0,66.0377358490566,0.0158730158730158,63.0,5.97727992349992,1.0,8259.958071278827,0.0153870967741935,0.0141516610659709,0.5209121134156618,63.0,1
25.947398581234367,16711.082846262045,846.0,26.37882677295967,259.5,213963.66666666663,3.1666666666666665,3.1666666666666665,0.8416666666666667,4.5,1.051365654919796,0.0,0.2388888888888889,1.0,98450.33333333331,115513.33333333331,1.182836666402567,0.8333333333333334,0.1666666666666666,0.0,2.0,3.0,0.0416666666666666,0.6,5.0,2.2516291673878226,0.5,10.8125,28.8,14.45544879967412,0.665812072217292,2.0,0
97.877204524299,5872.632271457939,60.0,0.0524338970282815,1.890625,113.4375,1.0,0.09375,1.0,0.0,0.0,0.0,0.0,0.0,5.625,60.0,0.09375,1.0,0.0,0.0,64.0,1.0,12.379110251450678,1.0,1.0,0.0,1.0,23.404255319148938,0.082063492063492,0.0806749057216822,0.5042663144061516,1.0,2
6.843524704599932,1092.559557168735,175.20463048855905,1.4230590753323735,9.357142857142858,1483.642857142857,1.0,1.0,1.0,0.0,0.0,0.0,0.0,0.0,587.0,896.6428571428571,1.5209297592817168,1.0,0.0,0.0,1.0,1.0,0.008971563584672,1.0,1.0,0.0,1.0,0.083948202113717,120.03739000000002,1.5543900523724106,0.9872163229150612,14.0,3
29.983346513266063,17137.062736051783,895.0,21.824941461974596,146.75,110980.0,4.0,3.25,1.2083333333333333,3.75,0.7641411905327384,0.0,0.15,0.75,55915.0,55065.0,0.9254314124904864,1.0,0.0,0.0,4.0,3.0,0.0258064516129032,1.0,3.0,1.5,0.5,3.787096774193549,51.66666666666666,16.048537489614297,0.7629994963527595,1.0,0
5.048765639114302,3697.4536517611496,919.0,46.86830412009398,273.0,193648.0,1.0,0.5,1.0,13.5,3.070763631426055,0.0,0.675,3.0,96496.5,97151.5,0.9168895940735736,0.5,0.5,0.0,2.0,2.0,0.048780487804878,1.0,2.0,1.0,0.5,13.317073170731708,41.0,0.0,1.0,1.0,0
120.66217343251093,7239.730405950655,60.0,0.0451018048241236,1.9672131147540983,118.0327868852459,1.0,0.1393442622950819,1.0,0.0,0.0,0.0,0.0,0.0,8.360655737704919,60.0,0.1393442622950819,1.0,0.0,0.0,122.0,1.0,39.869281045751634,1.0,1.0,0.0,1.0,78.43137254901961,0.0252892561983471,0.017252350668213,0.5944593554651494,1.0,2
35.900235228214946,42546.49030204098,996.2,34.50570201868468,410.0,419125.0,2.4,1.8,1.35,3.0,0.6113129524261909,0.0,0.12,0.6,191990.2,227134.8,1.201250380207626,1.0,0.0,0.0,4.0,5.0,0.0301204819277108,1.25,4.0,1.9219280948873625,0.2,12.349397590361448,41.5,50.22698477910057,0.4524295669365065,1.0,0
748.5179814459984,44911.07888675989,60.0,0.2671469163268659,127.63157894736842,7657.894736842105,125.3859649122807,2.245614035087719,81.46608187134503,0.0,0.0,0.0,0.0,0.0,134.73684210526315,7523.157894736842,56.50116959064327,1.0,0.0,0.0,1.0,1.0,61.29032258064516,0.0175438596491228,57.0,5.832890014164737,1.0,7822.58064516129,0.0166071428571428,0.0125821281578114,0.5689468177754303,57.0,1
23.828878472696932,21163.641922178365,937.0,23.757680289012693,181.8,162803.2,2.6,2.2,0.9333333333333332,3.0,0.674711452455037,0.0,0.1466666666666666,0.6,84871.4,77931.8,0.954393684620689,0.8,0.2,0.0,3.0,4.0,0.0284090909090909,1.0,4.0,1.9219280948873625,0.4,5.164772727272728,44.0,39.00640972968417,0.5300795461855161,1.0,0
460.18245289426494,644260.4757232924,1400.0084581273438,175.76205631448394,53403.0,74764657.0,1.0,1.0,1.0,0.0,0.0,0.0,0.0,0.0,12896.333333333334,74751760.66666667,7821.353785366959,1.0,0.0,0.0,1.0,1.0,0.0114503816793893,1.0,1.0,0.0,1.0,611.4847328244275,131.0,59.0,0.6894736842105263,3.0,5
825.8593256656302,49551.55953993781,60.0,0.2697641060177382,129.87719298245614,7792.631578947368,127.21052631578948,2.6666666666666665,68.45380116959065,0.0,0.0,0.0,0.0,0.0,160.0,7632.631578947368,44.83976608187135,1.0,0.0,0.0,1.0,1.0,60.38135593220339,0.0175438596491228,57.0,5.832890014164737,1.0,7842.161016949153,0.0168571428571428,0.0142056686012367,0.5426792381536162,57.0,1
73.76299200501316,4425.779520300788,60.0,0.0523520491183293,1.893258426966292,113.59550561797752,1.0,0.1011235955056179,1.0,0.0,0.0,0.0,0.0,0.0,6.067415730337078,60.0,0.1011235955056179,1.0,0.0,0.0,178.0,1.0,58.36065573770493,1.0,1.0,0.0,1.0,110.49180327868854,0.017231638418079,0.0112354118409825,0.6053187197572018,1.0,2
5.917453103238191,4758.744297104556,877.6666666666666,49.64102618125807,276.6666666666667,233370.0,4.0,4.333333333333333,0.9166666666666666,13.0,3.175496587857755,0.0,0.75,3.0,134571.66666666666,98798.33333333331,0.9330697226586012,1.0,0.0,0.0,2.0,2.0,0.0625,0.6666666666666666,3.0,1.584962500721156,0.6666666666666666,17.291666666666668,24.0,16.0,0.6000000000000001,1.0,0
324.729675925588,454624.4932374058,1400.0121649396656,202.9855856292786,54148.25,75808218.25,1.0,1.0,1.0,0.0,0.0,0.0,0.0,0.0,29118.0,75779100.25,2926.681126446444,1.0,0.0,0.0,1.0,1.0,0.0126582278481012,1.0,1.0,0.0,1.0,685.4208860759494,105.33333333333331,63.87661717891941,0.6225008222888523,4.0,5
6.317868168496497,7483.633253235166,1131.0,42.14518667812471,254.66666666666663,294638.0,2.333333333333333,3.0,0.5,10.0,2.14337400813538,0.0,0.4444444444444444,2.0,145441.66666666666,149196.33333333334,0.9897036166761184,0.6666666666666666,0.3333333333333333,0.0,2.0,3.0,0.0154639175257731,1.0,3.0,1.584962500721156,0.3333333333333333,3.938144329896907,97.0,74.0,0.5672514619883041,1.0,0
173.13758308206923,242399.0268184637,1400.0324943148987,180.7693263727424,30392.0,42549422.0,1.0,1.0,1.0,0.0,0.0,0.0,0.0,0.0,11849.333333333334,42537572.66666666,3346.898495313033,1.0,0.0,0.0,1.0,1.0,0.0115830115830115,1.0,1.0,0.0,1.0,352.03088803088804,129.5,9.5,0.9316546762589928,3.0,5
988.8908603470228,59333.45162082137,60.0,0.2635335747434302,124.45,7467.0,121.98333333333332,2.466666666666667,68.43611111111112,0.0,0.0,0.0,0.0,0.0,148.0,7319.0,45.26944444444445,1.0,0.0,0.0,1.0,1.0,63.49206349206349,0.0166666666666666,60.0,5.906890595608517,1.0,7901.587301587302,0.0160169491525423,0.0158878394232755,0.5020233597373644,60.0,1
10.434325401620388,5704.457752310564,560.5,40.2558771906641,361.5,206397.0,2.5,2.0,0.625,0.0,0.0,0.0,0.0,0.0,98082.0,108315.0,1.1993627520136627,0.5,0.5,0.0,2.0,2.0,0.0259740259740259,1.0,2.0,1.0,0.5,9.38961038961039,77.0,0.0,1.0,1.0,0
9.193464639573495,804.95608656607,102.94666666666666,0.3199253890888928,2.36,212.96,0.0,0.0,0.0,60.8,4.70873200442434,0.2231810912634344,0.4907990721005092,3.0,63.44,148.6,2.342997420762857,0.0,1.0,0.0,1.0,1.0,0.0871080139372822,1.0,1.0,0.0,1.0,0.205574912891986,11.958333333333334,12.686867116125327,0.4852195606141236,25.0,4
9.382143536677775,9892.63885601916,990.2857142857144,31.64145525918105,303.42857142857144,319991.5714285714,1.1428571428571428,1.0,0.738095238095238,4.714285714285714,0.9474815932294836,0.0,0.1999999999999999,0.8571428571428571,161734.0,158257.57142857142,0.9808407292057356,0.7142857142857143,0.2857142857142857,0.0,5.0,3.0,0.0288065843621399,0.6,5.0,2.235926350629033,0.4285714285714285,8.74074074074074,40.5,26.581635264470343,0.6037419904915577,1.0,0
967.9393681265316,58076.36208759192,60.0,0.2429173959712789,123.11764705882354,7387.058823529412,120.68627450980392,2.431372549019608,62.86830065359477,0.0,0.0,0.0,0.0,0.0,145.88235294117646,7241.176470588235,38.35849673202615,1.0,0.0,0.0,1.0,1.0,52.14723926380368,0.0196078431372549,51.0,5.6724253419715005,1.0,6420.245398773006,0.01956,0.0197019389908709,0.498192409818273,51.0,1
100.02406027351482,6001.443616410889,60.0,0.0499742904224837,2.031578947368421,121.89473684210526,1.0,0.0947368421052631,1.0,0.0,0.0,0.0,0.0,0.0,5.684210526315789,60.0,0.0947368421052631,1.0,0.0,0.0,190.0,1.0,54.59770114942529,1.0,1.0,0.0,1.0,110.91954022988506,0.0184126984126984,0.0108192972621917,0.6298816754586021,1.0,2
33.90535713033041,36789.38736993064,1082.2,20.41968454307328,215.4,251634.4,1.6,1.8,0.36,5.0,1.264772751464757,0.0,0.3038461538461538,1.2,118753.8,132880.6,0.9485737237567956,0.4,0.6,0.0,3.0,4.0,0.0396825396825396,0.8,5.0,2.321928094887362,0.4,8.547619047619047,31.5,36.43144246389374,0.4637027988437397,1.0,0
1200.236061354126,72014.16368124756,60.0,0.2666478813621544,140.46875,8428.125,137.4375,3.03125,56.716145833333336,0.0,0.0,0.0,0.0,0.0,181.875,8246.25,43.30989583333333,1.0,0.0,0.0,1.0,1.0,35.39823008849557,0.03125,32.0,5.0,1.0,4972.345132743363,0.0291612903225806,0.0235729434490306,0.5529859492957914,32.0,1
778.194603869616,46691.67623217697,60.0,0.2628558566042487,118.20833333333331,7092.5,115.3125,2.895833333333333,53.60833333333333,0.0,0.0,0.0,0.0,0.0,173.75,6918.75,40.19166666666667,1.0,0.0,0.0,1.0,1.0,48.97959183673469,0.0208333333333333,48.0,5.5849625007211605,1.0,5789.795918367347,0.0208510638297872,0.0185506537401627,0.5291917488817657,48.0,1
9.191673062670498,993.3386076925132,122.07407407407408,0.3056109595374677,2.037037037037037,202.59259259259255,0.0,0.0,0.0,60.81481481481482,4.701712755537886,0.220978133907597,0.4912830339120623,3.0,60.333333333333336,141.37037037037038,2.342899123384819,0.0,1.0,0.0,1.0,1.0,0.0924657534246575,1.0,1.0,0.0,1.0,0.1883561643835616,11.23076923076923,8.732378706275998,0.5625750641224527,27.0,4
11.557791465542666,15221.881494020528,1261.0,23.24523107885521,183.33333333333331,246991.0,1.6666666666666667,1.3333333333333333,0.4166666666666667,4.0,1.0283208335737186,0.0,0.25,1.0,140947.33333333334,106043.66666666669,0.7621314056474654,0.3333333333333333,0.6666666666666666,0.0,3.0,2.0,0.0177514792899408,0.6666666666666666,3.0,1.584962500721156,0.6666666666666666,3.2544378698224854,84.5,19.5,0.8125,1.0,0
5.654112706468663,5716.423291292512,877.6666666666666,38.28636899694808,232.66666666666663,237301.0,2.333333333333333,1.6666666666666667,1.111111111111111,0.0,0.0,0.0,0.0,0.0,100029.33333333331,137271.66666666666,1.275366923823515,1.0,0.0,0.0,3.0,3.0,0.0134529147982062,1.5,2.0,0.9182958340544896,0.3333333333333333,3.1300448430493275,111.5,44.5,0.7147435897435898,1.0,0
24.482179265915043,20629.37122317675,778.4,22.836773756677463,291.0,233417.2,1.0,1.4,0.6,3.6,0.6784294447329068,0.0,0.1222222222222222,0.6,120060.2,113357.0,0.9999804589820928,0.8,0.0,0.2,4.0,3.0,0.0185873605947955,0.75,4.0,1.9219280948873625,0.4,5.408921933085502,67.25,48.282372559765534,0.5820879335375131,1.0,0
105.56806592439796,6334.083955463877,60.0,0.0526327230113544,1.962406015037594,117.74436090225564,1.0,0.0676691729323308,1.0,0.0,0.0,0.0,0.0,0.0,4.06015037593985,60.0,0.0676691729323308,1.0,0.0,0.0,133.0,1.0,15.57377049180328,1.0,1.0,0.0,1.0,30.562060889929747,0.0646969696969697,0.0573458327716304,0.5301170440888169,1.0,2
268.3397792815952,375678.5107273393,1400.01109277865,195.17197040710485,44689.0,62565141.66666666,1.0,1.0,1.0,0.0,0.0,0.0,0.0,0.0,28605.666666666668,62536536.0,2580.157209440888,1.0,0.0,0.0,1.0,1.0,0.0080428954423592,1.0,1.0,0.0,1.0,359.4289544235925,186.5,164.5,0.5313390313390314,3.0,5
14.490508255095188,11788.250677862332,960.6,19.96222503403429,190.4,169052.4,1.4,1.4,0.7,2.6,0.678549482089757,0.0,0.1692307692307692,0.6,89000.4,80052.0,0.950610588935042,0.6,0.4,0.0,3.0,3.0,0.0263157894736842,1.0,3.0,1.3709505944546687,0.4,5.010526315789473,47.5,26.51886121235224,0.6417283273749316,1.0,0
851.0899553894566,51065.3973233674,60.0,0.2877433329602022,132.64705882352942,7958.823529411765,130.55882352941177,2.088235294117647,83.10882352941177,0.0,0.0,0.0,0.0,0.0,125.29411764705884,7833.529411764706,62.40294117647058,1.0,0.0,0.0,1.0,1.0,37.44493392070484,0.0294117647058823,34.0,5.087462841250338,1.0,4966.960352422907,0.0275151515151515,0.0274216472905724,0.500851016318859,34.0,1
9.207151941025224,964.5069151804154,137.34848484848484,0.2982985771801257,1.9393939393939397,211.4848484848485,0.0,0.0,0.0,60.72727272727273,4.695558926249251,0.2355612611692786,0.4893276738608,3.0,63.0,147.57575757575756,2.342608288461132,0.0,1.0,0.0,1.0,1.0,0.1166077738515901,1.0,1.0,0.0,1.0,0.2261484098939929,8.84375,7.710015300730602,0.5342440127268011,33.0,4
8.638061751688527,8942.168616894161,925.0,29.79293438356778,263.3333333333333,275031.6666666667,1.6666666666666667,2.6666666666666665,0.611111111111111,5.0,1.124519087425062,0.0,0.2444444444444444,1.0,122439.33333333331,152592.33333333334,1.267785446384795,1.0,0.0,0.0,2.0,2.0,0.02,1.0,2.0,0.9182958340544896,0.6666666666666666,5.266666666666667,75.0,45.0,0.625,2.0,0
16.404019982702327,12495.900334165626,714.6,33.57205459824623,347.0,245590.4,2.6,3.0,0.5166666666666667,3.0,0.6379796190928574,0.0,0.1333333333333333,0.6,126897.6,118692.8,0.9244216741923854,0.6,0.2,0.2,4.0,4.0,0.0235849056603773,1.0,4.0,1.9219280948873625,0.4,8.183962264150944,53.0,32.42684073418192,0.6204139067359079,2.0,0
107.31869137028728,150255.9387029301,1400.091044573906,68.77646294188355,7381.0,10334072.0,1.0,1.0,1.0,0.0,0.0,0.0,0.0,0.0,22681.0,10311391.0,454.6268242140999,1.0,0.0,0.0,1.0,1.0,1.0,1.0,1.0,0.0,1.0,7381.0,0.0,0.0,0.0,0.0,5
6.860795866882215,6112.930021455324,1011.75,35.99465629687979,222.25,199883.0,3.0,3.25,0.7,3.75,0.7641411905327384,0.0,0.15,0.75,102166.75,97716.25,1.0863365121335795,0.75,0.25,0.0,3.0,2.0,0.0147058823529411,0.6666666666666666,3.0,1.5,0.5,3.2683823529411766,90.66666666666669,45.7626728046147,0.6645686845515525,1.0,0
180.86327347855357,253211.75067583035,1400.0238558387557,148.58291974762002,26338.75,36874718.25,1.0,1.0,1.0,0.0,0.0,0.0,0.0,0.0,25378.75,36849339.5,1644.8667173888389,1.0,0.0,0.0,1.0,1.0,0.0086206896551724,1.0,1.0,0.0,1.0,227.0581896551724,154.66666666666666,48.76018412142796,0.7603060562923407,4.0,5
307.82205610502047,430957.3469329091,1400.0181209246252,176.41181261989922,50217.0,70304657.5,1.0,1.0,1.0,0.0,0.0,0.0,0.0,0.0,44228.0,70260429.5,1596.200190727366,1.0,0.0,0.0,1.0,1.0,0.0038022813688212,1.0,1.0,0.0,1.0,190.93916349809885,526.0,0.0,1.0,2.0,5
1143.4093341914222,68604.56005148533,60.0,0.2424646223198107,129.34,7760.4,126.34,3.0,55.562,0.0,0.0,0.0,0.0,0.0,180.0,7580.4,42.642,1.0,0.0,0.0,1.0,1.0,50.45408678102926,0.02,50.0,5.643856189774728,1.0,6525.731584258325,0.0202244897959183,0.0178362910326367,0.5313734861883065,50.0,1
839.309760807668,50358.58564846007,60.0,0.2761724677345658,120.71428571428572,7242.857142857143,118.64285714285714,2.071428571428572,72.10178571428571,0.0,0.0,0.0,0.0,0.0,124.28571428571428,7118.571428571428,39.95892857142858,1.0,0.0,0.0,1.0,1.0,32.67211201866978,0.0357142857142857,28.0,4.807354922057606,1.0,3943.990665110852,0.0317407407407407,0.0258880675967857,0.5507790574956579,28.0,1
1252.0324401963774,75121.94641178264,60.0,0.2512194943209656,108.93939393939394,6536.363636363636,106.96969696969695,1.9696969696969695,68.58989898989898,0.0,0.0,0.0,0.0,0.0,118.1818181818182,6418.181818181818,55.892929292929296,1.0,0.0,0.0,1.0,1.0,35.869565217391305,0.0303030303030303,33.0,5.044394119358456,1.0,3907.6086956521735,0.02875,0.0354612464529942,0.4477408801127444,33.0,1
6.858221413162981,1212.912669772658,203.01201626656172,1.244126540834197,7.818181818181818,1361.8181818181818,1.0,1.0,1.0,0.0,0.0,0.0,0.0,0.0,541.0909090909091,820.7272727272727,1.516467869038591,1.0,0.0,0.0,1.0,1.0,0.0091771965590555,1.0,1.0,0.0,1.0,0.0717489912798887,119.8623123,1.4426330512021437,0.9881073846822532,11.0,3
73.52335210029466,4411.401126017681,60.0,0.0485884857094315,1.9315068493150684,115.89041095890413,1.0,0.1506849315068493,1.0,0.0,0.0,0.0,0.0,0.0,9.04109589041096,60.0,0.1506849315068493,1.0,0.0,0.0,146.0,1.0,28.023032629558543,1.0,1.0,0.0,1.0,54.12667946257198,0.0359310344827586,0.03027452671629,0.5427192796498024,1.0,2
159.7300162130364,223624.48679277115,1400.0157288816438,209.13741122833815,36756.0,51458961.5,1.0,1.0,1.0,0.0,0.0,0.0,0.0,0.0,35433.5,51423528.0,1319.9552391445864,1.0,0.0,0.0,1.0,1.0,0.0259740259740259,1.0,1.0,0.0,1.0,954.7012987012988,77.0,0.0,1.0,2.0,5
9.032911873603702,1097.5377185776326,148.21180555555557,0.2671769809532389,1.7916666666666667,216.41666666666663,0.0,0.0,0.0,61.1875,4.718404152403317,0.2336023742722832,0.4944663264918347,3.0,64.45833333333333,151.0,2.3429035624540333,0.0,1.0,0.0,1.0,1.0,0.1660899653979238,1.0,1.0,0.0,1.0,0.2975778546712803,6.148936170212766,5.165263369546302,0.5434707200102735,48.0,4
242.70538074815624,339792.40451397543,1400.0183986354723,229.44511923759657,53127.0,74378773.0,1.0,1.0,1.0,0.0,0.0,0.0,0.0,0.0,16140.5,74362632.5,7035.494141558504,1.0,0.0,0.0,1.0,1.0,0.003731343283582,1.0,1.0,0.0,1.0,198.23507462686567,536.0,0.0,1.0,2.0,5
7.296029999827247,8066.411832170935,1106.2857142857142,32.49622744113092,197.28571428571428,228652.0,2.0,2.2857142857142856,0.661904761904762,1.7142857142857142,0.4645184524839746,0.0,0.119047619047619,0.4285714285714285,119421.42857142857,109230.57142857143,0.9607898429549424,0.7142857142857143,0.2857142857142857,0.0,4.0,5.0,0.0364583333333333,1.0,5.0,2.235926350629033,0.2857142857142857,7.192708333333333,32.0,51.110990338021566,0.3850272974711584,2.0,0
75.7457472948365,4544.744837690191,60.0,0.0542196021425975,2.034188034188034,122.05128205128206,1.0,0.1282051282051282,1.0,0.0,0.0,0.0,0.0,0.0,7.6923076923076925,60.0,0.1282051282051282,1.0,0.0,0.0,117.0,1.0,27.2093023255814,1.0,1.0,0.0,1.0,55.34883720930232,0.0370689655172413,0.0386856750057948,0.4893293039384043,1.0,2
99.38064126633898,5962.838475980339,60.0,0.0501765323798372,1.9534883720930232,117.2093023255814,1.0,0.0697674418604651,1.0,0.0,0.0,0.0,0.0,0.0,4.186046511627907,60.0,0.0697674418604651,1.0,0.0,0.0,86.0,1.0,15.167548500881834,1.0,1.0,0.0,1.0,29.62962962962963,0.0667058823529411,0.056680492241088,0.5406260016344555,1.0,2
5.466943123995693,5982.4736022120105,1075.428571428571,39.88481591270197,208.0,229125.7142857143,2.142857142857143,2.0,0.9285714285714286,4.285714285714286,0.9448258844595766,0.0,0.1999999999999999,0.8571428571428571,115069.28571428572,114056.42857142857,1.046466737431911,0.8571428571428571,0.1428571428571428,0.0,4.0,5.0,0.0372340425531914,1.0,5.0,2.235926350629033,0.2857142857142857,7.74468085106383,31.33333333333333,21.4993539954628,0.5930671884686679,2.0,0
1190.670148016737,71440.2088810042,60.0,0.2477046387680007,130.4255319148936,7825.531914893617,128.25531914893617,2.1702127659574466,78.64148936170211,0.0,0.0,0.0,0.0,0.0,130.2127659574468,7695.31914893617,55.30106382978724,1.0,0.0,0.0,1.0,1.0,50.42918454935622,0.0212765957446808,47.0,5.55458885167764,1.0,6577.25321888412,0.0202608695652173,0.0217619879832469,0.4821392629440015,47.0,1
10.36319523404908,10054.1102944379,1106.6,36.91870414126383,265.0,299219.8,3.6,3.4,1.26,6.0,1.2828404865077467,0.0,0.2722222222222222,1.2,157014.2,142205.6,0.9535731971883552,1.0,0.0,0.0,4.0,3.0,0.0173611111111111,1.0,3.0,1.3709505944546687,0.6,4.600694444444445,72.0,70.81313437491663,0.5041553097699248,2.0,0
627.1210027289255,877976.8098937032,1400.0137873551585,112.2545623056838,63268.0,88576045.0,1.0,1.0,1.0,0.0,0.0,0.0,0.0,0.0,28970.0,88547075.0,3349.6367464512623,1.0,0.0,0.0,1.0,1.0,0.0075757575757575,1.0,1.0,0.0,1.0,479.3030303030303,264.0,0.0,1.0,2.0,5
5.486005137002564,671.1540195755628,124.25180375180376,1.4472749718133515,7.5,896.5,1.0,1.0,1.0,0.0,0.0,0.0,0.0,0.0,368.6666666666667,527.8333333333334,1.459281488588421,1.0,0.0,0.0,1.0,1.0,0.0041654130595725,1.0,1.0,0.0,1.0,0.0312405979467941,288.0866754,208.4333064223296,0.5802116449425925,6.0,3
898.1353188246364,53888.11912947819,60.0,0.261066435622465,123.90163934426228,7434.098360655737,121.21311475409836,2.6885245901639343,64.97923497267759,0.0,0.0,0.0,0.0,0.0,161.31147540983608,7272.786885245901,49.56939890710383,1.0,0.0,0.0,1.0,1.0,62.69270298047277,0.0166666666666666,60.0,5.897950452316981,1.0,7767.728674203495,0.0162166666666666,0.0141787301578416,0.5335237687566852,61.0,1
709.7172908582726,42583.03745149636,60.0,0.2883751516456906,122.8,7368.0,119.88,2.92,57.512,0.0,0.0,0.0,0.0,0.0,175.2,7192.8,54.032,1.0,0.0,0.0,1.0,1.0,25.51020408163265,0.04,25.0,4.643856189774723,1.0,3132.6530612244896,0.0408333333333333,0.0641779210909449,0.3888472103033253,25.0,1
9.051206385441132,855.6944159115212,116.8095238095238,0.2847522551588569,2.095238095238096,201.66666666666663,0.0,0.0,0.0,63.19047619047619,4.7221070553030025,0.2280026593495307,0.4830755255891936,3.0,60.04761904761905,140.71428571428572,2.3434943081185886,0.0,1.0,0.0,1.0,1.0,0.075,1.0,1.0,0.0,1.0,0.1571428571428571,14.0,14.25833089811006,0.4954291196631267,21.0,4
1000.6213790815716,60037.28274489428,60.0,0.2482491615298859,134.84615384615384,8090.7692307692305,132.23076923076923,2.6153846153846154,68.49294871794872,0.0,0.0,0.0,0.0,0.0,156.92307692307693,7933.846153846154,47.68525641025641,1.0,0.0,0.0,1.0,1.0,30.338389731621938,0.0384615384615384,26.0,4.70043971814109,1.0,4091.015169194866,0.03428,0.032710267501199,0.5117161235307266,26.0,1
9.720501652360348,1040.112278785213,131.54121818352587,1.2877702241331122,10.307692307692308,1167.3846153846157,1.0,1.0,1.0,0.0,0.0,0.0,0.0,0.0,458.84615384615387,708.5384615384615,1.5589916635672354,1.0,0.0,0.0,1.0,1.0,0.0090314512704072,1.0,1.0,0.0,1.0,0.0930934207872751,119.95119066666663,1.5262133611201665,0.9874362366126044,13.0,3
83.96083733243057,5037.650239945834,60.0,0.0497179119789807,1.9690721649484535,118.14432989690722,1.0,0.1134020618556701,1.0,0.0,0.0,0.0,0.0,0.0,6.804123711340206,60.0,0.1134020618556701,1.0,0.0,0.0,194.0,1.0,21.0412147505423,1.0,1.0,0.0,1.0,41.43167028199566,0.0477720207253886,0.0426299882840473,0.5284398128851567,1.0,2
809.143203149065,48548.59218894391,60.0,0.2552065783644102,132.0731707317073,7924.390243902439,129.46341463414635,2.609756097560976,69.25569105691056,0.0,0.0,0.0,0.0,0.0,156.58536585365854,7767.804878048781,38.23130081300813,1.0,0.0,0.0,1.0,1.0,41.58215010141988,0.024390243902439,41.0,5.357552004618081,1.0,5491.886409736308,0.02465,0.0213255128894945,0.5361549757856541,41.0,1
10.091955645234556,930.2493059617968,102.21212121212122,0.2851375073047114,2.333333333333333,205.1515151515152,0.0,0.0,0.0,61.09090909090909,4.7052425438425285,0.2379347798263776,0.4901872038283481,3.0,61.09090909090909,143.0909090909091,2.342399749188949,0.0,1.0,0.0,1.0,1.0,0.1122448979591836,1.0,1.0,0.0,1.0,0.2619047619047619,9.1875,11.630878889834596,0.4413167830510647,33.0,4
10.06450930249468,1037.208407780718,125.34782608695652,0.2746130555719503,2.0,211.65217391304347,0.0,0.0,0.0,61.73913043478261,4.715993450024518,0.231328738319632,0.4889169218192735,3.0,63.04347826086956,147.65217391304347,2.341995330672131,0.0,1.0,0.0,1.0,1.0,0.08984375,1.0,1.0,0.0,1.0,0.1796875,11.636363636363637,10.490452172183025,0.5258941791285214,23.0,4
61.56757785326828,3694.054671196097,60.0,0.0503292617445609,1.8440366972477065,110.6422018348624,1.0,0.091743119266055,1.0,0.0,0.0,0.0,0.0,0.0,5.504587155963303,60.0,0.091743119266055,1.0,0.0,0.0,109.0,1.0,12.151616499442586,1.0,1.0,0.0,1.0,22.40802675585284,0.0830555555555555,0.0765755295665336,0.5202968800972126,1.0,2
28.504112852709483,30782.936025322306,1119.5,16.940057020183893,263.5,299655.5,1.25,1.25,0.6875,3.75,0.7974745238660718,0.0,0.1666666666666666,0.75,151381.25,148274.25,0.922869131683514,0.75,0.25,0.0,3.0,2.0,0.014760147601476,0.5,4.0,2.0,0.75,3.88929889298893,90.33333333333331,45.49236810230432,0.6650680421933155,1.0,0
9.760825873730337,1068.2841446779412,134.49242424242425,0.2684176623853718,1.818181818181818,204.6818181818182,0.0,0.0,0.0,61.13636363636363,4.708471031740583,0.2263969959688645,0.4899671602950831,3.0,60.90909090909091,142.8181818181818,2.3450421898266964,0.0,1.0,0.0,1.0,1.0,0.0780141843971631,1.0,1.0,0.0,1.0,0.1418439716312056,13.428571428571429,9.271417565478828,0.5915673101027098,22.0,4
997.994109253666,59879.64655521996,60.0,0.2700993168386387,131.85365853658536,7911.219512195122,129.29268292682926,2.5609756097560976,71.2130081300813,0.0,0.0,0.0,0.0,0.0,153.65853658536585,7757.5609756097565,55.48130081300813,1.0,0.0,0.0,1.0,1.0,43.8034188034188,0.024390243902439,41.0,5.357552004618081,1.0,5775.641025641025,0.0233999999999999,0.018486211077449,0.5586564026221562,41.0,1
10.947025760366884,8888.48142195146,1012.5,34.02056511606645,225.25,193903.0,3.0,3.0,0.7916666666666666,3.75,0.8433893155687963,0.0,0.1833333333333333,0.75,97063.25,96839.75,1.0966100194187811,0.75,0.25,0.0,3.0,3.0,0.0188679245283018,1.0,3.0,1.5,0.5,4.25,70.66666666666667,57.04579057408375,0.5533263410119275,1.0,0
7.7650758446613075,5241.668642599321,678.0,47.8199504160846,369.0,253724.0,4.5,4.5,1.025,0.0,0.0,0.0,0.0,0.0,147313.5,106410.5,0.7314042998107757,1.0,0.0,0.0,1.0,2.0,0.0129870129870129,1.0,2.0,1.0,0.5,4.792207792207792,154.0,0.0,1.0,1.0,0
10.384634701741554,1064.7617547478037,128.13492063492063,0.2590289841962511,1.9523809523809523,207.0952380952381,0.0,0.0,0.0,62.04761904761905,4.70761038782877,0.2481622726884497,0.4825114788054705,3.0,61.71428571428572,144.47619047619048,2.3413286554770782,0.0,1.0,0.0,1.0,1.0,0.0917030567685589,1.0,1.0,0.0,1.0,0.1790393013100436,11.45,10.384965093826748,0.5243882896445381,21.0,4
95.32694458711998,5719.616675227198,60.0,0.049319765043077,1.9782608695652173,118.69565217391305,1.0,0.1358695652173913,1.0,0.0,0.0,0.0,0.0,0.0,8.152173913043478,60.0,0.1358695652173913,1.0,0.0,0.0,184.0,1.0,26.78311499272198,1.0,1.0,0.0,1.0,52.98398835516739,0.0375409836065573,0.0302804236768396,0.5535270515648466,1.0,2
7.394537813429586,10173.08387793261,1356.3333333333333,47.557684647990335,300.0,407357.0,0.0,0.0,0.0,6.0,1.1307157412215114,0.0,0.2037037037037037,1.0,190613.3333333333,216743.66666666663,1.1040228208503742,0.0,1.0,0.0,2.0,1.0,0.0145631067961165,0.3333333333333333,3.0,1.584962500721156,1.0,4.368932038834951,103.0,16.0,0.865546218487395,2.0,0
12.03881818429008,8120.044765662116,746.5,24.84181382987349,215.75,146428.25,2.0,1.75,0.7708333333333333,4.5,0.8480368059161335,0.0,0.1666666666666666,0.75,76567.75,69860.5,0.9172863745065944,0.75,0.25,0.0,4.0,3.0,0.0203045685279187,1.0,3.0,1.5,0.5,4.380710659898477,65.66666666666667,39.330508373130506,0.6254136517651734,1.0,0
8.728930194642938,941.0323011656996,121.46376811594205,0.2773664249387619,2.0434782608695654,206.2173913043478,0.0,0.0,0.0,60.08695652173913,4.726746682715394,0.2213760681299253,0.5075186758503086,3.0,61.30434782608695,143.95652173913044,2.348668534073922,0.0,1.0,0.0,1.0,1.0,0.0782312925170068,1.0,1.0,0.0,1.0,0.1598639455782313,13.363636363636363,8.699767262014722,0.605692421277182,23.0,4
9.384612704130626,1139.3436847952385,148.7,0.2856393773569605,1.8,218.08,0.0,0.0,0.0,62.68,4.71894840903451,0.2500214243351334,0.4834458879274136,3.0,65.08,152.16,2.3383346891667096,0.0,1.0,0.0,1.0,1.0,0.1012145748987854,1.0,1.0,0.0,1.0,0.1821862348178137,10.291666666666666,10.1344263390792,0.5038490064532467,25.0,4
111.88276704151822,156640.11930953807,1400.0379455346415,89.27201448542638,9988.0,13983579.0,1.0,1.0,1.0,0.0,0.0,0.0,0.0,0.0,42459.0,13941120.0,328.3431074683813,1.0,0.0,0.0,1.0,1.0,1.0,1.0,1.0,0.0,1.0,9988.0,0.0,0.0,0.0,0.0,5
617.7663430509726,37065.98058305835,60.0,0.2533986857536111,110.36363636363636,6621.818181818182,108.13636363636364,2.227272727272727,66.98030303030303,0.0,0.0,0.0,0.0,0.0,133.63636363636363,6488.181818181818,41.843939393939394,1.0,0.0,0.0,1.0,1.0,22.68041237113402,0.0454545454545454,22.0,4.459431618637295,1.0,2503.092783505155,0.0461904761904761,0.0658031834861817,0.4124383141316647,22.0,1
1065.9006101172247,63954.03660703348,60.0,0.2650791333192337,133.5,8010.0,131.3684210526316,2.131578947368421,80.16315789473684,0.0,0.0,0.0,0.0,0.0,127.89473684210526,7882.105263157895,49.68947368421052,1.0,0.0,0.0,1.0,1.0,41.17009750812568,0.0263157894736842,38.0,5.247927513443589,1.0,5496.208017334778,0.0249459459459459,0.0245025602037341,0.5044833077552396,38.0,1
95.4539826237178,5727.238957423068,60.0,0.0490671648740684,2.0,120.0,1.0,0.1020408163265306,1.0,0.0,0.0,0.0,0.0,0.0,6.122448979591836,60.0,0.1020408163265306,1.0,0.0,0.0,147.0,1.0,30.12295081967213,1.0,1.0,0.0,1.0,60.24590163934426,0.0334246575342465,0.0278311532394211,0.5456569280871386,1.0,2
10.612282887421852,1334.1031897709852,142.82802521552523,1.2353409948754266,11.166666666666666,1427.5,1.0,1.0,1.0,0.0,0.0,0.0,0.0,0.0,587.5,840.0,1.4374591243254766,1.0,0.0,0.0,1.0,1.0,0.0090828156347292,1.0,1.0,0.0,1.0,0.1014247745878095,120.10692881818184,1.6966161338088566,0.9860708804946722,12.0,3
802.8135781077868,48168.81468646721,60.0,0.2473392165264043,130.11940298507463,7807.164179104478,127.53731343283582,2.582089552238806,65.77562189054727,0.0,0.0,0.0,0.0,0.0,154.92537313432837,7652.238805970149,46.581592039801,1.0,0.0,0.0,1.0,1.0,69.50207468879668,0.0149253731343283,67.0,6.066089190457767,1.0,9043.568464730291,0.0146060606060606,0.0121653740964023,0.5455837824304891,67.0,1
14.582191885970753,1427.4724078818358,128.2753623188406,0.2147812689529059,1.9130434782608696,206.82608695652172,0.0,0.0,0.0,61.47826086956522,4.722539605571344,0.2371380672161895,0.4948264712930807,3.0,61.56521739130435,144.2608695652174,2.3431745303037563,0.0,1.0,0.0,1.0,1.0,0.0864661654135338,1.0,1.0,0.0,1.0,0.1654135338345864,12.090909090909092,9.614898906995098,0.5570356603208013,23.0,4
135.90548503303208,8154.329101981926,60.0,0.052221556842061,2.3012048192771086,138.0722891566265,1.0,0.072289156626506,1.0,0.0,0.0,0.0,0.0,0.0,4.337349397590361,60.0,0.072289156626506,1.0,0.0,0.0,83.0,1.0,18.90660592255125,1.0,1.0,0.0,1.0,43.50797266514807,0.0535365853658536,0.0454616415963277,0.5407832746974885,1.0,2
100.93932434113584,6056.359460468149,60.0,0.0497249061849916,1.9710144927536235,118.2608695652174,1.0,0.0869565217391304,1.0,0.0,0.0,0.0,0.0,0.0,5.217391304347826,60.0,0.0869565217391304,1.0,0.0,0.0,138.0,1.0,23.154362416107386,1.0,1.0,0.0,1.0,45.63758389261745,0.0435036496350364,0.0382575070802324,0.5320821204442694,1.0,2
7.780667299202066,7711.150480506333,1054.3333333333333,30.02881476895924,137.0,165108.83333333334,2.6666666666666665,2.6666666666666665,0.7999999999999999,2.0,0.5141604167868593,0.0,0.125,0.5,91355.66666666669,73753.16666666667,0.966022105405782,0.6666666666666666,0.3333333333333333,0.0,4.0,5.0,0.0287081339712918,1.25,4.0,1.7924812503605778,0.3333333333333333,3.9330143540669855,41.8,40.006999387607166,0.5109587237388911,1.0,0
9.276587123929207,1037.1967015147584,141.43103448275863,0.3013498164729337,1.862068965517241,214.55172413793105,0.0,0.0,0.0,61.96551724137931,4.72652064396625,0.2283881681388445,0.4942391366336675,3.0,63.93103448275862,149.72413793103448,2.342422862523549,0.0,1.0,0.0,1.0,1.0,0.1017543859649122,1.0,1.0,0.0,1.0,0.1894736842105263,10.178571428571429,9.012109200675388,0.5303913720005934,29.0,4
10.396606657897385,1449.9343647489427,162.6305555555556,1.077928705881736,9.22222222222222,1300.5555555555557,1.0,1.0,1.0,0.0,0.0,0.0,0.0,0.0,518.2222222222222,782.3333333333334,1.4775453479608598,1.0,0.0,0.0,1.0,1.0,0.0062517530566795,1.0,1.0,0.0,1.0,0.0576550559671555,179.949526125,121.01834810235422,0.5979027714734241,9.0,3
5.90959754014006,1059.3345846260847,176.29149369149368,1.4568438280054437,7.777777777777778,1250.2222222222222,1.0,1.0,1.0,0.0,0.0,0.0,0.0,0.0,505.22222222222223,745.0,1.4915027801830711,1.0,0.0,0.0,1.0,1.0,0.006819286361758,1.0,1.0,0.0,1.0,0.0530388939247845,164.973274375,83.56451418706837,0.6637754175309263,9.0,3
20.41450069956056,16422.77478056605,976.2857142857144,24.42461489679209,247.8571428571429,248385.2857142857,2.2857142857142856,2.4285714285714284,0.8047619047619047,5.714285714285714,1.3263125563249216,0.0,0.3003663003663003,1.2857142857142858,130649.57142857143,117735.71428571428,0.9668456454676804,0.7142857142857143,0.2857142857142857,0.0,3.0,6.0,0.0278884462151394,1.5,4.0,1.9502120649147463,0.2857142857142857,6.912350597609562,41.833333333333336,50.1445133810492,0.4548196639484046,1.0,0
10.658496509185014,1078.7483686235398,136.88596491228068,0.2907841970075094,1.947368421052632,219.05263157894737,0.0,0.0,0.0,60.78947368421053,4.684819117158742,0.2248008633166082,0.4891637950879106,3.0,65.15789473684211,152.89473684210526,2.3470969696366653,0.0,1.0,0.0,1.0,1.0,0.0794979079497908,1.0,1.0,0.0,1.0,0.1548117154811715,13.27777777777778,11.784196364225153,0.5297977606450691,19.0,4
1105.97043311732,66358.2259870392,60.0,0.2483570924825492,121.188679245283,7271.320754716981,118.98113207547168,2.207547169811321,68.56194968553459,0.0,0.0,0.0,0.0,0.0,132.45283018867926,7138.867924528302,45.88270440251572,1.0,0.0,0.0,1.0,1.0,54.63917525773197,0.0188679245283018,53.0,5.727920454563195,1.0,6621.649484536083,0.0186538461538461,0.0165760306738196,0.5294893946151248,53.0,1
44.8765340983349,40166.0471010874,968.5714285714286,26.997082227964203,361.57142857142856,360759.7142857143,1.8571428571428568,1.5714285714285714,0.6785714285714286,1.7142857142857142,0.4079126488867905,0.0,0.0952380952380952,0.4285714285714285,181738.14285714287,179021.57142857142,0.9674412597796468,0.5714285714285714,0.4285714285714285,0.0,3.0,4.0,0.0242214532871972,1.0,4.0,1.8423709931771088,0.5714285714285714,8.757785467128027,48.16666666666666,32.16839373601914,0.599572172165272,2.0,0
284.4525642831758,398239.7558255239,1400.0229900749905,155.27894677987894,42409.5,59374239.0,1.0,1.0,1.0,0.0,0.0,0.0,0.0,0.0,18348.5,59355890.5,6734.33383789724,1.0,0.0,0.0,1.0,1.0,0.0869565217391304,1.0,1.0,0.0,1.0,3687.782608695652,23.0,0.0,1.0,2.0,5
63.76594974389269,3825.9569846335617,60.0,0.0537836768177176,1.9896907216494848,119.38144329896907,1.0,0.1082474226804123,1.0,0.0,0.0,0.0,0.0,0.0,6.494845360824742,60.0,0.1082474226804123,1.0,0.0,0.0,194.0,1.0,41.452991452991455,1.0,1.0,0.0,1.0,82.47863247863248,0.0242487046632124,0.0211968398974508,0.5335771613616356,1.0,2
11.339322170192933,1188.7641789661477,112.13690476190472,0.2547000213753445,2.25,209.07142857142856,0.0,0.0,0.0,61.82142857142857,4.706981421036062,0.2285810750092743,0.4865835732792538,3.0,62.25,145.85714285714286,2.343107165918476,0.0,1.0,0.0,1.0,1.0,0.0936454849498327,1.0,1.0,0.0,1.0,0.2107023411371237,11.074074074074074,10.903366540680864,0.5038836991164158,28.0,4
24.57576731253875,23397.03000198673,945.0,8.677165040207447,233.0,233913.0,4.0,4.0,1.0,6.0,1.4276942711037668,0.0,0.3333333333333333,1.5,95949.0,137964.0,1.1845248887415485,1.0,0.0,0.0,2.0,2.0,0.125,1.0,2.0,1.0,0.5,29.125,16.0,0.0,1.0,1.0,0
5.473291514755487,6304.70563101982,1104.857142857143,46.094419971270426,245.28571428571428,290431.28571428574,1.0,0.8571428571428571,0.3571428571428571,1.8571428571428568,0.4627001795146616,0.0,0.1098901098901099,0.4285714285714285,148349.7142857143,142081.57142857142,1.037515401863828,0.2857142857142857,0.5714285714285714,0.1428571428571428,3.0,4.0,0.035,0.8,5.0,2.1280852788913944,0.2857142857142857,8.585,33.333333333333336,24.890872936792626,0.5724995748106267,2.0,0
404.9113740188454,566878.0902411449,1400.0049450552997,189.7044086229473,65882.5,92235824.5,1.0,1.0,1.0,0.0,0.0,0.0,0.0,0.0,39041.0,92196783.5,2531.831180783005,1.0,0.0,0.0,1.0,1.0,0.0063694267515923,1.0,1.0,0.0,1.0,419.6337579617834,314.0,0.0,1.0,2.0,5
10.558743104064904,1272.966112340892,133.08730158730157,0.2399291315960946,1.9523809523809523,205.7142857142857,0.0,0.0,0.0,58.523809523809526,4.710818311603592,0.2283223879425008,0.5126434930092412,3.0,61.19047619047619,143.61904761904762,2.347799138137228,0.0,1.0,0.0,1.0,1.0,0.075,1.0,1.0,0.0,1.0,0.1464285714285714,14.0,12.96148139681572,0.5192593015921397,21.0,4
80.34564884220693,4820.738930532414,60.0,0.0499826072757169,1.970873786407767,118.252427184466,1.0,0.058252427184466,1.0,0.0,0.0,0.0,0.0,0.0,3.495145631067961,60.0,0.058252427184466,1.0,0.0,0.0,103.0,1.0,18.52517985611511,1.0,1.0,0.0,1.0,36.51079136690648,0.0545098039215686,0.0496384467331442,0.52338664911701,1.0,2
76.24032803566449,4574.419682139869,60.0,0.0505093775508001,1.963855421686747,117.8313253012048,1.0,0.108433734939759,1.0,0.0,0.0,0.0,0.0,0.0,6.506024096385542,60.0,0.108433734939759,1.0,0.0,0.0,83.0,1.0,14.409722222222223,1.0,1.0,0.0,1.0,28.29861111111111,0.0702439024390244,0.0709512991640297,0.4974949689615015,1.0,2
8.455562593996087,832.1414873631471,125.48648648648648,0.3358949270176198,2.0,207.0,0.0,0.0,0.0,61.13513513513514,4.735619639524763,0.2246951151529313,0.5013798687118605,3.0,61.648648648648646,144.48648648648648,2.3440798844203825,0.0,1.0,0.0,1.0,1.0,0.1267123287671233,1.0,1.0,0.0,1.0,0.2534246575342466,8.11111111111111,7.392856077839898,0.523163588535684,37.0,4
8.359138401428662,1136.141677542706,162.107733175915,1.3259995256298396,9.181818181818182,1303.909090909091,1.0,1.0,1.0,0.0,0.0,0.0,0.0,0.0,532.0909090909091,771.8181818181819,1.4609449720819043,1.0,0.0,0.0,1.0,1.0,0.0076372453112687,1.0,1.0,0.0,1.0,0.0701237978580131,144.0309896,47.52771022547662,0.751889576047563,11.0,3
267.29989825463923,374228.8997170478,1400.041791739114,172.1239882694598,44978.66666666666,62971340.333333336,1.0,1.0,1.0,0.0,0.0,0.0,0.0,0.0,28917.33333333333,62942423.0,3124.3153917620807,1.0,0.0,0.0,1.0,1.0,0.0105263157894736,1.0,1.0,0.0,1.0,473.45964912280704,142.5,73.5,0.6597222222222222,3.0,5
169.9751958143221,237970.8428491501,1400.056629850527,144.5620570786562,19607.5,27451249.0,1.0,1.0,1.0,0.0,0.0,0.0,0.0,0.0,40153.0,27411096.0,670.9961563117711,1.0,0.0,0.0,1.0,1.0,0.0060422960725075,1.0,1.0,0.0,1.0,118.47432024169184,331.0,0.0,1.0,2.0,5
860.135512842734,51608.13077056405,60.0,0.2774252061068921,131.85294117647058,7911.176470588235,129.14705882352942,2.7058823529411766,62.91519607843138,0.0,0.0,0.0,0.0,0.0,162.35294117647058,7748.823529411765,42.53284313725491,1.0,0.0,0.0,1.0,1.0,34.65851172273191,0.0294117647058823,34.0,5.087462841250338,1.0,4569.826707441386,0.0297272727272727,0.0269244427952503,0.5247373791435143,34.0,1
7.924379793722574,867.5107495818544,130.38888888888889,0.2939648843590572,2.0,210.0952380952381,0.0,0.0,0.0,60.85714285714285,4.701039806558266,0.2459621709658288,0.4894284536608737,3.0,62.47619047619048,146.61904761904762,2.347863066378662,0.0,1.0,0.0,1.0,1.0,0.0714285714285714,1.0,1.0,0.0,1.0,0.1428571428571428,14.7,13.576081909004529,0.5198740068481263,21.0,4
9.126688332066443,926.5427416829132,103.3714896214896,1.3802997773415828,11.23076923076923,1090.6153846153843,1.0,1.0,1.0,0.0,0.0,0.0,0.0,0.0,441.84615384615387,648.7692307692307,1.4893880172569705,1.0,0.0,0.0,1.0,1.0,0.009013016853384,1.0,1.0,0.0,1.0,0.1012231123533901,120.19652808333336,1.5772131708251775,0.987048002676264,13.0,3
7.07205207090619,1015.13364277007,155.7259259259259,1.1529797825787031,7.5,1106.6666666666667,1.0,1.0,1.0,0.0,0.0,0.0,0.0,0.0,449.1666666666667,657.5,1.4407505532434532,1.0,0.0,0.0,1.0,1.0,0.0100121897575949,1.0,1.0,0.0,1.0,0.0750914231819621,119.853901,1.5427085715321611,0.9872919962346796,6.0,3
67.3549634489507,4041.297806937043,60.0,0.048729030748865,1.927710843373494,115.66265060240964,1.0,0.0963855421686747,1.0,0.0,0.0,0.0,0.0,0.0,5.783132530120482,60.0,0.0963855421686747,1.0,0.0,0.0,83.0,1.0,9.69626168224299,1.0,1.0,0.0,1.0,18.69158878504673,0.104390243902439,0.0860954881253963,0.5480213283753171,1.0,2
98.58165385750704,138017.55362309283,1400.0345838539708,227.7949586793862,22405.666666666668,31368698.666666668,1.0,1.0,1.0,0.0,0.0,0.0,0.0,0.0,27215.0,31341483.666666668,1213.278964485992,1.0,0.0,0.0,1.0,1.0,0.0059055118110236,1.0,1.0,0.0,1.0,132.31692913385828,254.0,186.0,0.5772727272727273,3.0,5
985.5755864316608,59134.53518589965,60.0,0.2714892980333417,135.74418604651163,8144.6511627906975,133.32558139534885,2.4186046511627906,74.32906976744188,0.0,0.0,0.0,0.0,0.0,145.11627906976744,7999.53488372093,53.70116279069768,1.0,0.0,0.0,1.0,1.0,47.04595185995623,0.0232558139534883,43.0,5.426264754702098,1.0,6386.214442013129,0.0217619047619047,0.0231740921883217,0.4842866796971125,43.0,1
1778.6788985130906,106720.73391078544,60.0,0.2565455032687649,125.41269841269842,7524.761904761905,123.3015873015873,2.111111111111111,77.8925925925926,0.0,0.0,0.0,0.0,0.0,126.66666666666669,7398.0952380952385,51.384656084656086,1.0,0.0,0.0,1.0,1.0,64.81481481481481,0.0158730158730158,63.0,5.97727992349992,1.0,8128.600823045268,0.0156774193548387,0.0134964442074013,0.5373789221092446,63.0,1
3.3656314537072696,3115.685079764133,984.0,35.37431248790915,131.33333333333334,134348.66666666666,2.0,1.3333333333333333,1.0,0.0,0.0,0.0,0.0,0.0,56117.66666666666,78231.0,1.2428380467427529,1.0,0.0,0.0,3.0,2.0,0.0225563909774436,0.6666666666666666,3.0,1.584962500721156,0.6666666666666666,2.962406015037594,66.5,2.5,0.9637681159420288,1.0,0
115.28481850318904,6917.089110191344,60.0,0.04851935812613,2.125,127.5,1.0,0.2125,1.0,0.0,0.0,0.0,0.0,0.0,12.75,60.0,0.2125,1.0,0.0,0.0,80.0,1.0,15.96806387225549,1.0,1.0,0.0,1.0,33.93213572854292,0.0634177215189873,0.0518734115437597,0.5500659056275583,1.0,2
103.6709797038063,6220.258782228378,60.0,0.0479074486958148,2.028368794326241,121.70212765957449,1.0,0.1276595744680851,1.0,0.0,0.0,0.0,0.0,0.0,7.659574468085107,60.0,0.1276595744680851,1.0,0.0,0.0,141.0,1.0,26.857142857142858,1.0,1.0,0.0,1.0,54.47619047619048,0.0375,0.0304988290173339,0.5514800849061778,1.0,2
169.2831681404542,217805.5179954593,977.75,6.468554110079364,374.75,359008.75,3.0,3.0,1.0833333333333337,6.0,1.5841479170272446,0.0,0.3958333333333333,1.5,178657.25,180351.5,1.0417642519314652,1.0,0.0,0.0,2.0,4.0,0.0188679245283018,1.3333333333333333,3.0,1.5,0.25,7.070754716981132,70.66666666666667,16.21384867602041,0.8133776185365921,1.0,0
75.75339074747886,4545.203444848731,60.0,0.0481728915599289,1.962025316455696,117.72151898734175,1.0,0.0886075949367088,1.0,0.0,0.0,0.0,0.0,0.0,5.316455696202532,60.0,0.0886075949367088,1.0,0.0,0.0,158.0,1.0,23.44213649851632,1.0,1.0,0.0,1.0,45.99406528189911,0.0429299363057324,0.0386106012717905,0.526485814064173,1.0,2
80.73331957977666,4843.9991747866,60.0,0.0523055234467542,2.043715846994536,122.62295081967213,1.0,0.087431693989071,1.0,0.0,0.0,0.0,0.0,0.0,5.245901639344262,60.0,0.087431693989071,1.0,0.0,0.0,183.0,1.0,60.19736842105263,1.0,1.0,0.0,1.0,123.02631578947368,0.0167032967032967,0.0119573367109762,0.5827957973524237,1.0,2
73.33514439404355,4400.108663642614,60.0,0.0536333873346201,2.0689655172413794,124.13793103448276,1.0,0.1379310344827586,1.0,0.0,0.0,0.0,0.0,0.0,8.275862068965518,60.0,0.1379310344827586,1.0,0.0,0.0,58.0,1.0,7.160493827160495,1.0,1.0,0.0,1.0,14.814814814814817,0.1421052631578947,0.1379897891226873,0.5073465668202607,1.0,2
9.482004143389345,1165.9584020833497,132.5573021885522,1.241895865427158,9.916666666666666,1161.6666666666667,1.0,1.0,1.0,0.0,0.0,0.0,0.0,0.0,480.8333333333333,680.8333333333334,1.457919501346132,1.0,0.0,0.0,1.0,1.0,0.0090980754933406,1.0,1.0,0.0,1.0,0.0902225819756276,119.905478,2.0125377657588075,0.9834926958651828,12.0,3
6.290730371451527,969.448830469012,171.51963776963777,1.4577759873809462,8.88888888888889,1356.7777777777778,1.0,1.0,1.0,0.0,0.0,0.0,0.0,0.0,523.5555555555555,833.2222222222222,1.5877449439395626,1.0,0.0,0.0,1.0,1.0,0.0093674783832321,1.0,1.0,0.0,1.0,0.0832664745176194,120.096354,1.0216898522492028,0.9915645116140122,9.0,3
11.03985947548959,1098.1221212019288,117.27777777777776,0.2705301443910036,2.1666666666666665,218.22222222222223,0.0,0.0,0.0,63.333333333333336,4.746562070198087,0.2274091297603046,0.4846889092324383,3.0,65.0,152.27777777777777,2.343206242471584,0.0,1.0,0.0,1.0,1.0,0.0746887966804979,1.0,1.0,0.0,1.0,0.1618257261410788,14.176470588235292,12.059827791754824,0.5403380607626949,18.0,4
6.095712076002354,6392.148674515202,964.1428571428572,43.3989935286739,227.57142857142856,213711.2857142857,3.4285714285714284,3.2857142857142856,0.8928571428571429,4.0,0.8654582961889024,0.0,0.1845238095238095,0.8571428571428571,101035.0,112676.28571428572,1.0133261060960244,0.8571428571428571,0.1428571428571428,0.0,4.0,5.0,0.0264150943396226,1.25,4.0,1.8423709931771084,0.2857142857142857,6.011320754716981,44.16666666666666,41.866520700382495,0.5133677830420887,1.0,0
6.402990493516071,5423.704132703929,879.4285714285714,35.88758391761292,178.42857142857142,149844.85714285713,2.571428571428572,2.571428571428572,0.7380952380952381,6.0,1.3354882654943754,0.0,0.2952380952380952,1.2857142857142858,76998.0,72846.85714285714,1.1231342226161876,0.7142857142857143,0.2857142857142857,0.0,3.0,5.0,0.0313901345291479,1.25,4.0,1.6644977792004614,0.2857142857142857,5.600896860986548,37.16666666666666,34.328883206743306,0.5198458747778564,2.0,0
264.9932300805095,370993.00905491743,1400.009457661132,166.48017166174452,42453.333333333336,59435105.0,1.0,1.0,1.0,0.0,0.0,0.0,0.0,0.0,30570.0,59404535.0,1919.1338434146096,1.0,0.0,0.0,1.0,1.0,0.0127118644067796,1.0,1.0,0.0,1.0,539.6610169491526,118.0,64.0,0.6483516483516484,3.0,5
14.361869433153837,12232.315411463393,970.4,15.930541005815495,221.4,190924.4,2.6,3.0,0.5166666666666667,0.0,0.0,0.0,0.0,0.0,94027.6,96896.8,1.00624691277784,0.6,0.4,0.0,4.0,3.0,0.0222222222222222,0.75,4.0,1.9219280948873625,0.4,4.92,56.25,30.053078045351693,0.651772813600472,1.0,0
10.60425791188472,7440.4707177577,818.0,34.3546253784394,260.25,199278.5,2.75,2.75,0.75,3.75,0.7974745238660718,0.0,0.1666666666666666,0.75,88543.25,110735.25,1.2281969567447306,0.75,0.25,0.0,3.0,3.0,0.0384615384615384,1.0,3.0,1.5,0.5,10.009615384615383,34.666666666666664,18.92675942210452,0.6468455032011842,2.0,0
318.69207443490774,446175.94899913017,1400.022177156688,131.41629148204433,41739.5,58436231.5,1.0,1.0,1.0,0.0,0.0,0.0,0.0,0.0,16340.0,58419891.5,5882.653339007984,1.0,0.0,0.0,1.0,1.0,0.0476190476190476,1.0,1.0,0.0,1.0,1987.595238095238,42.0,0.0,1.0,2.0,5
102.7818182685018,6166.909096110108,60.0,0.0532002320345189,1.944,116.64,1.0,0.12,1.0,0.0,0.0,0.0,0.0,0.0,7.2,60.0,0.12,1.0,0.0,0.0,125.0,1.0,17.755681818181817,1.0,1.0,0.0,1.0,34.51704545454545,0.0567741935483871,0.0452332376205811,0.5565691920458674,1.0,2
6.483708346715769,1148.8423884394138,191.7257252007252,1.4658013700630863,8.5,1522.0,1.0,1.0,1.0,0.0,0.0,0.0,0.0,0.0,636.6666666666666,885.3333333333334,1.4062296431343588,1.0,0.0,0.0,1.0,1.0,0.0041645747053539,1.0,1.0,0.0,1.0,0.0353988849955089,288.144669,142.93717391957478,0.6684221888087223,6.0,3
30.217178944731643,37020.39580189153,955.4285714285714,25.901271856443707,255.8571428571429,238870.2857142857,2.857142857142857,3.2857142857142856,0.6380952380952382,2.142857142857143,0.4366521088758506,0.0,0.0857142857142857,0.4285714285714285,111754.71428571428,127115.57142857143,1.088767735373397,0.7142857142857143,0.1428571428571428,0.1428571428571428,4.0,5.0,0.0260223048327137,0.8333333333333334,6.0,2.5216406363433186,0.2857142857142857,6.657992565055762,44.833333333333336,37.53849875646186,0.5442799097203472,2.0,0
328.106465877756,459356.2363601831,1400.0181271446404,117.43862437053257,36309.0,50833269.0,1.0,1.0,1.0,0.0,0.0,0.0,0.0,0.0,22702.5,50810566.5,2436.589265492289,1.0,0.0,0.0,1.0,1.0,0.0196078431372549,1.0,1.0,0.0,1.0,711.9411764705883,102.0,0.0,1.0,2.0,5
93.85451011218608,5631.270606731166,60.0,0.0509221246735656,2.011904761904762,120.71428571428572,1.0,0.125,1.0,0.0,0.0,0.0,0.0,0.0,7.5,60.0,0.125,1.0,0.0,0.0,168.0,1.0,27.36156351791531,1.0,1.0,0.0,1.0,55.04885993485343,0.0367664670658682,0.0321536256432986,0.533465142320942,1.0,2
624.9584902020305,874949.1550151809,1400.011630744205,78.69322646389134,49180.0,68852572.0,1.0,1.0,1.0,0.0,0.0,0.0,0.0,0.0,49399.0,68803173.0,1392.804975809227,1.0,0.0,0.0,1.0,1.0,1.0,1.0,1.0,0.0,1.0,49180.0,0.0,0.0,0.0,0.0,5
219.20883183833595,271545.83036865585,1197.428571428571,16.901966310919246,226.8571428571429,272611.71428571426,3.142857142857143,2.7142857142857144,1.2619047619047616,7.285714285714286,1.4058370299228604,0.0,0.2682539682539682,1.2857142857142858,134400.42857142858,138211.2857142857,0.9899448037333756,1.0,0.0,0.0,3.0,4.0,0.0404624277456647,0.8,5.0,2.235926350629033,0.5714285714285714,9.179190751445086,28.83333333333333,11.682132605916705,0.711662390272564,3.0,0
187.6297263410356,11257.783580462134,60.0,0.0509281098088025,2.2205882352941178,133.23529411764707,1.0,0.0735294117647058,1.0,0.0,0.0,0.0,0.0,0.0,4.411764705882353,60.0,0.0735294117647058,1.0,0.0,0.0,68.0,1.0,15.887850467289718,1.0,1.0,0.0,1.0,35.2803738317757,0.0638805970149253,0.0543058014514597,0.5405071805542367,1.0,2
8.393641670152341,6328.543308396933,769.0,41.23454771723172,338.5,266341.0,2.5,3.0,0.75,0.0,0.0,0.0,0.0,0.0,136142.5,130198.5,1.0443757226412227,1.0,0.0,0.0,2.0,2.0,0.03125,1.0,2.0,1.0,0.5,10.578125,64.0,0.0,1.0,1.0,0
1014.4601178550656,60867.60707130394,60.0,0.2438583516850529,120.2741935483871,7216.451612903225,117.6774193548387,2.596774193548387,59.45725806451612,0.0,0.0,0.0,0.0,0.0,155.80645161290323,7060.645161290323,44.81209677419354,1.0,0.0,0.0,1.0,1.0,63.72045220966084,0.0161290322580645,62.0,5.954196310386873,1.0,7663.926002055498,0.0159508196721311,0.0178219115729773,0.4722987772699435,62.0,1
11.553588713427214,1184.3727470376289,131.9957264957265,0.2567553572848262,2.025641025641025,211.30769230769232,0.0,0.0,0.0,61.256410256410255,4.727025738387079,0.2212311922666408,0.4980554148209798,3.0,63.0,147.43589743589743,2.3408471222979963,0.0,1.0,0.0,1.0,1.0,0.1344827586206896,1.0,1.0,0.0,1.0,0.2724137931034482,7.631578947368421,7.750793007413325,0.4961249779814404,39.0,4
12.154410186377532,7585.439818247077,732.0,34.11826397462936,288.1428571428572,211595.2857142857,2.857142857142857,2.4285714285714284,1.130952380952381,3.857142857142857,0.8964086565979204,0.0,0.2023809523809523,0.8571428571428571,101384.14285714286,110211.14285714286,1.0422834329365205,0.8571428571428571,0.1428571428571428,0.0,3.0,5.0,0.0546875,1.25,4.0,1.950212064914747,0.2857142857142857,15.7578125,21.33333333333333,14.278966660402595,0.5990439633802306,1.0,0
215.51737785351992,301727.6195315573,1400.0145274374834,229.72952229684523,45214.25,63300671.75,1.0,1.0,1.0,0.0,0.0,0.0,0.0,0.0,31176.5,63269495.25,2312.040964459736,1.0,0.0,0.0,1.0,1.0,0.032258064516129,1.0,1.0,0.0,1.0,1458.524193548387,41.333333333333336,34.30581421404962,0.5464542458974794,4.0,5
12.25014868501617,10694.296145128268,832.1666666666666,28.34001478149461,252.33333333333331,213238.16666666663,2.333333333333333,2.5,0.7638888888888888,4.5,1.0075477729453033,0.0,0.2222222222222222,1.0,114613.16666666669,98625.0,0.8779048442836977,0.8333333333333334,0.1666666666666666,0.0,3.0,4.0,0.0253164556962025,0.6666666666666666,6.0,2.584962500721156,0.3333333333333333,6.388185654008439,47.4,50.52761621133536,0.4840309795523576,2.0,0
7.367661249718087,1284.6445080493509,202.5942857142857,1.0775237839704028,7.6,1291.0,1.0,1.0,1.0,0.0,0.0,0.0,0.0,0.0,526.0,765.0,1.4554261348692343,1.0,0.0,0.0,1.0,1.0,0.0083335995918402,1.0,1.0,0.0,1.0,0.0633353568979862,149.9952075,51.99496637621047,0.7425866546950173,5.0,3
97.49464557822138,5849.678734693284,60.0,0.0553432253841481,2.1475409836065573,128.85245901639345,1.0,0.1229508196721311,1.0,0.0,0.0,0.0,0.0,0.0,7.377049180327869,60.0,0.1229508196721311,1.0,0.0,0.0,122.0,1.0,15.56122448979592,1.0,1.0,0.0,1.0,33.41836734693877,0.064793388429752,0.0616186508948818,0.5125571011741901,1.0,2
779.6825723147477,46780.95433888485,60.0,0.272976571345857,128.93548387096774,7736.129032258064,126.25806451612904,2.677419354838709,71.34139784946237,0.0,0.0,0.0,0.0,0.0,160.6451612903226,7575.483870967741,61.98655913978495,1.0,0.0,0.0,1.0,1.0,32.091097308488614,0.032258064516129,31.0,4.954196310386877,1.0,4137.68115942029,0.0322,0.0298456026911838,0.5189731198239348,31.0,1
20.14645023407827,25521.612161546516,989.0,9.297830470001085,110.5,127060.5,1.5,2.0,0.375,6.0,1.6258145836939113,0.0,0.4166666666666667,1.5,67820.5,59240.0,0.9255693176267232,0.5,0.5,0.0,2.0,2.0,0.0127388535031847,1.0,2.0,1.0,0.5,1.4076433121019107,157.0,0.0,1.0,1.0,0
32.6109694914946,41094.2236448072,1085.0,25.102056261331807,318.85714285714283,353730.14285714284,1.4285714285714286,1.1428571428571428,0.6071428571428571,0.0,0.0,0.0,0.0,0.0,159556.85714285713,194173.2857142857,1.1804882388294782,0.5714285714285714,0.2857142857142857,0.1428571428571428,4.0,5.0,0.0308370044052863,1.25,4.0,1.950212064914747,0.2857142857142857,9.832599118942731,37.833333333333336,30.650811118504222,0.5524393074653967,2.0,0
907.766901438079,54466.01408628473,60.0,0.2441597237066512,119.29268292682929,7157.5609756097565,116.78048780487804,2.5121951219512195,59.93455284552845,0.0,0.0,0.0,0.0,0.0,150.73170731707316,7006.829268292683,38.81260162601626,1.0,0.0,0.0,1.0,1.0,42.181069958847736,0.024390243902439,41.0,5.357552004618081,1.0,5031.893004115226,0.0243,0.0260107670013784,0.4829980031776139,41.0,1
8.039707747714376,9144.254379067655,1035.5,44.1378014606462,290.5,325710.5,1.0,1.0,0.5,13.5,3.220763631426055,0.0,0.75,3.0,178610.5,147100.0,0.7663641639575658,0.5,0.5,0.0,2.0,2.0,0.0074349442379182,1.0,2.0,1.0,0.5,2.159851301115242,269.0,0.0,1.0,1.0,0
224.3489636741573,148459.58791128342,921.8571428571428,30.25270753561417,291.1428571428572,269714.14285714284,2.571428571428572,2.571428571428572,0.5833333333333334,7.285714285714286,1.764077853206781,0.0,0.4142857142857142,1.7142857142857142,124790.28571428572,144923.85714285713,1.0974434758616824,0.5714285714285714,0.4285714285714285,0.0,5.0,4.0,0.0267175572519083,1.0,4.0,1.8423709931771088,0.4285714285714285,7.778625954198473,43.66666666666666,15.912957683040016,0.732912755715984,2.0,0
9.10669924811397,9271.771847769129,1089.2857142857142,32.34863040976575,258.7142857142857,272290.5714285714,2.7142857142857144,3.0,0.8690476190476192,3.857142857142857,0.9274075851899534,0.0,0.2142857142857142,0.8571428571428571,140293.85714285713,131996.7142857143,1.0726470276611666,1.0,0.0,0.0,4.0,5.0,0.0295358649789029,0.8333333333333334,6.0,2.521640636343318,0.2857142857142857,7.641350210970464,39.5,32.26324017619226,0.5504210777414741,1.0,0
53.45646106138324,39703.74980865925,1064.75,23.364153934521187,246.75,290236.5,2.5,2.75,0.9375,3.75,0.8100559822354629,0.0,0.1666666666666666,0.75,130547.25,159689.25,1.2519415788763082,1.0,0.0,0.0,3.0,3.0,0.0208333333333333,0.75,4.0,2.0,0.5,5.140625,64.0,59.53710327742412,0.5180629810970785,1.0,0
8.325250219282616,775.815792582898,118.19808663558663,1.3805033478666573,10.125,993.75,1.0,1.0,1.0,0.0,0.0,0.0,0.0,0.0,400.625,593.125,1.479331121844518,1.0,0.0,0.0,1.0,1.0,0.0055536676209582,1.0,1.0,0.0,1.0,0.0562308846622021,205.78421700000004,83.40616014171398,0.7115873599734549,8.0,3
74.843118951164,4490.587137069839,60.0,0.0536103292057077,2.076923076923077,124.6153846153846,1.0,0.0879120879120879,1.0,0.0,0.0,0.0,0.0,0.0,5.274725274725275,60.0,0.0879120879120879,1.0,0.0,0.0,182.0,1.0,49.72677595628415,1.0,1.0,0.0,1.0,103.27868852459017,0.0202209944751381,0.0135416607477295,0.5989160017676071,1.0,2
848.9034666988125,50934.20800192877,60.0,0.2882096273204196,119.10810810810813,7146.486486486487,116.48648648648648,2.621621621621621,58.53671171171172,0.0,0.0,0.0,0.0,0.0,157.2972972972973,6989.189189189189,47.57725225225225,1.0,0.0,0.0,1.0,1.0,75.81967213114754,0.0135135135135135,74.0,6.2094533656289554,1.0,9030.737704918032,0.0133698630136986,0.0130378866777683,0.5062855854779156,74.0,1
7.709906680260117,915.31301641168,130.05,0.3084689897565403,1.95,208.8,0.0,0.0,0.0,61.25,4.697199920657195,0.2140060240869611,0.4865134938009527,3.0,62.05,145.8,2.34975684664477,0.0,1.0,0.0,1.0,1.0,0.0754716981132075,1.0,1.0,0.0,1.0,0.1471698113207547,13.947368421052632,13.86579921287029,0.5014663775312462,20.0,4
18.617587998913244,22350.189510240707,1046.75,21.18673367624456,181.25,194053.5,3.0,2.75,1.0,0.0,0.0,0.0,0.0,0.0,109590.75,84462.75,0.8732510653583655,0.75,0.25,0.0,3.0,3.0,0.0155642023346303,1.5,2.0,1.0,0.5,2.821011673151751,85.66666666666667,51.227162933567016,0.6257891017939674,1.0,0
10.267921484911383,1075.2537250466185,132.0625,0.3018745179177827,1.9375,217.1875,0.0,0.0,0.0,63.75,4.743305169788188,0.2420443986785487,0.4815559117690755,3.0,64.6875,151.5,2.342332045855083,0.0,1.0,0.0,1.0,1.0,0.0663900414937759,1.0,1.0,0.0,1.0,0.1286307053941908,16.066666666666666,11.33999804036824,0.5862321022427285,16.0,4
74.9203499950428,58127.18135503101,1078.0,10.906156716720432,342.0,333184.0,3.6666666666666665,3.333333333333333,1.388888888888889,0.0,0.0,0.0,0.0,0.0,177340.33333333334,155843.66666666666,0.8816097326042925,1.0,0.0,0.0,3.0,3.0,0.0517241379310344,1.0,3.0,1.584962500721156,0.3333333333333333,17.689655172413794,29.0,29.0,0.5,1.0,0
104.48781043393852,6269.268626036311,60.0,0.0461679254720347,1.8789808917197448,112.73885350318471,1.0,0.10828025477707,1.0,0.0,0.0,0.0,0.0,0.0,6.496815286624204,60.0,0.10828025477707,1.0,0.0,0.0,157.0,1.0,16.286307053941908,1.0,1.0,0.0,1.0,30.601659751037342,0.0617948717948717,0.0743561007402301,0.4538702195383882,1.0,2
32.43505064846485,34221.031970467484,1084.5,24.318091600316343,365.5,394479.0,1.0,1.0,0.75,0.0,0.0,0.0,0.0,0.0,207362.0,187117.0,0.9396766639492828,1.0,0.0,0.0,2.0,2.0,0.0263157894736842,1.0,2.0,1.0,0.5,9.61842105263158,76.0,0.0,1.0,1.0,0
94.48144673978294,5668.886804386977,60.0,0.0506540655911618,1.8784530386740328,112.707182320442,1.0,0.1381215469613259,1.0,0.0,0.0,0.0,0.0,0.0,8.287292817679559,60.0,0.1381215469613259,1.0,0.0,0.0,181.0,1.0,27.76073619631902,1.0,1.0,0.0,1.0,52.14723926380368,0.0362222222222222,0.0322172409942867,0.529259297485032,1.0,2
24.034040892676344,27180.284761340317,1038.0,28.608503886331505,293.3333333333333,334696.8333333333,0.8333333333333334,0.8333333333333334,0.5,5.166666666666667,1.073840576676106,0.0,0.2263888888888889,1.0,151424.83333333334,183272.0,1.097651006303914,0.5,0.3333333333333333,0.1666666666666666,4.0,4.0,0.0215827338129496,1.0,4.0,1.9182958340544891,0.5,6.330935251798561,55.6,41.85020907952552,0.5705477753734411,1.0,0
1053.6323188641104,63217.93913184665,60.0,0.2799436132872948,131.33333333333334,7880.0,128.88888888888889,2.4444444444444446,70.08148148148148,0.0,0.0,0.0,0.0,0.0,146.66666666666666,7733.333333333333,56.1925925925926,1.0,0.0,0.0,1.0,1.0,36.62258392675484,0.0277777777777777,36.0,5.1699250014423095,1.0,4809.766022380468,0.0280857142857142,0.0216984152529578,0.5641499519218746,36.0,1
9.76793621058735,862.6228689501459,101.73529411764706,0.2893274422658405,2.3529411764705883,206.23529411764707,0.0,0.0,0.0,62.11764705882353,4.7459943909653015,0.2393524523210312,0.4906862606436094,3.0,61.41176470588236,143.88235294117646,2.343469763132524,0.0,1.0,0.0,1.0,1.0,0.0590277777777777,1.0,1.0,0.0,1.0,0.1388888888888889,18.0,16.54161418967327,0.521110562498882,17.0,4
183.8213126537969,257354.27989139385,1400.0241657292838,290.1730992448021,53340.0,74677289.0,1.0,1.0,1.0,0.0,0.0,0.0,0.0,0.0,20236.0,74657053.0,3689.318689464321,1.0,0.0,0.0,1.0,1.0,1.0,1.0,1.0,0.0,1.0,53340.0,0.0,0.0,0.0,0.0,5
11.092978825950247,1171.1677292650922,125.7439024390244,0.2521633951980765,2.024390243902439,210.90243902439025,0.0,0.0,0.0,62.75609756097561,4.719958457107359,0.2309231955238588,0.484505892739465,3.0,62.829268292682926,147.17073170731706,2.343033897805528,0.0,1.0,0.0,1.0,1.0,0.140893470790378,1.0,1.0,0.0,1.0,0.2852233676975945,7.275,7.529898737698934,0.4913914055673389,41.0,4
18.000887421490724,14946.770971486909,807.5,31.74234417107525,295.5,241504.5,2.5,2.0,1.0,4.5,0.8480368059161335,0.0,0.1666666666666666,0.75,128372.0,113132.5,0.9130541351882934,0.75,0.25,0.0,3.0,3.0,0.0178571428571428,1.0,3.0,1.5,0.5,5.276785714285714,74.66666666666667,30.652170486860395,0.7089583277284232,1.0,0
8.310978945086754,939.5420369316504,135.2733333333333,1.3064052468284544,9.2,1105.8,1.0,1.0,1.0,0.0,0.0,0.0,0.0,0.0,444.4,661.4,1.5086661157135048,1.0,0.0,0.0,1.0,1.0,0.0059618369865381,1.0,1.0,0.0,1.0,0.0548489002761512,209.66692025,156.38879891792283,0.5727732398952584,5.0,3
4.773880657933652,4300.174269915655,1030.0,40.60844277940843,159.66666666666666,138529.33333333334,2.0,2.0,0.6666666666666666,4.333333333333333,1.079633752200877,0.0,0.2564102564102564,1.0,75598.33333333333,62931.0,0.858275522837865,0.6666666666666666,0.3333333333333333,0.0,3.0,2.0,0.0204081632653061,0.6666666666666666,3.0,1.584962500721156,0.6666666666666666,3.258503401360544,73.5,13.5,0.8448275862068966,1.0,0
91.58728137381584,5495.236882428952,60.0,0.0502927678645908,1.967741935483871,118.06451612903226,1.0,0.1225806451612903,1.0,0.0,0.0,0.0,0.0,0.0,7.354838709677419,60.0,0.1225806451612903,1.0,0.0,0.0,155.0,1.0,33.33333333333333,1.0,1.0,0.0,1.0,65.59139784946235,0.0301948051948051,0.0293096052519815,0.5074381036311185,1.0,2
11.236275818603362,1085.643928014597,119.19753086419752,0.2466496477703947,2.037037037037037,203.22222222222223,0.0,0.0,0.0,62.03703703703704,4.717596492449559,0.255706887125662,0.4854694023649389,3.0,60.48148148148148,141.8148148148148,2.3454379325063752,0.0,1.0,0.0,1.0,1.0,0.1018867924528302,1.0,1.0,0.0,1.0,0.2075471698113207,10.192307692307692,8.944354604438534,0.5326063413911355,27.0,4
7.646305131629626,883.1950647532817,141.68686868686868,0.2923768924073494,1.818181818181818,206.2121212121212,0.0,0.0,0.0,63.09090909090909,4.716916828048598,0.2267161159360953,0.4779031155532574,3.0,61.39393939393939,143.9090909090909,2.3440732342220127,0.0,1.0,0.0,1.0,1.0,0.1235955056179775,1.0,1.0,0.0,1.0,0.2247191011235955,8.34375,9.109093584846958,0.4780739573718677,33.0,4
102.17924806574187,6130.754883944513,60.0,0.0496722844267869,2.0,120.0,1.0,0.1095890410958904,1.0,0.0,0.0,0.0,0.0,0.0,6.575342465753424,60.0,0.1095890410958904,1.0,0.0,0.0,146.0,1.0,21.88905547226387,1.0,1.0,0.0,1.0,43.77811094452774,0.046,0.034429337930678,0.5719306062129634,1.0,2
77.4552426282188,4647.314557693127,60.0,0.0508507392510065,1.9558823529411764,117.3529411764706,1.0,0.088235294117647,1.0,0.0,0.0,0.0,0.0,0.0,5.294117647058823,60.0,0.088235294117647,1.0,0.0,0.0,136.0,1.0,38.20224719101124,1.0,1.0,0.0,1.0,74.71910112359551,0.0263703703703703,0.0213127472691608,0.5530336873046298,1.0,2
10.531353501179394,1064.9190154294674,114.58974358974358,0.2858574572344424,2.1153846153846154,205.73076923076923,0.0,0.0,0.0,64.53846153846153,4.683667765850196,0.2266598602923585,0.4617496864694273,3.0,61.19230769230769,143.53846153846155,2.3464262082274456,0.0,1.0,0.0,1.0,1.0,0.0948905109489051,1.0,1.0,0.0,1.0,0.2007299270072992,10.96,12.028233453005477,0.476765647191002,26.0,4
7.827991876106114,7675.658704708199,943.4,36.03191001631463,265.6,238226.2,1.6,2.0,0.4666666666666667,5.4,1.245789160896544,0.0,0.2799999999999999,1.2,122636.2,115590.0,0.9510199629982324,0.6,0.2,0.2,3.0,4.0,0.0214592274678111,1.0,4.0,1.9219280948873625,0.4,5.699570815450644,58.25,38.17312536327095,0.604108192723945,1.0,0
84.01252434789856,5040.751460873915,60.0,0.0491440299269768,1.9615384615384612,117.6923076923077,1.0,0.0769230769230769,1.0,0.0,0.0,0.0,0.0,0.0,4.615384615384615,60.0,0.0769230769230769,1.0,0.0,0.0,104.0,1.0,12.07897793263647,1.0,1.0,0.0,1.0,23.693379790940767,0.0835922330097087,0.0825898083574979,0.503016043863596,1.0,2
97.52124284646212,5851.274570787728,60.0,0.049983654906332,2.04,122.4,1.0,0.1333333333333333,1.0,0.0,0.0,0.0,0.0,0.0,8.0,60.0,0.1333333333333333,1.0,0.0,0.0,150.0,1.0,28.462998102466795,1.0,1.0,0.0,1.0,58.06451612903226,0.0353691275167785,0.0258681086840491,0.5775755032572889,1.0,2
20.905056578892943,20329.95334907382,1050.3333333333333,27.15630293958952,373.1666666666667,398422.6666666667,4.166666666666667,4.666666666666667,0.911111111111111,4.5,1.051365654919796,0.0,0.2388888888888889,1.0,180873.0,217549.66666666663,1.1492402002167383,1.0,0.0,0.0,4.0,3.0,0.0444444444444444,0.75,4.0,1.792481250360578,0.3333333333333333,16.585185185185185,27.0,24.584547992590792,0.5234125537724605,1.0,0
336.33943543520223,470879.1797044721,1400.011510225266,141.52184466215007,45048.0,63067726.75,1.0,1.0,1.0,0.0,0.0,0.0,0.0,0.0,23482.5,63044244.25,4184.690538301396,1.0,0.0,0.0,1.0,1.0,0.0251572327044025,1.0,1.0,0.0,1.0,1133.2830188679245,53.0,41.44876355212541,0.5611508081918911,4.0,5
1660.9318154049315,99655.9089242959,60.0,0.207677347820891,133.8095238095238,8028.571428571428,130.42857142857142,3.380952380952381,51.07142857142857,0.0,0.0,0.0,0.0,0.0,202.8571428571429,7825.714285714285,41.07142857142857,1.0,0.0,0.0,1.0,1.0,22.925764192139734,0.0476190476190476,21.0,4.39231742277876,1.0,3067.6855895196504,0.0458,0.0315382307683864,0.5922038756894041,21.0,1
1325.707354053499,79542.44124320993,60.0,0.248344297506131,126.1842105263158,7571.0526315789475,123.84210526315788,2.3421052631578947,73.09320175438597,0.0,0.0,0.0,0.0,0.0,140.52631578947367,7430.526315789473,38.68530701754386,1.0,0.0,0.0,1.0,1.0,78.26982492276004,0.0131578947368421,76.0,6.247927513443591,1.0,9876.416065911431,0.0129466666666666,0.0134748094193902,0.4900054268163633,76.0,1
562.3853327313649,787348.9537631341,1400.0235201088367,96.1585904665509,31788.5,44504593.75,1.0,1.0,1.0,0.0,0.0,0.0,0.0,0.0,33469.0,44471124.75,1339.2079466390817,1.0,0.0,0.0,1.0,1.0,0.0097323600973236,1.0,1.0,0.0,1.0,309.37712895377126,137.0,23.62202362203543,0.8529340927890366,4.0,5
9.098801704553136,1141.152258908702,132.67751577126575,1.3253074734298442,10.5,1315.3333333333333,1.0,1.0,1.0,0.0,0.0,0.0,0.0,0.0,526.75,788.5833333333334,1.4919136729881248,1.0,0.0,0.0,1.0,1.0,0.0090877734785944,1.0,1.0,0.0,1.0,0.0954216215252421,120.04140436363636,1.993247937269505,0.983666541431571,12.0,3
16.291222079821644,11905.54652710758,862.1666666666666,33.628594514253024,279.5,255315.66666666663,2.0,1.8333333333333333,0.8055555555555555,6.166666666666667,1.5959154874519348,0.0,0.3920940170940171,1.5,124898.16666666669,130417.5,0.9956961730236032,0.6666666666666666,0.3333333333333333,0.0,3.0,5.0,0.024,1.25,4.0,1.7924812503605778,0.3333333333333333,6.708,50.0,38.86386496477158,0.5626583991121877,1.0,0
682.3345550892595,955285.5584104416,1400.0334249831435,56.83118936142012,38960.0,54544978.5,1.0,1.0,1.0,0.0,0.0,0.0,0.0,0.0,14251.0,54530727.5,7026.56569318656,1.0,0.0,0.0,1.0,1.0,0.0044543429844097,1.0,1.0,0.0,1.0,173.54120267260578,449.0,0.0,1.0,2.0,5
8.87024272910015,883.952823004572,111.51744793667868,1.2784855310114207,10.538461538461538,1059.2307692307693,1.0,1.0,1.0,0.0,0.0,0.0,0.0,0.0,408.5384615384616,650.6923076923077,1.620157640853,1.0,0.0,0.0,1.0,1.0,0.0090371107974719,1.0,1.0,0.0,1.0,0.0952372445579733,119.87607075,1.539713353672642,0.9873186722382162,13.0,3
100.02717746861246,6001.630648116748,60.0,0.0500450289190128,2.0,120.0,1.0,0.0977011494252873,1.0,0.0,0.0,0.0,0.0,0.0,5.862068965517241,60.0,0.0977011494252873,1.0,0.0,0.0,174.0,1.0,23.513513513513512,1.0,1.0,0.0,1.0,47.02702702702703,0.0427745664739884,0.033819326835208,0.5584592273083028,1.0,2
111.8781264862199,6712.6875891731925,60.0,0.0466387405005964,1.9606741573033708,117.64044943820224,1.0,0.0898876404494382,1.0,0.0,0.0,0.0,0.0,0.0,5.393258426966292,60.0,0.0898876404494382,1.0,0.0,0.0,178.0,1.0,20.15855039637599,1.0,1.0,0.0,1.0,39.52434881087203,0.0498870056497175,0.0453609341936524,0.5237594191722567,1.0,2
9.582216063744598,1075.6121982068548,124.16666666666669,0.2887712031154046,2.0869565217391304,211.3913043478261,0.0,0.0,0.0,62.43478260869565,4.745985153638748,0.2242774429755444,0.4911010059008759,3.0,62.95652173913044,147.56521739130434,2.3441257847042585,0.0,1.0,0.0,1.0,1.0,0.0766666666666666,1.0,1.0,0.0,1.0,0.16,13.636363636363637,12.058740528782264,0.5306989046909827,23.0,4
7.957184971932554,1202.4146553197445,160.94689754689756,1.3459053389535134,9.363636363636363,1351.6363636363635,1.0,1.0,1.0,0.0,0.0,0.0,0.0,0.0,551.4545454545455,800.1818181818181,1.459631877364127,1.0,0.0,0.0,1.0,1.0,0.0061211975830811,1.0,1.0,0.0,1.0,0.057316668277942,179.7033971,80.38088648359368,0.6909429305913501,11.0,3
259.0139906579528,362622.59674309887,1400.0097073980523,229.39657226918007,48246.0,67544934.66666667,1.0,1.0,1.0,0.0,0.0,0.0,0.0,0.0,17000.0,67527934.66666667,3908.757865871156,1.0,0.0,0.0,1.0,1.0,0.0652173913043478,1.0,1.0,0.0,1.0,3146.478260869565,23.0,10.0,0.696969696969697,3.0,5
929.3491180434283,55760.9470826057,60.0,0.27810974064409,145.42424242424244,8725.454545454546,142.4848484848485,2.9393939393939394,76.47171717171717,0.0,0.0,0.0,0.0,0.0,176.36363636363637,8549.09090909091,41.22929292929293,1.0,0.0,0.0,1.0,1.0,34.33922996878252,0.0303030303030303,33.0,5.044394119358456,1.0,4993.75650364204,0.03003125,0.031739648287867,0.4861714955163394,33.0,1
10.501220395550016,9349.493173757171,936.8,28.06633811087177,173.8,163101.2,0.6,0.8,0.3,6.0,1.3026259048523816,0.0,0.2799999999999999,1.2,82651.0,80450.2,0.9732548467770892,0.4,0.6,0.0,3.0,3.0,0.0384615384615384,0.75,4.0,1.9219280948873625,0.6,6.684615384615385,32.5,40.80747480548141,0.4433381464337369,2.0,0
4.180431780220783,3572.2025456065894,800.3333333333334,36.422189313067015,179.0,159948.66666666666,3.6666666666666665,3.333333333333333,1.0,4.0,0.972765278018163,0.0,0.2222222222222222,1.0,77112.66666666667,82836.0,0.8892832088586106,1.0,0.0,0.0,2.0,3.0,0.0229007633587786,1.5,2.0,0.9182958340544896,0.3333333333333333,4.099236641221374,65.5,46.5,0.5848214285714286,1.0,0
9.659638632240924,1029.352793282273,122.84848484848484,0.3092934673198787,2.0,219.3636363636364,0.0,0.0,0.0,63.54545454545455,4.761378025992806,0.2310009838225033,0.4848183678205359,3.0,65.36363636363636,153.0909090909091,2.3424627172171646,0.0,1.0,0.0,1.0,1.0,0.0493273542600896,1.0,1.0,0.0,1.0,0.0986547085201793,22.3,16.822901057784296,0.5699986298833778,11.0,4
1096.3079046066514,65778.4742763991,60.0,0.2379703034184208,125.9090909090909,7554.545454545455,123.13636363636364,2.772727272727273,61.15265151515152,0.0,0.0,0.0,0.0,0.0,166.36363636363637,7388.181818181818,39.81174242424243,1.0,0.0,0.0,1.0,1.0,47.41379310344827,0.0227272727272727,44.0,5.459431618637296,1.0,5969.827586206896,0.0215813953488372,0.0173530140242961,0.554301341571895,44.0,1
742.5216946600453,44551.30167960272,60.0,0.2605547962640374,134.41176470588235,8064.705882352941,132.1764705882353,2.235294117647059,80.20653594771242,0.0,0.0,0.0,0.0,0.0,134.11764705882354,7930.588235294118,39.65751633986928,1.0,0.0,0.0,1.0,1.0,53.014553014553016,0.0196078431372549,51.0,5.6724253419715005,1.0,7125.779625779626,0.01924,0.017560820026411,0.5228144369117838,51.0,1
9.05415589184271,1096.224878002526,132.53455988455988,1.286982032211938,11.090909090909092,1270.6363636363635,1.0,1.0,1.0,0.0,0.0,0.0,0.0,0.0,495.27272727272725,775.3636363636364,1.5634318494154171,1.0,0.0,0.0,1.0,1.0,0.0083238030643797,1.0,1.0,0.0,1.0,0.0923185430776668,132.1511323,35.66003687014149,0.7874990261584659,11.0,3
8.412173608193843,948.9542811672776,117.36172882672882,1.3185932203057786,10.6,1138.7333333333331,1.0,1.0,1.0,0.0,0.0,0.0,0.0,0.0,450.1333333333333,688.6,1.5584156222317551,1.0,0.0,0.0,1.0,1.0,0.0078058747150488,1.0,1.0,0.0,1.0,0.0827422719795181,137.259258,41.93640644537765,0.765974212740171,15.0,3
75.59260187209796,4535.556112325877,60.0,0.0517097511816168,2.0069444444444446,120.41666666666669,1.0,0.1041666666666666,1.0,0.0,0.0,0.0,0.0,0.0,6.25,60.0,0.1041666666666666,1.0,0.0,0.0,144.0,1.0,15.157894736842104,1.0,1.0,0.0,1.0,30.42105263157895,0.0664335664335664,0.0667361530060714,0.4988639062476879,1.0,2
1677.7045961008407,100662.27576605044,60.0,0.2228951463995698,141.5681818181818,8494.09090909091,139.25,2.3181818181818183,79.89545454545454,0.0,0.0,0.0,0.0,0.0,139.0909090909091,8355.0,41.73636363636364,1.0,0.0,0.0,1.0,1.0,46.16998950682057,0.0227272727272727,44.0,5.459431618637296,1.0,6536.201469045121,0.0221627906976744,0.0182959268977883,0.5477877702223526,44.0,1
1425.8306508359417,85549.83905015649,60.0,0.2370905956571245,129.23809523809524,7754.285714285715,127.11904761904762,2.119047619047619,82.50198412698413,0.0,0.0,0.0,0.0,0.0,127.14285714285714,7627.142857142857,54.62103174603174,1.0,0.0,0.0,1.0,1.0,43.38842975206612,0.0238095238095238,42.0,5.3923174227787625,1.0,5607.438016528926,0.0236097560975609,0.0207551087437503,0.5321723887136974,42.0,1
41.283072836783546,31669.52509220325,750.25,14.274068484811076,331.5,251792.75,2.25,2.25,0.5125,10.5,2.453771131281824,0.0,0.5583333333333333,2.25,124586.0,127206.75,1.0618794609932654,0.5,0.5,0.0,3.0,3.0,0.0164609053497942,0.75,4.0,2.0,0.5,5.45679012345679,81.0,45.723808531952656,0.6391853349292002,1.0,0
12.243510154836954,1153.4938927083351,118.20588235294116,0.2537169769913989,2.117647058823529,214.64705882352945,0.0,0.0,0.0,60.11764705882353,4.676396933384662,0.2549489599448547,0.4862175334390138,3.0,63.88235294117647,149.88235294117646,2.345846783244348,0.0,1.0,0.0,1.0,1.0,0.068,1.0,1.0,0.0,1.0,0.144,15.625,13.18557450397972,0.5423355927123792,17.0,4
12.4155130558128,12335.309488052491,1035.75,37.3633084074989,253.5,250882.75,2.0,2.25,0.6458333333333333,6.0,1.5684210940655057,0.0,0.3958333333333333,1.5,131523.25,119359.5,0.8339985651103222,0.75,0.25,0.0,4.0,4.0,0.021505376344086,1.0,4.0,2.0,0.25,5.451612903225806,62.0,42.19794623754415,0.5950213246876879,1.0,0
9.890462711562597,1130.25190188571,112.67936507936508,1.2213785894665483,10.0,1073.7142857142858,1.0,1.0,1.0,0.0,0.0,0.0,0.0,0.0,445.8571428571428,627.8571428571429,1.4449336801873447,1.0,0.0,0.0,1.0,1.0,0.0097271599312524,1.0,1.0,0.0,1.0,0.0972715993125249,119.9390855,1.7890169886047964,0.9853031719707266,7.0,3
6.732671200986409,8596.66829807059,1124.1666666666667,34.707464342339755,186.0,228843.0,2.333333333333333,2.5,0.638888888888889,2.0,0.5141604167868593,0.0,0.125,0.5,99622.16666666669,129220.83333333331,1.1514927937785775,0.6666666666666666,0.1666666666666666,0.1666666666666666,4.0,5.0,0.0218181818181818,1.25,4.0,1.9182958340544891,0.3333333333333333,4.058181818181819,55.0,18.471599822430107,0.7485885720867218,1.0,0
310.5789718221424,434819.0919882406,1400.0404250170918,125.62173462646282,41827.0,58558876.0,1.0,1.0,1.0,0.0,0.0,0.0,0.0,0.0,24328.0,58534548.0,6048.730796676612,1.0,0.0,0.0,1.0,1.0,0.0294117647058823,1.0,1.0,0.0,1.0,1230.2058823529412,68.0,0.0,1.0,2.0,5
770.7189152639479,46243.13491583687,60.0,0.2370280686594317,121.17647058823528,7270.588235294118,118.8529411764706,2.323529411764706,67.57352941176471,0.0,0.0,0.0,0.0,0.0,139.41176470588235,7131.176470588235,51.30882352941177,1.0,0.0,0.0,1.0,1.0,34.48275862068966,0.0294117647058823,34.0,5.087462841250338,1.0,4178.498985801217,0.0298787878787878,0.0378727995266432,0.441004986348006,34.0,1
9.479713185731796,982.2858190778566,112.16926406926407,1.218587236447013,10.25,1073.5,1.0,1.0,1.0,0.0,0.0,0.0,0.0,0.0,438.875,634.625,1.4983435113161483,1.0,0.0,0.0,1.0,1.0,0.0095512999958634,1.0,1.0,0.0,1.0,0.0979008249576003,119.65461700000002,1.9435875086077292,0.9840163140857056,8.0,3
861.5729061038973,51694.37436623384,60.0,0.2692297175460919,117.0,7020.0,114.53846153846152,2.4615384615384617,58.85128205128205,0.0,0.0,0.0,0.0,0.0,147.69230769230768,6872.307692307692,43.73589743589743,1.0,0.0,0.0,1.0,1.0,27.51322751322752,0.0384615384615384,26.0,4.70043971814109,1.0,3219.0476190476197,0.0378,0.0302112561804371,0.5557903518163934,26.0,1
7.1511832453592215,6640.850660664467,996.3333333333334,42.69542472122924,293.5,280389.0,1.8333333333333333,2.333333333333333,0.6388888888888888,0.0,0.0,0.0,0.0,0.0,144263.83333333334,136125.16666666666,1.0099962657175,0.8333333333333334,0.0,0.1666666666666666,3.0,3.0,0.0210526315789473,0.75,4.0,1.9182958340544891,0.5,6.178947368421053,57.0,37.26660703632677,0.6046679921134147,2.0,0
3.9386593928154743,5071.478123905122,1220.4,45.54964058435058,171.2,222878.6,3.0,3.6,0.6599999999999999,4.8,1.2339850002884625,0.0,0.3,1.2,95586.4,127292.2,1.3083021543423272,0.8,0.0,0.2,3.0,4.0,0.05,1.0,4.0,1.9219280948873625,0.4,8.56,25.0,10.88577052853862,0.6966549591047078,2.0,0
14.408520301642769,1430.3951266639676,123.37878787878788,0.232902637791141,2.090909090909091,202.63636363636363,0.0,0.0,0.0,59.90909090909091,4.67841115305825,0.2340550926609354,0.4960435650577117,3.0,60.36363636363637,141.45454545454547,2.342814131962712,0.0,1.0,0.0,1.0,1.0,0.0419847328244274,1.0,1.0,0.0,1.0,0.0877862595419847,26.2,17.2673101553195,0.6027518129458871,11.0,4
9.3951467349089,854.527015149673,99.069898989899,1.2900905363731656,11.2,1059.4,1.0,1.0,1.0,0.0,0.0,0.0,0.0,0.0,425.9,633.5,1.5014452679158534,1.0,0.0,0.0,1.0,1.0,0.0092720519866523,1.0,1.0,0.0,1.0,0.1038469822505062,119.834435,2.187975804874856,0.9820690659163124,10.0,3
199.18654200378816,188357.6025032164,909.2857142857144,20.17878709590834,176.0,163131.42857142858,2.7142857142857144,2.142857142857143,1.25,2.142857142857143,0.4628891327059788,0.0,0.0952380952380952,0.4285714285714285,92368.42857142857,70763.0,0.8323324600212682,1.0,0.0,0.0,3.0,5.0,0.0291666666666666,1.0,5.0,2.235926350629033,0.2857142857142857,5.133333333333334,40.0,51.93906686364963,0.4350707633276511,2.0,0
1363.3644813460994,81801.86888076598,60.0,0.2283989645154844,129.3846153846154,7763.076923076923,126.32692307692308,3.0576923076923075,51.63173076923078,0.0,0.0,0.0,0.0,0.0,183.46153846153845,7579.615384615385,45.95865384615385,1.0,0.0,0.0,1.0,1.0,52.68490374873354,0.0192307692307692,52.0,5.700439718141095,1.0,6816.6160081053695,0.0193529411764705,0.0200204048160005,0.4915239151930644,52.0,1
7.467013583449845,4936.902942782216,914.6666666666666,30.02408452982711,174.66666666666666,122814.33333333331,3.0,2.333333333333333,1.4444444444444444,0.0,0.0,0.0,0.0,0.0,71118.66666666667,51695.66666666666,0.7729251239458971,1.0,0.0,0.0,2.0,2.0,0.0165745856353591,0.6666666666666666,3.0,1.584962500721156,0.6666666666666666,2.8950276243093924,90.5,35.5,0.7182539682539683,1.0,0
6.629096195578763,5968.152677325865,876.25,36.79086506179426,248.75,224790.0,4.25,3.75,1.3333333333333333,0.0,0.0,0.0,0.0,0.0,105853.75,118936.25,1.08114600514476,1.0,0.0,0.0,3.0,3.0,0.0188679245283018,0.75,4.0,2.0,0.5,4.693396226415095,70.66666666666667,36.38070306571267,0.6601438862377917,1.0,0
14.189589460248587,10545.34561536895,697.8,25.696586482145715,264.6,200952.0,1.4,1.8,0.6,5.6,1.353260934544794,0.0,0.3158974358974359,1.2,99958.2,100993.8,0.9985594932175536,0.8,0.2,0.0,3.0,3.0,0.0263157894736842,0.6,5.0,2.321928094887362,0.4,6.963157894736842,47.5,20.524375751773796,0.6982791017933214,2.0,0
1077.4666205994088,64647.99723596454,60.0,0.2886137759145806,133.85714285714286,8031.428571428572,131.0,2.857142857142857,62.22653061224489,0.0,0.0,0.0,0.0,0.0,171.42857142857142,7860.0,46.124489795918365,1.0,0.0,0.0,1.0,1.0,53.03030303030303,0.0204081632653061,49.0,5.614709844115208,1.0,7098.484848484848,0.01925,0.0185949141792408,0.5086548725894384,49.0,1
56.53016719394447,3391.810031636669,60.0,0.0578017915392529,1.9518072289156627,117.10843373493977,1.0,0.1325301204819277,1.0,0.0,0.0,0.0,0.0,0.0,7.951807228915663,60.0,0.1325301204819277,1.0,0.0,0.0,83.0,1.0,16.46825396825397,1.0,1.0,0.0,1.0,32.142857142857146,0.0614634146341463,0.0405487346414558,0.6025107310315859,1.0,2
1210.1742045994797,72610.45227596878,60.0,0.2530531423105597,131.3050847457627,7878.305084745762,128.83050847457628,2.4745762711864407,72.68022598870058,0.0,0.0,0.0,0.0,0.0,148.47457627118644,7729.830508474576,55.290395480226,1.0,0.0,0.0,1.0,1.0,59.8984771573604,0.0169491525423728,59.0,5.882643049361836,1.0,7864.97461928934,0.0169827586206896,0.014716272226759,0.5357500897241624,59.0,1
12.781371516996694,1611.4753943203452,148.74170662670662,0.9231616375233112,10.333333333333334,1320.4,1.0,1.0,1.0,0.0,0.0,0.0,0.0,0.0,530.2,790.2,1.4791525913691048,1.0,0.0,0.0,1.0,1.0,0.008928291489432,1.0,1.0,0.0,1.0,0.0922590120574642,120.0037625,1.9004621962092632,0.9844102023457736,15.0,3
1218.5763616972924,73114.58170183755,60.0,0.253596541748336,132.16981132075472,7930.188679245283,130.03773584905662,2.1320754716981134,82.22767295597482,0.0,0.0,0.0,0.0,0.0,127.9245283018868,7802.264150943396,57.793710691823904,1.0,0.0,0.0,1.0,1.0,60.849598163031,0.0188679245283018,53.0,5.727920454563195,1.0,8042.47990815155,0.01675,0.017360293997865,0.4910541082128579,53.0,1
11.0572287056528,1075.2176437117644,115.01428293928296,1.1971892504110684,11.133333333333333,1187.0666666666666,1.0,1.0,1.0,0.0,0.0,0.0,0.0,0.0,493.6666666666667,693.4,1.425972995288678,1.0,0.0,0.0,1.0,1.0,0.0083363611599136,1.0,1.0,0.0,1.0,0.0928114875803721,128.52473050000003,31.04893562383496,0.8054256922333297,15.0,3
10.21866214683787,9069.538797730977,811.0,34.86081596337683,314.0,259193.57142857145,1.7142857142857142,1.2857142857142858,0.75,5.571428571428571,1.3180699662247524,0.0,0.3,1.2857142857142858,125957.0,133236.57142857142,1.1818203201890698,0.5714285714285714,0.4285714285714285,0.0,4.0,4.0,0.0313901345291479,1.0,4.0,1.8423709931771088,0.4285714285714285,9.856502242152466,37.16666666666666,30.0799859633537,0.5526916985913238,1.0,0
799.8660776410283,47991.96465846169,60.0,0.2753297962391142,131.04651162790697,7862.790697674419,128.67441860465115,2.372093023255814,73.4077519379845,0.0,0.0,0.0,0.0,0.0,142.32558139534885,7720.46511627907,60.24496124031009,1.0,0.0,0.0,1.0,1.0,44.421487603305785,0.0232558139534883,43.0,5.426264754702098,1.0,5821.280991735537,0.023047619047619,0.0212848620261894,0.5198811004790683,43.0,1
13.467451713791656,1003.7906580006352,97.98333333333332,0.2472485786381339,2.5,200.0,0.0,0.0,0.0,57.3,4.6826708047307815,0.2124153693842541,0.5097119153526843,3.0,59.5,139.5,2.343840359455531,0.0,1.0,0.0,1.0,1.0,0.0520833333333333,1.0,1.0,0.0,1.0,0.1302083333333333,21.33333333333333,18.86207246772681,0.5307405885866358,10.0,4
11.615352796254797,11041.07725270124,972.75,37.09429615762175,292.25,288310.0,1.5,1.75,0.8125,3.75,0.8100559822354629,0.0,0.1833333333333333,0.75,141811.0,146499.0,1.0322065623092491,0.75,0.0,0.25,2.0,3.0,0.0178571428571428,0.75,4.0,2.0,0.5,5.21875,74.66666666666667,73.67646993594511,0.5033375212139883,2.0,0
8.018884689528706,6734.143172324294,883.25,38.36261783817635,255.75,220933.5,1.5,1.5,0.5,0.0,0.0,0.0,0.0,0.0,117299.25,103634.25,0.8924095527203741,0.5,0.25,0.25,2.0,1.0,0.0194174757281553,0.25,4.0,2.0,1.0,4.966019417475728,68.66666666666667,39.85250584621025,0.6327606917433751,3.0,0
872.6514577426852,52359.087464561104,60.0,0.2535357625778069,122.83720930232558,7370.232558139535,120.25581395348836,2.581395348837209,67.9515503875969,0.0,0.0,0.0,0.0,0.0,154.88372093023256,7215.3488372093025,50.39341085271317,1.0,0.0,0.0,1.0,1.0,45.59915164369036,0.0232558139534883,43.0,5.426264754702098,1.0,5601.272534464475,0.0224523809523809,0.0262780030959739,0.4607470552684657,43.0,1
9.361241125237054,1431.5921839364908,170.25140796703295,1.0540186401553795,8.875,1370.375,1.0,1.0,1.0,0.0,0.0,0.0,0.0,0.0,545.0,825.375,1.541329247541092,1.0,0.0,0.0,1.0,1.0,0.0095122785472441,1.0,1.0,0.0,1.0,0.0844214721067918,120.14546642857142,1.3902390018238755,0.988561065269662,8.0,3
873.8030948407612,52428.18569044568,60.0,0.2566009066007005,127.02985074626864,7621.79104477612,124.31343283582088,2.716417910447761,64.0733830845771,0.0,0.0,0.0,0.0,0.0,162.98507462686567,7458.805970149254,51.267412935323385,1.0,0.0,0.0,1.0,1.0,70.01044932079415,0.0149253731343283,67.0,6.066089190457767,1.0,8893.416927899687,0.0145,0.0164383605316861,0.4686738324466007,67.0,1
27.807271589636493,21770.44879390889,936.4,25.54136417133773,358.0,318768.8,2.4,2.4,0.61,3.0,0.6379796190928574,0.0,0.1333333333333333,0.6,169849.8,148919.0,0.9133455296052082,0.6,0.2,0.2,3.0,4.0,0.025,1.3333333333333333,3.0,1.521928094887362,0.4,8.95,50.0,41.26136207155552,0.5478769861093721,2.0,0
6.233300506233128,8063.869426443461,1170.6666666666667,32.951032004642734,193.33333333333331,248787.3333333333,1.3333333333333333,1.0,0.4444444444444444,8.333333333333334,2.05239903021904,0.0,0.4786324786324786,2.0,112645.33333333331,136142.0,1.1660341112409345,0.3333333333333333,0.6666666666666666,0.0,3.0,2.0,0.0151515151515151,0.6666666666666666,3.0,1.584962500721156,0.6666666666666666,2.929292929292929,99.0,94.0,0.5129533678756477,1.0,0
4.838177783981726,4149.124457823895,824.0,44.28664485165324,214.5,183033.75,1.75,2.0,0.4375,0.0,0.0,0.0,0.0,0.0,95530.5,87503.25,1.03141120973342,0.5,0.25,0.25,3.0,2.0,0.0203045685279187,0.5,4.0,2.0,0.5,4.355329949238579,65.66666666666667,37.41954331926329,0.6370072842490706,1.0,0
241.84457118363036,338588.0973479492,1400.0368728352114,185.980262433479,41958.0,58742247.5,1.0,1.0,1.0,0.0,0.0,0.0,0.0,0.0,11194.5,58731053.0,4816.541445006497,1.0,0.0,0.0,1.0,1.0,0.0053050397877984,1.0,1.0,0.0,1.0,222.5888594164456,377.0,0.0,1.0,2.0,5
109.46048291148092,6567.628974688853,60.0,0.046945424731155,1.9,114.0,1.0,0.075,1.0,0.0,0.0,0.0,0.0,0.0,4.5,60.0,0.075,1.0,0.0,0.0,80.0,1.0,14.336917562724016,1.0,1.0,0.0,1.0,27.240143369175627,0.070632911392405,0.0662435432182343,0.5160340512422564,1.0,2
16.139364585877228,18253.52863688653,980.6666666666666,29.57868032107869,198.5,211222.0,0.5,0.3333333333333333,0.5,5.166666666666667,1.096062798898328,0.0,0.2263888888888889,1.0,96014.16666666669,115207.83333333331,1.074454413934111,0.5,0.5,0.0,3.0,5.0,0.0237154150197628,1.0,5.0,2.251629167387823,0.3333333333333333,4.707509881422925,50.6,38.369779775234576,0.5687324406987563,2.0,0
766.5475900823176,45992.85540493905,60.0,0.2852550359443792,137.328125,8239.6875,134.609375,2.71875,70.20078125,0.0,0.0,0.0,0.0,0.0,163.125,8076.5625,51.49765625,1.0,0.0,0.0,1.0,1.0,64.38631790744466,0.015625,64.0,6.0,1.0,8842.0523138833,0.0157777777777777,0.0162612056059857,0.4924556309665412,64.0,1
6.642908232011938,833.5631103742371,142.74104617604615,1.422717254814111,8.0,1087.6,1.0,1.0,1.0,0.0,0.0,0.0,0.0,0.0,422.4,665.2,1.5579540474867588,1.0,0.0,0.0,1.0,1.0,0.0037919676062218,1.0,1.0,0.0,1.0,0.0303357408497745,329.64416625,155.37528083841732,0.6796514412542864,5.0,3
183.9458003244815,257526.7347770389,1400.0205320577998,183.4236221623472,33891.25,47448231.0,1.0,1.0,1.0,0.0,0.0,0.0,0.0,0.0,26372.5,47421858.5,2233.064748498946,1.0,0.0,0.0,1.0,1.0,0.0126182965299684,1.0,1.0,0.0,1.0,427.6498422712934,105.66666666666669,54.96867794986118,0.6578045878938811,4.0,5
1198.8299347719494,71929.79608631696,60.0,0.2503221684519679,133.1315789473684,7987.894736842105,130.3421052631579,2.789473684210526,64.72894736842106,0.0,0.0,0.0,0.0,0.0,167.3684210526316,7820.526315789473,54.49210526315789,1.0,0.0,0.0,1.0,1.0,38.46153846153846,0.0263157894736842,38.0,5.247927513443589,1.0,5120.4453441295545,0.0267027027027027,0.0279737955225715,0.488376241519421,38.0,1
134.07625404343688,8044.575242606212,60.0,0.0439117805531265,2.267605633802817,136.05633802816902,1.0,0.1690140845070422,1.0,0.0,0.0,0.0,0.0,0.0,10.140845070422536,60.0,0.1690140845070422,1.0,0.0,0.0,71.0,1.0,9.607577807848443,1.0,1.0,0.0,1.0,21.78619756427605,0.1055714285714285,0.1363151360874155,0.4364501547257332,1.0,2
126.40499610171108,176969.08608078922,1400.017625633021,236.1071838655518,29388.5,41144398.5,1.0,1.0,1.0,0.0,0.0,0.0,0.0,0.0,31060.5,41113338.0,1336.6120764743976,1.0,0.0,0.0,1.0,1.0,0.0198019801980198,1.0,1.0,0.0,1.0,581.950495049505,101.0,0.0,1.0,2.0,5
1095.48897171297,65729.33830277818,60.0,0.2671766886037339,128.71428571428572,7722.857142857143,126.06122448979592,2.653061224489796,64.51666666666667,0.0,0.0,0.0,0.0,0.0,159.18367346938774,7563.673469387755,51.90442176870748,1.0,0.0,0.0,1.0,1.0,49.89816700610998,0.0204081632653061,49.0,5.614709844115208,1.0,6422.6069246435845,0.0204583333333333,0.017285541083679,0.5420305585828283,49.0,1
8.408024569896543,1007.69775275368,143.46479353979353,1.354202242277556,9.9,1227.1,1.0,1.0,1.0,0.0,0.0,0.0,0.0,0.0,482.8,744.3,1.5325851513275954,1.0,0.0,0.0,1.0,1.0,0.0075618944634831,1.0,1.0,0.0,1.0,0.0748627551884829,146.93554855555556,74.79676734656579,0.6626708784317072,10.0,3
10.129624313163289,1267.739369821344,141.07766439909295,1.0493380527453355,9.428571428571429,1237.2857142857142,1.0,1.0,1.0,0.0,0.0,0.0,0.0,0.0,520.0,717.2857142857143,1.4140703976024465,1.0,0.0,0.0,1.0,1.0,0.009690331167386,1.0,1.0,0.0,1.0,0.0913659795782112,120.39492216666667,1.0091222965008455,0.9916879021538116,7.0,3
7.833085040844833,1013.1877913252832,143.65311447811447,1.3078134111545812,9.083333333333334,1237.4166666666667,1.0,1.0,1.0,0.0,0.0,0.0,0.0,0.0,489.1666666666667,748.25,1.5456470159433715,1.0,0.0,0.0,1.0,1.0,0.0090883501351113,1.0,1.0,0.0,1.0,0.0825525137272617,120.03378772727272,1.2743171854065851,0.9894952016081376,12.0,3
216.2458713878431,302750.8892505796,1400.0294024195855,196.4909128748723,30892.33333333333,43250135.66666666,1.0,1.0,1.0,0.0,0.0,0.0,0.0,0.0,23435.666666666668,43226700.0,2268.9618992067303,1.0,0.0,0.0,1.0,1.0,0.0107913669064748,1.0,1.0,0.0,1.0,333.3705035971223,139.0,109.0,0.5604838709677419,3.0,5
20.276612829895917,17229.90658320535,852.0,22.89235342911837,299.2,271928.0,2.8,3.0,0.8166666666666667,3.0,0.6379796190928574,0.0,0.1333333333333333,0.6,141032.4,130895.6,1.0886997325166536,0.8,0.2,0.0,3.0,3.0,0.0206611570247933,0.75,4.0,1.9219280948873625,0.6,6.181818181818182,60.5,21.73131381210073,0.7357294587101335,1.0,0
7.155907517090045,8412.600108409028,1123.0,38.58771194351894,273.5,321445.0,3.0,3.5,0.9,0.0,0.0,0.0,0.0,0.0,188313.5,133131.5,0.8468402609486274,1.0,0.0,0.0,1.0,1.0,0.0108108108108108,1.0,1.0,0.0,1.0,2.9567567567567568,185.0,0.0,1.0,2.0,0
17.524073089387514,17473.4045631418,1120.3333333333333,22.22302912986372,279.0,312877.0,3.333333333333333,3.6666666666666665,0.7583333333333333,2.1666666666666665,0.5398168761004385,0.0,0.1282051282051282,0.5,155541.66666666666,157335.33333333334,1.0325852026187017,0.8333333333333334,0.1666666666666666,0.0,4.0,4.0,0.0271493212669683,1.0,4.0,1.9182958340544891,0.3333333333333333,7.574660633484163,44.2,25.35665593093853,0.6354532058568966,1.0,0
9.935413307025057,1071.3571510309575,120.86842105263158,0.2635008049852564,2.0,205.05263157894737,0.0,0.0,0.0,58.78947368421053,4.72906695124194,0.2422971620251325,0.5112199991983869,3.0,61.10526315789474,143.05263157894737,2.341241715964196,0.0,1.0,0.0,1.0,1.0,0.068100358422939,1.0,1.0,0.0,1.0,0.1362007168458781,15.5,12.85496013218244,0.5466415726822955,19.0,4
10.922599276716216,1382.605950600832,132.372890997891,1.0906186683501948,10.125,1250.75,1.0,1.0,1.0,0.0,0.0,0.0,0.0,0.0,487.5,763.25,1.537831377528235,1.0,0.0,0.0,1.0,1.0,0.0074152048454648,1.0,1.0,0.0,1.0,0.0750789490603317,154.12347557142857,54.200539591782366,0.7398257730904472,8.0,3
5.906021308397805,801.4884550533751,155.97227891156464,1.4792368635972717,8.285714285714286,1177.7142857142858,1.0,1.0,1.0,0.0,0.0,0.0,0.0,0.0,480.0,697.7142857142857,1.4636216914581557,1.0,0.0,0.0,1.0,1.0,0.0097030523867742,1.0,1.0,0.0,1.0,0.0803967197761298,120.237078,2.5123788512102747,0.9795324646181072,7.0,3
10.790806790205242,1342.1588870653363,127.05909090909093,1.3198687291510875,12.625,1519.125,1.0,1.0,1.0,0.0,0.0,0.0,0.0,0.0,591.375,927.75,1.5607992056192137,1.0,0.0,0.0,1.0,1.0,0.0094914522140665,1.0,1.0,0.0,1.0,0.1198295842025901,120.409092,2.137378778621076,0.9825586264129776,8.0,3
87.72655288862866,5263.593173317718,60.0,0.0524379713585907,1.881578947368421,112.89473684210526,1.0,0.0921052631578947,1.0,0.0,0.0,0.0,0.0,0.0,5.526315789473684,60.0,0.0921052631578947,1.0,0.0,0.0,76.0,1.0,9.026128266033254,1.0,1.0,0.0,1.0,16.983372921615203,0.1122666666666667,0.1103397581210971,0.5043280613922233,1.0,2
16.42572100616805,14488.815501460063,823.1428571428571,21.599928913815265,198.14285714285717,146548.85714285713,3.571428571428572,3.2857142857142856,1.1666666666666663,2.142857142857143,0.4819367517535979,0.0,0.1047619047619047,0.4285714285714285,77215.71428571429,69333.14285714286,1.01373565984626,1.0,0.0,0.0,3.0,4.0,0.0281124497991967,0.6666666666666666,6.0,2.5216406363433186,0.5714285714285714,5.570281124497992,41.5,29.94300140823116,0.5808826502524104,2.0,0
76.72709539261264,107423.29913753863,1400.0885202613958,250.00526440311103,17113.0,23959483.5,1.0,1.0,1.0,0.0,0.0,0.0,0.0,0.0,22895.0,23936588.5,1048.264272050128,1.0,0.0,0.0,1.0,1.0,0.0055555555555555,1.0,1.0,0.0,1.0,95.07222222222222,360.0,0.0,1.0,2.0,5
923.8108516059444,55428.65109635666,60.0,0.2292596972336308,129.4,7764.0,127.35,2.05,82.7,0.0,0.0,0.0,0.0,0.0,123.0,7641.0,55.8,1.0,0.0,0.0,1.0,1.0,42.23864836325238,0.025,40.0,5.321928094887364,1.0,5465.681098204857,0.0242820512820512,0.0196376779633499,0.5528734283942289,40.0,1
7.885233593253152,5470.152598269153,687.6666666666666,25.61501714453051,196.33333333333331,127940.0,0.6666666666666666,1.0,0.2222222222222222,5.0,1.0800746429806172,0.0,0.2222222222222222,1.0,62578.333333333336,65361.66666666666,1.1246616904549864,0.3333333333333333,0.6666666666666666,0.0,2.0,3.0,0.0128755364806866,1.0,3.0,1.584962500721156,0.3333333333333333,2.5278969957081543,116.5,31.5,0.7871621621621622,1.0,0
10.135341885003454,1301.7438791574343,128.62847985347986,1.1296282992805196,10.0,1265.2857142857142,1.0,1.0,1.0,0.0,0.0,0.0,0.0,0.0,468.2857142857143,797.0,1.6851960290262449,1.0,0.0,0.0,1.0,1.0,0.0083653017322508,1.0,1.0,0.0,1.0,0.0836530173225083,139.46498333333332,43.51242633009158,0.7621978231622698,7.0,3
112.54926793231633,6752.956075938978,60.0,0.0457249188741955,2.128571428571429,127.71428571428572,1.0,0.0857142857142857,1.0,0.0,0.0,0.0,0.0,0.0,5.142857142857143,60.0,0.0857142857142857,1.0,0.0,0.0,70.0,1.0,7.186858316221766,1.0,1.0,0.0,1.0,15.297741273100616,0.141159420289855,0.1235763711747007,0.5332086738591,1.0,2
7.594354975740288,829.3761327099787,112.6057067932068,1.359186638320443,9.166666666666666,957.8333333333334,1.0,1.0,1.0,0.0,0.0,0.0,0.0,0.0,393.1666666666667,564.6666666666666,1.483507270342904,1.0,0.0,0.0,1.0,1.0,0.0100147426358693,1.0,1.0,0.0,1.0,0.0918018074954686,119.8233488,1.209316763777368,0.9900083439611588,6.0,3
11.26511824024617,11990.024270129285,1118.5,26.016568374697588,211.0,230155.5,0.75,0.75,0.625,8.25,1.69142612148493,0.0,0.3361111111111111,1.5,117558.75,112596.75,0.9581543689676404,0.5,0.5,0.0,2.0,3.0,0.0145985401459854,0.75,4.0,2.0,0.5,3.08029197080292,91.33333333333331,4.027681991198191,0.9577638516379964,1.0,0
82.69880537375208,4961.928322425125,60.0,0.0552415702146141,1.984126984126984,119.04761904761904,1.0,0.1111111111111111,1.0,0.0,0.0,0.0,0.0,0.0,6.666666666666667,60.0,0.1111111111111111,1.0,0.0,0.0,126.0,1.0,14.093959731543626,1.0,1.0,0.0,1.0,27.964205816554813,0.07152,0.0603861706022165,0.5422035957338163,1.0,2
84.82086137910694,5089.251682746417,60.0,0.0504542542384786,2.0288461538461537,121.73076923076924,1.0,0.125,1.0,0.0,0.0,0.0,0.0,0.0,7.5,60.0,0.125,1.0,0.0,0.0,104.0,1.0,12.88723667905824,1.0,1.0,0.0,1.0,26.146220570012392,0.0783495145631067,0.0701191369994722,0.5277175601617338,1.0,2
15.52249313709654,11645.622415252932,896.0,28.18134463823625,376.0,313646.0,0.5,0.0,0.5,0.0,0.0,0.0,0.0,0.0,161080.5,152565.5,0.9361875329215956,0.5,0.5,0.0,1.0,2.0,0.0350877192982456,1.0,2.0,1.0,0.5,13.192982456140353,57.0,0.0,1.0,1.0,0
108.8346519021968,6530.079114131809,60.0,0.0483221233739222,1.904255319148936,114.25531914893617,1.0,0.1382978723404255,1.0,0.0,0.0,0.0,0.0,0.0,8.297872340425531,60.0,0.1382978723404255,1.0,0.0,0.0,94.0,1.0,12.11340206185567,1.0,1.0,0.0,1.0,23.067010309278352,0.0834408602150537,0.0712030962184088,0.5395675468957313,1.0,2
9.138610439313446,1143.069901937513,129.04131868131864,1.306242221536556,9.8,1213.2,1.0,1.0,1.0,0.0,0.0,0.0,0.0,0.0,499.0,714.2,1.4397690461780202,1.0,0.0,0.0,1.0,1.0,0.0092438935885824,1.0,1.0,0.0,1.0,0.0905901571681082,120.19947011111113,1.5121160795134785,0.987576235534839,10.0,3
8.541538810221503,1026.6239016119223,142.9937210937211,1.2303052731698485,9.666666666666666,1219.7777777777778,1.0,1.0,1.0,0.0,0.0,0.0,0.0,0.0,495.44444444444446,724.3333333333334,1.4913119993494997,1.0,0.0,0.0,1.0,1.0,0.0075175304361899,1.0,1.0,0.0,1.0,0.0726694608831697,149.65020887499998,50.26192353689801,0.7485799239370896,9.0,3
108.06444621204386,6483.866772722633,60.0,0.04747749590972,1.9545454545454544,117.27272727272728,1.0,0.0909090909090909,1.0,0.0,0.0,0.0,0.0,0.0,5.454545454545454,60.0,0.0909090909090909,1.0,0.0,0.0,88.0,1.0,12.735166425470332,1.0,1.0,0.0,1.0,24.89146164978292,0.0794252873563218,0.071669040139886,0.5256669040623992,1.0,2
644.9515291013975,38697.091746083854,60.0,0.2675729464285792,136.72413793103448,8203.448275862069,134.89655172413794,1.827586206896552,95.24080459770116,0.0,0.0,0.0,0.0,0.0,109.65517241379312,8093.793103448276,60.58563218390805,1.0,0.0,0.0,1.0,1.0,31.556039173014145,0.0344827586206896,29.0,4.857980995127571,1.0,4314.472252448313,0.0328214285714285,0.0347604594448394,0.4856542120209479,29.0,1
81.34123751713032,113879.41102839998,1400.0303558077978,253.78601644581505,19732.0,27625259.0,1.0,1.0,1.0,0.0,0.0,0.0,0.0,0.0,26275.0,27598984.0,1115.7948870855007,1.0,0.0,0.0,1.0,1.0,0.0157480314960629,1.0,1.0,0.0,1.0,310.74015748031496,127.0,0.0,1.0,2.0,5
1158.2741395287203,69496.44837172322,60.0,0.2507105694400576,121.89795918367346,7313.877551020408,119.3061224489796,2.591836734693877,58.15340136054422,0.0,0.0,0.0,0.0,0.0,155.51020408163265,7158.367346938776,50.37789115646259,1.0,0.0,0.0,1.0,1.0,52.07226354941552,0.0204081632653061,49.0,5.614709844115208,1.0,6347.502656748141,0.0196041666666666,0.0213431678991714,0.4787653915579207,49.0,1
104.50388636126966,6270.233181676181,60.0,0.0474996657305525,2.0,120.0,1.0,0.1282051282051282,1.0,0.0,0.0,0.0,0.0,0.0,7.6923076923076925,60.0,0.1282051282051282,1.0,0.0,0.0,78.0,1.0,25.742574257425744,1.0,1.0,0.0,1.0,51.48514851485149,0.0393506493506493,0.030804691088937,0.5609073964160403,1.0,2
12.600570041615114,12789.728449192777,1065.6666666666667,25.00501367807753,216.0,225318.16666666663,3.1666666666666665,3.1666666666666665,0.9861111111111112,2.6666666666666665,0.5338032551857972,0.0,0.1041666666666666,0.5,109370.33333333331,115947.83333333331,1.0949531236308898,0.8333333333333334,0.1666666666666666,0.0,3.0,3.0,0.0263157894736842,0.6,5.0,2.2516291673878226,0.3333333333333333,5.684210526315789,45.6,24.25365951768929,0.652793286920817,1.0,0
726.8540392389842,43611.24235433906,60.0,0.2604506170392061,120.425,7225.5,118.1,2.325,71.17458333333335,0.0,0.0,0.0,0.0,0.0,139.5,7086.0,62.39958333333334,1.0,0.0,0.0,1.0,1.0,40.56795131845842,0.025,40.0,5.321928094887364,1.0,4885.395537525355,0.0252820512820512,0.0226296251461172,0.5276803728618297,40.0,1
1559.2271060059295,93553.62636035576,60.0,0.2560454570668592,140.56521739130434,8433.91304347826,138.17391304347825,2.391304347826087,77.96811594202899,0.0,0.0,0.0,0.0,0.0,143.47826086956522,8290.434782608696,56.620289855072464,1.0,0.0,0.0,1.0,1.0,26.90058479532164,0.0434782608695652,23.0,4.523561956057013,1.0,3781.286549707602,0.0388636363636363,0.0303903325755014,0.561175582554564,23.0,1
10.038592068737277,1316.2054237649083,131.99537037037038,1.125167214727222,10.666666666666666,1396.3333333333333,1.0,1.0,1.0,0.0,0.0,0.0,0.0,0.0,593.5,802.8333333333334,1.3819460965197183,1.0,0.0,0.0,1.0,1.0,0.0100255255059235,1.0,1.0,0.0,1.0,0.1069389387298513,119.6944738,1.4145173345863802,0.9883202946260656,6.0,3
81.3881680470744,4883.290082824464,60.0,0.0469775503769633,2.061349693251534,123.68098159509202,1.0,0.147239263803681,1.0,0.0,0.0,0.0,0.0,0.0,8.83435582822086,60.0,0.147239263803681,1.0,0.0,0.0,163.0,1.0,28.496503496503497,1.0,1.0,0.0,1.0,58.74125874125875,0.0353086419753086,0.0283098560576987,0.5550059034243369,1.0,2
5.759855971862142,908.9774576474362,164.4222222222222,0.3117152036022764,1.5333333333333334,210.06666666666663,0.0,0.0,0.0,59.6,4.687735015432952,0.2098718006390561,0.5017471273780036,3.0,62.66666666666666,146.6,2.3385925016820037,0.0,1.0,0.0,1.0,1.0,0.055350553505535,1.0,1.0,0.0,1.0,0.084870848708487,19.357142857142858,20.27879660721352,0.4883735094648193,15.0,4
715.7780253918843,42946.681523513056,60.0,0.291202805800265,132.65384615384616,7959.2307692307695,130.40384615384616,2.25,77.83429487179488,0.0,0.0,0.0,0.0,0.0,135.0,7824.2307692307695,46.122756410256414,1.0,0.0,0.0,1.0,1.0,58.29596412556054,0.0192307692307692,52.0,5.700439718141095,1.0,7733.183856502242,0.0174901960784313,0.0159661069315531,0.5227773096510906,52.0,1
12.345788711017423,1138.8998280699104,105.66666666666669,0.2716228795958547,2.2333333333333334,211.46666666666667,0.0,0.0,0.0,61.333333333333336,4.717291245278949,0.2400966236452583,0.4911796164756906,3.0,62.93333333333333,147.6,2.3458449713958758,0.0,1.0,0.0,1.0,1.0,0.1107011070110701,1.0,1.0,0.0,1.0,0.2472324723247232,9.344827586206897,9.578265130038318,0.4938319399653149,30.0,4
9.895898810862365,1469.6733929125069,141.6939393939394,1.1671545345587586,10.375,1422.5,1.0,1.0,1.0,0.0,0.0,0.0,0.0,0.0,562.625,859.875,1.575272357919912,1.0,0.0,0.0,1.0,1.0,0.0095037682940233,1.0,1.0,0.0,1.0,0.0986015960504924,120.253052,1.323420693014565,0.9891145000039911,8.0,3
10.95555750751361,997.4849509165105,125.5,0.262936000822355,2.1333333333333333,203.9333333333333,0.0,0.0,0.0,62.2,4.706003028796318,0.2327972774772737,0.4840241556414509,3.0,60.73333333333333,142.2,2.3408709990741148,0.0,1.0,0.0,1.0,1.0,0.0583657587548638,1.0,1.0,0.0,1.0,0.1245136186770428,18.357142857142858,9.939870241012368,0.6487307615636514,15.0,4
7.459016625240424,943.2462329536108,161.28456607495067,1.37644431629673,8.307692307692308,1202.7692307692307,1.0,1.0,1.0,0.0,0.0,0.0,0.0,0.0,480.0,722.7692307692307,1.521994441197304,1.0,0.0,0.0,1.0,1.0,0.0090475255793887,1.0,1.0,0.0,1.0,0.0751640586595374,119.73807908333332,1.4533003676942475,0.9880082199387664,13.0,3
117.9710027842398,7078.260167054389,60.0,0.042841365336964,1.9787234042553192,118.72340425531917,1.0,0.1276595744680851,1.0,0.0,0.0,0.0,0.0,0.0,7.659574468085107,60.0,0.1276595744680851,1.0,0.0,0.0,94.0,1.0,17.05989110707804,1.0,1.0,0.0,1.0,33.756805807622506,0.0592473118279569,0.0573845087773036,0.507985826856626,1.0,2
376.3617528333148,526912.4867847218,1400.0316452091486,125.61362279528316,27673.666666666668,38743892.66666666,1.0,1.0,1.0,0.0,0.0,0.0,0.0,0.0,36103.66666666666,38707789.0,1260.7535821144872,1.0,0.0,0.0,1.0,1.0,0.0149253731343283,1.0,1.0,0.0,1.0,413.0398009950249,100.5,9.5,0.9136363636363636,3.0,5
11.853775997364355,1172.9601307699195,123.89912280701756,0.2470364120469965,2.0526315789473686,210.57894736842104,0.0,0.0,0.0,59.47368421052632,4.702348004687472,0.245893931027437,0.5002832578056706,3.0,62.73684210526316,146.94736842105263,2.3427880362082445,0.0,1.0,0.0,1.0,1.0,0.1296928327645051,1.0,1.0,0.0,1.0,0.2662116040955631,7.918918918918919,7.785566612643704,0.5042456757340826,38.0,4
7.682252080255989,995.700464443034,145.982683982684,1.350962400744114,8.857142857142858,1146.428571428571,1.0,1.0,1.0,0.0,0.0,0.0,0.0,0.0,467.4285714285714,679.0,1.452210642139514,1.0,0.0,0.0,1.0,1.0,0.0041693109454192,1.0,1.0,0.0,1.0,0.036928182659428,279.82241716666664,225.3595400148594,0.5539042184480049,7.0,3
120.27628558411436,7216.577135046863,60.0,0.045146234877697,2.1066666666666665,126.4,1.0,0.0666666666666666,1.0,0.0,0.0,0.0,0.0,0.0,4.0,60.0,0.0666666666666666,1.0,0.0,0.0,75.0,1.0,8.465011286681715,1.0,1.0,0.0,1.0,17.83295711060948,0.1197297297297297,0.1247264354927926,0.489779955521853,1.0,2
11.154653005804915,1225.1001755867717,134.36666666666667,0.2687345902642983,1.9333333333333331,210.8,0.0,0.0,0.0,64.8,4.697948588864187,0.2217169992419793,0.4654955068122031,3.0,62.86666666666667,146.93333333333334,2.336988626333566,0.0,1.0,0.0,1.0,1.0,0.056390977443609,1.0,1.0,0.0,1.0,0.1090225563909774,19.0,18.666241491756487,0.504430472686219,15.0,4
816.5464010976287,48992.784065857726,60.0,0.2855014160939018,127.38181818181818,7642.909090909091,125.4,1.981818181818182,77.16636363636363,0.0,0.0,0.0,0.0,0.0,118.9090909090909,7524.0,59.89363636363637,1.0,0.0,0.0,1.0,1.0,56.065239551478086,0.0181818181818181,55.0,5.781359713524656,1.0,7141.692150866463,0.0181666666666666,0.0189900071187551,0.4889206921905441,55.0,1
9.300734973043014,987.1477847456372,153.15819597069597,1.3958730310548464,9.5,1175.1666666666667,1.0,1.0,1.0,0.0,0.0,0.0,0.0,0.0,463.0,712.1666666666666,1.5384953059870323,1.0,0.0,0.0,1.0,1.0,0.0045474455032217,1.0,1.0,0.0,1.0,0.0432007322806063,263.8844158,192.04588587986723,0.5787823595574203,6.0,3
11.64451265834469,1427.5516392631446,138.57094017094016,0.9906825311461668,9.666666666666666,1218.0,1.0,1.0,1.0,0.0,0.0,0.0,0.0,0.0,493.5,724.5,1.471163771460228,1.0,0.0,0.0,1.0,1.0,0.0100118605840137,1.0,1.0,0.0,1.0,0.0967813189787993,119.8578416,0.6878552707887342,0.9942938214416228,6.0,3
9.158830302402276,1531.7347099148617,162.57976190476188,1.043241760468602,8.0,1246.6,1.0,1.0,1.0,0.0,0.0,0.0,0.0,0.0,486.6,760.0,1.5751413256220812,1.0,0.0,0.0,1.0,1.0,0.0029802610249101,1.0,1.0,0.0,1.0,0.0238420881992812,419.42634875,324.58847845796333,0.5637338577296445,5.0,3
596.6456160580063,35798.73696348037,60.0,0.2901450141630367,123.5909090909091,7415.454545454545,120.72727272727272,2.863636363636364,54.521969696969705,0.0,0.0,0.0,0.0,0.0,171.8181818181818,7243.636363636364,41.067424242424245,1.0,0.0,0.0,1.0,1.0,22.066198595787363,0.0454545454545454,22.0,4.459431618637295,1.0,2727.181544633902,0.0474761904761904,0.062564723856194,0.4314412576833566,22.0,1
111.6175571119736,6697.053426718416,60.0,0.0520897839159287,2.1354838709677417,128.1290322580645,1.0,0.0903225806451612,1.0,0.0,0.0,0.0,0.0,0.0,5.419354838709677,60.0,0.0903225806451612,1.0,0.0,0.0,155.0,1.0,48.4375,1.0,1.0,0.0,1.0,103.4375,0.0207792207792207,0.0161780863304314,0.5622493196695552,1.0,2
956.5817957245692,57394.90774347416,60.0,0.2307195304103734,129.7941176470588,7787.64705882353,127.44117647058825,2.3529411764705883,73.89460784313727,0.0,0.0,0.0,0.0,0.0,141.1764705882353,7646.470588235294,41.482843137254896,1.0,0.0,0.0,1.0,1.0,35.82718651211802,0.0294117647058823,34.0,5.087462841250338,1.0,4650.158061116966,0.0287575757575757,0.0350713820165001,0.4505412082610508,34.0,1
10.577977531638986,952.01273601483,127.88095238095238,0.290004361112416,2.0,204.57142857142856,0.0,0.0,0.0,62.80952380952381,4.749894224228396,0.2345067910497204,0.4913184379162377,3.0,60.90476190476191,142.66666666666666,2.3427193017123846,0.0,1.0,0.0,1.0,1.0,0.0724137931034482,1.0,1.0,0.0,1.0,0.1448275862068965,14.5,13.937359864766352,0.5098926225554917,21.0,4
924.9029773406548,55494.17864043928,60.0,0.2676819082488203,121.44262295081968,7286.55737704918,118.9672131147541,2.4754098360655736,64.57513661202185,0.0,0.0,0.0,0.0,0.0,148.52459016393442,7138.0327868852455,43.14890710382513,1.0,0.0,0.0,1.0,1.0,65.0319829424307,0.0163934426229508,61.0,5.930737337562883,1.0,7897.654584221749,0.0156333333333333,0.0178819896978931,0.4664533090958918,61.0,1
9.267908673689512,1274.097486950529,135.01853146853148,1.2307309923524643,10.0,1275.375,1.0,1.0,1.0,0.0,0.0,0.0,0.0,0.0,528.375,747.0,1.438708302702393,1.0,0.0,0.0,1.0,1.0,0.0094898284140091,1.0,1.0,0.0,1.0,0.0948982841400912,120.42969514285711,1.8112574464093367,0.9851828915920244,8.0,3
23.699876565313883,25778.685516717866,1076.142857142857,19.824885361216356,305.42857142857144,335390.8571428572,2.142857142857143,2.4285714285714284,0.7380952380952381,3.857142857142857,0.9464552042375726,0.0,0.2238095238095238,0.8571428571428571,153726.2857142857,181664.57142857145,1.1505369738614506,0.8571428571428571,0.0,0.1428571428571428,4.0,5.0,0.0346534653465346,1.25,4.0,1.8423709931771084,0.2857142857142857,10.584158415841584,33.666666666666664,33.69305896208034,0.4998040943964117,1.0,0
9.867664106214328,1120.7263038271722,133.69540229885058,0.2562404265802563,1.9310344827586208,213.3793103448276,0.0,0.0,0.0,60.89655172413793,4.710779008474643,0.2398912267872155,0.4918246194507627,3.0,63.51724137931034,148.86206896551724,2.343954400057717,0.0,1.0,0.0,1.0,1.0,0.1013986013986013,1.0,1.0,0.0,1.0,0.1958041958041958,10.214285714285714,9.044955748360293,0.5303576329367223,29.0,4
110.482584700399,6628.955082023942,60.0,0.0482865116264621,2.0,120.0,1.0,0.12,1.0,0.0,0.0,0.0,0.0,0.0,7.2,60.0,0.12,1.0,0.0,0.0,100.0,1.0,10.787486515641856,1.0,1.0,0.0,1.0,21.57497303128371,0.0936363636363636,0.0953510742705851,0.4954634269525741,1.0,2
8.845321823328533,1188.124742025606,142.35019425019425,1.2802059235585466,10.454545454545457,1342.909090909091,1.0,1.0,1.0,0.0,0.0,0.0,0.0,0.0,525.2727272727273,817.6363636363636,1.568811861861758,1.0,0.0,0.0,1.0,1.0,0.0091533485140675,1.0,1.0,0.0,1.0,0.0956940981016151,120.1746004,1.1704688391438012,0.9903542117822928,11.0,3
6.737323491332096,759.3328423453917,136.11111111111111,0.3213708676745005,1.8888888888888888,207.94444444444449,0.0,0.0,0.0,60.61111111111112,4.67771611859061,0.2156199624273968,0.4910228792730992,3.0,61.94444444444444,145.16666666666666,2.343984526953702,0.0,1.0,0.0,1.0,1.0,0.0627177700348432,1.0,1.0,0.0,1.0,0.1184668989547038,16.88235294117647,17.343866021775966,0.4932579014775332,18.0,4
12.262518748869782,1452.978617446902,142.29710144927537,0.2062111991207342,1.6956521739130437,202.65217391304347,0.0,0.0,0.0,61.47826086956522,4.73645615180983,0.2189193476659331,0.49876147360701,3.0,60.391304347826086,141.2608695652174,2.339220835354105,0.0,1.0,0.0,1.0,1.0,0.0905511811023622,1.0,1.0,0.0,1.0,0.1535433070866141,11.545454545454543,13.183072040679749,0.4668880899652258,23.0,4
6.1319050650791365,4862.757809553024,873.2857142857143,30.80166681628617,195.57142857142856,144668.85714285713,2.857142857142857,2.7142857142857144,0.9404761904761906,7.714285714285714,1.749960170338698,0.0,0.3833333333333333,1.7142857142857142,76449.57142857143,68219.28571428571,0.9847198580789264,0.8571428571428571,0.0,0.1428571428571428,2.0,4.0,0.0424242424242424,0.8,5.0,2.235926350629033,0.2857142857142857,8.296969696969697,27.5,24.3567239176372,0.5303073145090614,2.0,0
669.797553470724,937729.9095748984,1400.0359234818727,81.39379257370308,49816.0,69743147.66666667,1.0,1.0,1.0,0.0,0.0,0.0,0.0,0.0,39340.333333333336,69703807.33333333,1668.116475429618,1.0,0.0,0.0,1.0,1.0,0.0121951219512195,1.0,1.0,0.0,1.0,607.5121951219512,123.0,39.0,0.7592592592592592,3.0,5
13.467845975193296,1258.731148062653,111.5402298850575,0.2693247675962506,2.2758620689655173,213.0344827586207,0.0,0.0,0.0,62.62068965517241,4.733187117052334,0.2339893894044918,0.4847024757208267,3.0,63.48275862068966,148.6551724137931,2.342163864843152,0.0,1.0,0.0,1.0,1.0,0.0979729729729729,1.0,1.0,0.0,1.0,0.2229729729729729,10.571428571428571,8.723648366155444,0.5478821673334175,29.0,4
9.471940538907509,1286.838888448137,159.45448128260628,1.1191616767245265,9.5,1320.375,1.0,1.0,1.0,0.0,0.0,0.0,0.0,0.0,525.75,794.625,1.4711260687743466,1.0,0.0,0.0,1.0,1.0,0.0074237276891162,1.0,1.0,0.0,1.0,0.0705254130466041,153.94653342857143,54.5608725594626,0.738326452717973,8.0,3
818.6908780728737,49121.45268437241,60.0,0.2792901026520647,122.79245283018868,7367.547169811321,120.05660377358492,2.7358490566037736,61.325471698113205,0.0,0.0,0.0,0.0,0.0,164.1509433962264,7203.396226415094,41.62735849056604,1.0,0.0,0.0,1.0,1.0,54.02650356778797,0.0188679245283018,53.0,5.727920454563195,1.0,6634.046890927625,0.0188653846153846,0.0189584858675615,0.4987692791484818,53.0,1
24.82527405436943,16879.55402947879,613.0,27.600503215396746,236.0,147326.0,2.6666666666666665,3.0,0.9333333333333332,0.0,0.0,0.0,0.0,0.0,61054.333333333336,86271.66666666667,1.3784587369814447,1.0,0.0,0.0,2.0,2.0,0.0127118644067796,0.6666666666666666,3.0,1.584962500721156,0.6666666666666666,3.0,118.0,72.0,0.6210526315789473,1.0,0
19.97371820066761,16125.000576680814,813.8,28.93947556864178,289.6,232600.8,2.0,1.6,1.2,8.4,1.913082071720972,0.0,0.4433333333333333,1.8,121872.4,110728.4,0.8839125491228469,0.8,0.2,0.0,4.0,3.0,0.0210970464135021,0.75,4.0,1.9219280948873625,0.6,6.109704641350211,59.25,18.21228980661136,0.7648883107886524,1.0,0
10.598638192147256,15877.219664912614,1498.5,39.99441711426021,263.5,394749.0,2.0,2.0,1.3333333333333333,0.0,0.0,0.0,0.0,0.0,218744.0,176005.0,1.124649225550363,1.0,0.0,0.0,2.0,2.0,0.0769230769230769,1.0,2.0,1.0,0.5,20.26923076923077,26.0,0.0,1.0,1.0,0
1237.6604759857723,74259.62855914634,60.0,0.2565121999506444,128.40384615384616,7704.2307692307695,125.73076923076924,2.673076923076923,65.74230769230769,0.0,0.0,0.0,0.0,0.0,160.3846153846154,7543.846153846154,40.53076923076923,1.0,0.0,0.0,1.0,1.0,52.104208416833664,0.0192307692307692,52.0,5.700439718141095,1.0,6690.380761523046,0.0195686274509803,0.0173535947589335,0.529995928731669,52.0,1
981.175085099312,58870.50510595873,60.0,0.2444616210705582,133.24528301886792,7994.7169811320755,130.9056603773585,2.339622641509434,77.50408805031445,0.0,0.0,0.0,0.0,0.0,140.37735849056602,7854.33962264151,50.14559748427672,1.0,0.0,0.0,1.0,1.0,54.02650356778797,0.0192307692307692,52.0,5.690184605506591,1.0,7198.776758409786,0.0188653846153846,0.0184318170210705,0.5058123341067272,53.0,1
127.70949723300689,178797.8291553634,1400.0543404898297,244.8554996099133,27726.666666666668,38818390.0,1.0,1.0,1.0,0.0,0.0,0.0,0.0,0.0,26583.666666666668,38791806.333333336,4720.1470223841325,1.0,0.0,0.0,1.0,1.0,0.0076726342710997,1.0,1.0,0.0,1.0,212.7365728900256,195.5,48.5,0.8012295081967213,3.0,5
190.1105139321415,266156.4412062985,1400.0212898753723,229.79587208724143,45393.5,63551262.5,1.0,1.0,1.0,0.0,0.0,0.0,0.0,0.0,29013.25,63522249.25,2237.994070583458,1.0,0.0,0.0,1.0,1.0,0.0099750623441396,1.0,1.0,0.0,1.0,452.80299251870326,133.66666666666666,133.90626904252426,0.4995522671692812,4.0,5
101.02017715859378,6061.210629515626,60.0,0.0490204703770157,1.991869918699187,119.51219512195122,1.0,0.08130081300813,1.0,0.0,0.0,0.0,0.0,0.0,4.878048780487805,60.0,0.08130081300813,1.0,0.0,0.0,123.0,1.0,28.738317757009344,1.0,1.0,0.0,1.0,57.242990654205606,0.0350819672131147,0.0285509582291418,0.5513178432280268,1.0,2
5.9256465233889655,1097.2487989590493,192.8296536796537,1.2433329824579225,7.428571428571429,1245.7142857142858,1.0,1.0,1.0,0.0,0.0,0.0,0.0,0.0,494.0,751.7142857142857,1.52936283101331,1.0,0.0,0.0,1.0,1.0,0.0097116731465701,1.0,1.0,0.0,1.0,0.0721438576602354,120.13034716666664,1.0155315551216542,0.9916172835111146,7.0,3
216.3190493728728,302850.26358794875,1400.0219572072924,145.8950113522254,31639.0,44295123.0,1.0,1.0,1.0,0.0,0.0,0.0,0.0,0.0,31785.0,44263338.0,1346.7305888126862,1.0,0.0,0.0,1.0,1.0,0.054054054054054,1.0,1.0,0.0,1.0,1710.2162162162165,37.0,0.0,1.0,2.0,5
9.428605053935671,1023.7598918013052,114.53611111111113,1.3124545474697942,10.2,1092.4,1.0,1.0,1.0,0.0,0.0,0.0,0.0,0.0,404.2,688.2,1.70200729260999,1.0,0.0,0.0,1.0,1.0,0.0046175685064864,1.0,1.0,0.0,1.0,0.047099198766162,270.705242,195.6203705512611,0.5805069134396785,5.0,3
1379.2008905635291,82752.05343381174,60.0,0.2580051211516451,137.93023255813952,8275.813953488372,135.34883720930233,2.581395348837209,66.3686046511628,0.0,0.0,0.0,0.0,0.0,154.88372093023256,8120.930232558139,52.08953488372093,1.0,0.0,0.0,1.0,1.0,46.08788853161843,0.0232558139534883,43.0,5.426264754702098,1.0,6356.913183279742,0.0222142857142857,0.0223655088561507,0.498303904904428,43.0,1
95.67756179682335,106099.49571224985,976.0,27.66352677115228,231.28571428571428,254915.0,1.0,0.8571428571428571,0.5428571428571428,4.285714285714286,0.8923518367993201,0.0,0.1809523809523809,0.8571428571428571,125749.28571428572,129165.71428571428,0.9266424407338067,0.4285714285714285,0.5714285714285714,0.0,3.0,4.0,0.027027027027027,0.8,5.0,2.235926350629033,0.4285714285714285,6.250965250965251,43.16666666666666,36.69430776322429,0.5405226642277223,2.0,0
8.80867967951128,11290.193246333618,1156.8333333333333,40.35983367011915,308.0,387425.8333333333,1.8333333333333333,1.1666666666666667,1.2083333333333333,5.166666666666667,1.0654529377631785,0.0,0.2152777777777777,1.0,221221.0,166204.83333333334,0.7721526779492692,0.6666666666666666,0.3333333333333333,0.0,4.0,5.0,0.0241935483870967,1.25,4.0,1.9182958340544891,0.3333333333333333,7.451612903225806,49.6,40.03298639871875,0.5533677052704896,1.0,0
1.7598348885785966,1806.8978364505983,820.5,54.872749056288434,96.0,98489.0,2.5,2.0,0.625,0.0,0.0,0.0,0.0,0.0,43590.0,54899.0,1.1235751730642716,0.5,0.5,0.0,2.0,2.0,0.0212765957446808,1.0,2.0,1.0,0.5,2.042553191489361,94.0,0.0,1.0,1.0,0
211.76907454845625,296481.4251596281,1400.023752591654,211.1377732545112,43111.66666666666,60357291.333333336,1.0,1.0,1.0,0.0,0.0,0.0,0.0,0.0,31599.666666666668,60325691.66666666,2029.6004931002053,1.0,0.0,0.0,1.0,1.0,0.0058823529411764,1.0,1.0,0.0,1.0,253.59803921568627,255.0,23.0,0.9172661870503598,3.0,5
597.8407538886821,35870.445233320934,60.0,0.3018240508908939,127.6206896551724,7657.241379310345,124.65517241379312,2.9655172413793105,56.88333333333333,0.0,0.0,0.0,0.0,0.0,177.93103448275863,7479.310344827586,49.15919540229885,1.0,0.0,0.0,1.0,1.0,29.29292929292929,0.0344827586206896,29.0,4.857980995127571,1.0,3738.3838383838383,0.0353571428571428,0.0316105930320317,0.5279727974625819,29.0,1
110.6843012734016,6641.058076404096,60.0,0.0486888803839971,2.110091743119266,126.60550458715596,1.0,0.0642201834862385,1.0,0.0,0.0,0.0,0.0,0.0,3.853211009174312,60.0,0.0642201834862385,1.0,0.0,0.0,109.0,1.0,18.257956448911223,1.0,1.0,0.0,1.0,38.52596314907873,0.0552777777777777,0.0539282502297219,0.5061788143597858,1.0,2
826.0358541003351,49562.15124602012,60.0,0.2630808692650833,122.41379310344828,7344.827586206897,120.1896551724138,2.2241379310344827,69.80632183908047,0.0,0.0,0.0,0.0,0.0,133.44827586206895,7211.379310344828,41.65114942528735,1.0,0.0,0.0,1.0,1.0,60.41666666666667,0.0172413793103448,58.0,5.85798099512757,1.0,7395.833333333334,0.0168421052631578,0.0172746538530676,0.4936607608531013,58.0,1
842.2958434490179,50537.75060694108,60.0,0.2331307746309788,115.54166666666669,6932.5,113.75,1.7916666666666667,81.62777777777778,0.0,0.0,0.0,0.0,0.0,107.5,6825.0,59.96111111111111,1.0,0.0,0.0,1.0,1.0,27.11864406779661,0.0416666666666666,24.0,4.584962500721156,1.0,3133.333333333333,0.0384782608695652,0.0321786717984841,0.5445787046875993,24.0,1
145.9324582839475,204312.5686747694,1400.0810025023209,139.4157464622902,18252.666666666668,25554700.33333333,1.0,1.0,1.0,0.0,0.0,0.0,0.0,0.0,23672.0,25531028.33333333,1200.7288484274757,1.0,0.0,0.0,1.0,1.0,0.0078328981723237,1.0,1.0,0.0,1.0,142.97127937336813,191.5,83.5,0.6963636363636363,3.0,5
25.092504314453244,27203.736314957278,1075.0,22.82672660556876,356.2,387088.2,3.2,3.0,0.8166666666666668,3.2,0.6405639062229567,0.0,0.125,0.6,197705.2,189383.0,0.9629163707009076,0.8,0.2,0.0,2.0,3.0,0.0218340611353711,1.0,3.0,1.521928094887362,0.6,7.777292576419214,57.25,26.67747176926629,0.6821365971489277,2.0,0
1070.1595345607384,64209.57207364432,60.0,0.2411260308247038,117.625,7057.5,114.20833333333331,3.4166666666666665,47.84236111111111,0.0,0.0,0.0,0.0,0.0,205.0,6852.5,41.75902777777778,1.0,0.0,0.0,1.0,1.0,25.078369905956112,0.0416666666666666,24.0,4.584962500721156,1.0,2949.843260188088,0.0416086956521739,0.0434078124910159,0.4894190147411615,24.0,1
62.11115548370207,3726.6693290221247,60.0,0.055650526458801,1.9189189189189189,115.13513513513512,1.0,0.1243243243243243,1.0,0.0,0.0,0.0,0.0,0.0,7.45945945945946,60.0,0.1243243243243243,1.0,0.0,0.0,185.0,1.0,29.365079365079367,1.0,1.0,0.0,1.0,56.34920634920635,0.0342391304347826,0.0294232123557373,0.5378239149546539,1.0,2
11.391526006896925,1112.4222127624082,120.5189393939394,0.2622310348071265,2.113636363636364,212.4090909090909,0.0,0.0,0.0,61.56818181818182,4.726683860019456,0.2243383472676388,0.4962009926273129,3.0,63.34090909090909,148.13636363636363,2.3387076569573604,0.0,1.0,0.0,1.0,1.0,0.1554770318021201,1.0,1.0,0.0,1.0,0.3286219081272085,6.5813953488372094,7.311133778202193,0.4737363001836479,44.0,4
26.59487680172777,28809.39582397664,1049.6666666666667,14.216464013111567,347.0,347882.3333333333,4.0,3.6666666666666665,1.111111111111111,4.0,1.0838763891292742,0.0,0.2777777777777778,1.0,155818.33333333334,192064.0,1.2189934984147268,1.0,0.0,0.0,2.0,2.0,0.1153846153846153,0.6666666666666666,3.0,1.584962500721156,0.6666666666666666,40.03846153846154,13.0,4.0,0.7647058823529411,2.0,0
146.35843329963055,168528.52371838703,963.8333333333334,22.810628006070107,246.0,251791.66666666663,0.8333333333333334,1.1666666666666667,0.5277777777777778,7.0,1.5171540513466002,0.0,0.3333333333333333,1.5,118319.66666666669,133472.0,1.1084382171670422,0.6666666666666666,0.3333333333333333,0.0,5.0,4.0,0.0265486725663716,0.8,5.0,2.251629167387823,0.3333333333333333,6.530973451327434,45.2,24.741867350707384,0.6462509754472956,1.0,0
68.51247203798103,4110.748322278861,60.0,0.055719473778712,2.14,128.4,1.0,0.14,1.0,0.0,0.0,0.0,0.0,0.0,8.4,60.0,0.14,1.0,0.0,0.0,50.0,1.0,11.60092807424594,1.0,1.0,0.0,1.0,24.825986078886316,0.0879591836734693,0.086825642592373,0.5032426758812926,1.0,2
397.57028343475366,556608.0409639635,1400.030357000608,132.4241000281076,37461.66666666666,52447415.0,1.0,1.0,1.0,0.0,0.0,0.0,0.0,0.0,28738.33333333333,52418676.66666666,2146.0884183968706,1.0,0.0,0.0,1.0,1.0,0.0055658627087198,1.0,1.0,0.0,1.0,208.5064935064935,269.5,1.5,0.9944649446494463,3.0,5
10.29530656004486,1203.8239963756928,153.10648148148147,1.246116333310641,9.8,1235.7333333333331,1.0,1.0,1.0,0.0,0.0,0.0,0.0,0.0,499.4666666666666,736.2666666666667,1.4780309910416538,1.0,0.0,0.0,1.0,1.0,0.0089277820319585,1.0,1.0,0.0,1.0,0.0874922639131933,120.01061042857144,1.5589689414793957,0.9871763236365736,15.0,3
78.52750186055883,4711.650111633527,60.0,0.0488639937664601,1.901639344262295,114.09836065573772,1.0,0.081967213114754,1.0,0.0,0.0,0.0,0.0,0.0,4.918032786885246,60.0,0.081967213114754,1.0,0.0,0.0,61.0,1.0,14.087759815242494,1.0,1.0,0.0,1.0,26.78983833718245,0.0721666666666666,0.0632743146062356,0.5328274056229467,1.0,2
1163.0857029873075,69785.14217923846,60.0,0.2706484554311355,124.03703703703704,7442.222222222223,121.48148148148148,2.555555555555556,62.35123456790124,0.0,0.0,0.0,0.0,0.0,153.33333333333334,7288.888888888889,43.129012345679016,1.0,0.0,0.0,1.0,1.0,58.37837837837838,0.0185185185185185,54.0,5.7548875021634665,1.0,7241.081081081081,0.0174528301886792,0.0161380436935268,0.5195705908063445,54.0,1
1368.7423885812746,82124.54331487647,60.0,0.2348672308780313,112.86363636363636,6771.818181818182,110.77272727272728,2.090909090909091,67.26363636363637,0.0,0.0,0.0,0.0,0.0,125.45454545454544,6646.363636363636,32.03636363636363,1.0,0.0,0.0,1.0,1.0,27.53441802252816,0.0454545454545454,22.0,4.459431618637295,1.0,3107.6345431789737,0.038047619047619,0.0495335155323921,0.4344271084186518,22.0,1
7.764020386227128,978.1452683248424,150.1222222222222,0.255369996874477,1.6666666666666667,210.66666666666663,0.0,0.0,0.0,60.2,4.732667913920692,0.2232641402477278,0.5080592593444693,3.0,62.8,147.06666666666666,2.3419821650536647,0.0,1.0,0.0,1.0,1.0,0.055350553505535,1.0,1.0,0.0,1.0,0.092250922509225,19.357142857142858,14.66096441408342,0.5690246874350889,15.0,4
28.652883022721035,32243.12349337907,976.0,29.23157431794444,321.4,340319.0,1.8,1.8,0.5666666666666667,5.0,1.264772751464757,0.0,0.3038461538461538,1.2,171342.8,168976.2,0.9860978223398668,0.6,0.2,0.2,2.0,3.0,0.0467289719626168,0.75,4.0,1.9219280948873625,0.6,15.018691588785046,26.75,13.736356867816154,0.6607164010171633,2.0,0
13.163283458974943,1217.4570612660525,114.1031746031746,0.2535860137473574,2.142857142857143,205.66666666666663,0.0,0.0,0.0,64.38095238095238,4.749657396723849,0.2449705150587406,0.4745542395711609,3.0,61.285714285714285,143.38095238095238,2.3394006814701056,0.0,1.0,0.0,1.0,1.0,0.0777777777777777,1.0,1.0,0.0,1.0,0.1666666666666666,13.5,11.434596626029272,0.5414164184195114,21.0,4
10.109213155099429,1399.4126398747555,161.61679431679434,1.247448612873144,11.0,1503.4666666666667,1.0,1.0,1.0,0.0,0.0,0.0,0.0,0.0,613.0666666666667,890.4,1.463794750230644,1.0,0.0,0.0,1.0,1.0,0.0089348679150851,1.0,1.0,0.0,1.0,0.0982835470659368,119.91543485714288,1.5953710445425664,0.9868705418196848,15.0,3
88.37230830048138,5302.338498028883,60.0,0.0508307838276547,2.1320754716981134,127.9245283018868,1.0,0.1320754716981132,1.0,0.0,0.0,0.0,0.0,0.0,7.924528301886792,60.0,0.1320754716981132,1.0,0.0,0.0,53.0,1.0,12.864077669902912,1.0,1.0,0.0,1.0,27.427184466019416,0.0792307692307692,0.0693887087313799,0.533111610383586,1.0,2
977.8004051169862,58668.02430701919,60.0,0.2331744786955952,131.42857142857142,7885.714285714285,128.71428571428572,2.7142857142857144,69.0170634920635,0.0,0.0,0.0,0.0,0.0,162.85714285714286,7722.857142857143,57.73134920634921,1.0,0.0,0.0,1.0,1.0,42.94478527607362,0.0238095238095238,42.0,5.3923174227787625,1.0,5644.171779141105,0.0238536585365853,0.0231343488426021,0.5076541838450231,42.0,1
98.27751913404067,5896.651148042441,60.0,0.0523723883745862,2.005952380952381,120.35714285714286,1.0,0.119047619047619,1.0,0.0,0.0,0.0,0.0,0.0,7.142857142857143,60.0,0.119047619047619,1.0,0.0,0.0,168.0,1.0,17.301750772399586,1.0,1.0,0.0,1.0,34.70648815653965,0.0581437125748502,0.0503832349562818,0.5357536897291904,1.0,2
85.92746572516562,5155.647943509937,60.0,0.0528780554159531,2.018292682926829,121.09756097560977,1.0,0.1158536585365853,1.0,0.0,0.0,0.0,0.0,0.0,6.951219512195122,60.0,0.1158536585365853,1.0,0.0,0.0,164.0,1.0,46.59090909090909,1.0,1.0,0.0,1.0,94.0340909090909,0.0215950920245398,0.013380985518929,0.6174246382459865,1.0,2
12.481826653727056,13227.40231007654,894.0,27.870045315605104,187.0,207287.0,3.0,2.75,1.125,3.75,0.7641411905327385,0.0,0.15,0.75,101247.75,106039.25,1.0505704242629277,1.0,0.0,0.0,2.0,3.0,0.0163265306122449,0.75,4.0,2.0,0.5,3.053061224489796,81.66666666666667,71.72788083366808,0.5323961509550296,2.0,0
9.34554253166842,1207.0661613832672,126.05911495911498,1.2205056292797685,10.666666666666666,1322.0,1.0,1.0,1.0,0.0,0.0,0.0,0.0,0.0,541.5,780.5,1.4545539493990451,1.0,0.0,0.0,1.0,1.0,0.010028123320305,1.0,1.0,0.0,1.0,0.1069666487499201,119.6634666,1.8401771805851328,0.9848549630008778,6.0,3
9.340178209956012,997.0186592052604,127.16666666666669,0.2458371785613463,2.066666666666667,205.66666666666663,0.0,0.0,0.0,62.266666666666666,4.766563322097363,0.2032851863285096,0.503079435131545,3.0,61.266666666666666,143.4,2.3417025001199385,0.0,1.0,0.0,1.0,1.0,0.0526315789473684,1.0,1.0,0.0,1.0,0.1087719298245614,20.357142857142858,23.138116798468968,0.468031298544423,15.0,4
90.3755503132441,5422.533018794647,60.0,0.0499785661512374,1.8666666666666667,112.0,1.0,0.0787878787878787,1.0,0.0,0.0,0.0,0.0,0.0,4.727272727272728,60.0,0.0787878787878787,1.0,0.0,0.0,165.0,1.0,19.1415313225058,1.0,1.0,0.0,1.0,35.730858468677496,0.0525609756097561,0.0470550009164095,0.5276360022024192,1.0,2
9.19866655121086,1155.4470323673236,153.1818181818182,0.2577848060484328,1.7272727272727273,218.6818181818182,0.0,0.0,0.0,62.45454545454545,4.7474787532119285,0.2338233018069631,0.4930344513989633,3.0,65.0909090909091,152.5909090909091,2.3442164179640907,0.0,1.0,0.0,1.0,1.0,0.0758620689655172,1.0,1.0,0.0,1.0,0.1310344827586207,13.80952380952381,13.203964222982965,0.5112084671518936,22.0,4
10.401717404699458,10642.669848783502,785.0,17.69068311103309,81.5,78256.5,3.5,3.5,1.0,6.0,1.4276942711037668,0.0,0.3333333333333333,1.5,37808.5,40448.0,1.0087478324479564,1.0,0.0,0.0,2.0,2.0,0.0096153846153846,1.0,2.0,1.0,0.5,0.7836538461538461,208.0,0.0,1.0,1.0,0
7.905922727347431,9079.279751368784,1135.3333333333333,36.07741353004616,299.3333333333333,321280.6666666667,1.6666666666666667,1.1666666666666667,0.7777777777777777,2.6666666666666665,0.5338032551857972,0.0,0.1041666666666666,0.5,154831.5,166449.16666666666,1.0963283274483546,0.5,0.5,0.0,4.0,5.0,0.036144578313253,0.8333333333333334,6.0,2.584962500721156,0.3333333333333333,10.819277108433734,33.2,23.04256930118688,0.5903002016534722,1.0,0
211.93569511664904,296715.2800400702,1400.0563621959209,205.00696582916697,39337.0,55072880.0,1.0,1.0,1.0,0.0,0.0,0.0,0.0,0.0,38851.5,55034028.5,1789.7282603460364,1.0,0.0,0.0,1.0,1.0,0.04,1.0,1.0,0.0,1.0,1573.48,50.0,0.0,1.0,2.0,5
11.530459575221553,1065.5037704759766,116.25,0.2616428233530172,2.142857142857143,211.0,0.0,0.0,0.0,61.75,4.735091595554386,0.2469801466700604,0.4905845314414149,3.0,62.92857142857143,147.17857142857142,2.338843050123901,0.0,1.0,0.0,1.0,1.0,0.0952380952380952,1.0,1.0,0.0,1.0,0.2040816326530612,10.88888888888889,10.089720964219104,0.5190472088061495,28.0,4
479.15813536149454,670825.2168247631,1400.0085650348128,159.47299843355225,59411.66666666666,83176832.33333333,1.0,1.0,1.0,0.0,0.0,0.0,0.0,0.0,22518.33333333333,83154314.0,3731.9242011847696,1.0,0.0,0.0,1.0,1.0,0.0142180094786729,1.0,1.0,0.0,1.0,844.7156398104265,105.5,51.5,0.6719745222929936,3.0,5
73.21055206656825,4392.633123994096,60.0,0.0556907373932872,1.892156862745098,113.52941176470588,1.0,0.0686274509803921,1.0,0.0,0.0,0.0,0.0,0.0,4.117647058823529,60.0,0.0686274509803921,1.0,0.0,0.0,102.0,1.0,33.44262295081968,1.0,1.0,0.0,1.0,63.278688524590166,0.0301980198019801,0.0273582828343295,0.5246692094312809,1.0,2
5.8517523499219735,5015.933691114473,1046.5,40.67504890359001,216.5,198306.5,4.0,4.0,1.0666666666666669,7.5,1.620111964470926,0.0,0.3666666666666666,1.5,110752.0,87554.5,0.8033728949774277,1.0,0.0,0.0,2.0,2.0,0.0085470085470085,1.0,2.0,1.0,0.5,1.8504273504273503,234.0,0.0,1.0,1.0,0
819.0238837793169,49141.43302675901,60.0,0.2630126511154661,120.85,7251.0,118.575,2.275,71.18833333333335,0.0,0.0,0.0,0.0,0.0,136.5,7114.5,40.61333333333334,1.0,0.0,0.0,1.0,1.0,43.01075268817204,0.025,40.0,5.321928094887364,1.0,5197.849462365592,0.0238461538461538,0.027861874015734,0.4611692774252943,40.0,1
10.023636852059823,1545.4857001462235,159.5709595959596,1.0614566642577676,9.833333333333334,1374.3333333333333,1.0,1.0,1.0,0.0,0.0,0.0,0.0,0.0,564.3333333333334,810.0,1.410945328799288,1.0,0.0,0.0,1.0,1.0,0.0100154513208327,1.0,1.0,0.0,1.0,0.0984852713215225,119.8148702,1.0725096594937318,0.9911280262609689,6.0,3
116.0391882569189,6962.351295415136,60.0,0.0500158900445161,2.0,120.0,1.0,0.1333333333333333,1.0,0.0,0.0,0.0,0.0,0.0,8.0,60.0,0.1333333333333333,1.0,0.0,0.0,105.0,1.0,22.97592997811816,1.0,1.0,0.0,1.0,45.95185995623632,0.0439423076923077,0.0366222470540782,0.5454297839867218,1.0,2
96.3728332242105,5782.36999345263,60.0,0.0460736232590597,1.978142076502732,118.68852459016394,1.0,0.1038251366120218,1.0,0.0,0.0,0.0,0.0,0.0,6.229508196721311,60.0,0.1038251366120218,1.0,0.0,0.0,183.0,1.0,19.63519313304721,1.0,1.0,0.0,1.0,38.8412017167382,0.0512087912087912,0.0458457798178878,0.5276288449589311,1.0,2
9.437136779415098,969.2624045971452,131.21221100328242,1.290634092243968,10.214285714285714,1110.571428571429,1.0,1.0,1.0,0.0,0.0,0.0,0.0,0.0,463.2857142857143,647.2857142857143,1.4155058743583402,1.0,0.0,0.0,1.0,1.0,0.0089777347637689,1.0,1.0,0.0,1.0,0.0917011479442117,119.95487784615383,1.7760639453744926,0.9854099219209516,14.0,3
15.778234792220925,11742.035083365405,848.0,27.83762945940989,303.0,249623.0,3.25,2.25,1.6458333333333333,0.0,0.0,0.0,0.0,0.0,116361.75,133261.25,1.100254306738972,1.0,0.0,0.0,2.0,4.0,0.0169491525423728,1.3333333333333333,3.0,1.5,0.25,5.135593220338983,78.66666666666667,17.745108872274887,0.8159445900349851,1.0,0
83.13759329494573,4988.255597696744,60.0,0.05328747539332,1.8695652173913044,112.17391304347828,1.0,0.1521739130434782,1.0,0.0,0.0,0.0,0.0,0.0,9.130434782608695,60.0,0.1521739130434782,1.0,0.0,0.0,92.0,1.0,17.391304347826086,1.0,1.0,0.0,1.0,32.514177693761816,0.0581318681318681,0.0423203919857645,0.5787014454806086,1.0,2
9.84679250448497,1007.5052190184292,116.61666666666666,0.2955459985003035,2.1,207.4,0.0,0.0,0.0,59.8,4.704160435373936,0.2249524903080712,0.5005448296573167,3.0,61.7,144.7,2.34580127479402,0.0,1.0,0.0,1.0,1.0,0.1098901098901098,1.0,1.0,0.0,1.0,0.2307692307692307,9.413793103448276,7.039383012634924,0.5721565877026118,30.0,4
8.80485646613845,1298.7661754266333,177.4989316239316,1.2027145421863623,9.5,1442.5,1.0,1.0,1.0,0.0,0.0,0.0,0.0,0.0,608.4,834.1,1.3657015251952322,1.0,0.0,0.0,1.0,1.0,0.0092662455279153,1.0,1.0,0.0,1.0,0.0880293325151955,119.9095262222222,1.6023446800550862,0.9868132663240472,10.0,3
57.37697051227508,51985.26159993575,992.8,19.529307901084405,135.0,142192.8,0.8,0.2,0.8,3.0,0.6379796190928574,0.0,0.1333333333333333,0.6,67486.2,74706.6,1.1406865734962008,0.6,0.4,0.0,3.0,3.0,0.0271739130434782,0.6,5.0,2.321928094887362,0.4,3.668478260869565,46.0,30.495901363953813,0.6013394074689078,1.0,0
996.4481027944564,59786.88616766738,60.0,0.2806254656892382,134.6,8076.0,132.575,2.025,86.84708333333333,0.0,0.0,0.0,0.0,0.0,121.5,7954.5,47.79708333333333,1.0,0.0,0.0,1.0,1.0,42.23864836325238,0.025,40.0,5.321928094887364,1.0,5685.32206969377,0.0242820512820512,0.0250670370109869,0.4920466035332366,40.0,1
90.54836398399574,5432.901839039744,60.0,0.0522098460377986,1.9270833333333333,115.625,1.0,0.0729166666666666,1.0,0.0,0.0,0.0,0.0,0.0,4.375,60.0,0.0729166666666666,1.0,0.0,0.0,192.0,1.0,32.820512820512825,1.0,1.0,0.0,1.0,63.24786324786325,0.0306282722513089,0.0226658641933786,0.5747024775060777,1.0,2
252.8988139714254,354062.3592521819,1400.018904714362,149.8422198326352,35326.666666666664,49457899.0,1.0,1.0,1.0,0.0,0.0,0.0,0.0,0.0,31808.666666666668,49426090.333333336,1836.5940350338608,1.0,0.0,0.0,1.0,1.0,0.0171428571428571,1.0,1.0,0.0,1.0,605.6,87.5,32.5,0.7291666666666666,3.0,5
104.35501506987777,6261.300904192667,60.0,0.0491070880846282,1.9703703703703703,118.22222222222224,1.0,0.1111111111111111,1.0,0.0,0.0,0.0,0.0,0.0,6.666666666666667,60.0,0.1111111111111111,1.0,0.0,0.0,135.0,1.0,30.2013422818792,1.0,1.0,0.0,1.0,59.50782997762864,0.0333582089552238,0.029217251851387,0.5330877076289888,1.0,2
8.141487448191048,1166.966596752189,161.24448805163092,1.34336275820117,9.642857142857142,1310.071428571429,1.0,1.0,1.0,0.0,0.0,0.0,0.0,0.0,535.1428571428571,774.9285714285714,1.4316776362092172,1.0,0.0,0.0,1.0,1.0,0.0089765159448278,1.0,1.0,0.0,1.0,0.0865592608965544,119.97116515384616,1.5589072777816009,0.9871726623164924,14.0,3
993.621589815321,59617.29538891926,60.0,0.2560341254294154,129.11111111111111,7746.666666666667,126.62222222222222,2.488888888888889,68.41999999999999,0.0,0.0,0.0,0.0,0.0,149.33333333333334,7597.333333333333,50.73111111111111,1.0,0.0,0.0,1.0,1.0,47.02194357366771,0.0222222222222222,45.0,5.491853096329673,1.0,6071.05538140021,0.02175,0.0164013926792264,0.5700971438414347,45.0,1
11.82522796336788,13726.666658947795,1128.6666666666667,20.49989540729555,226.33333333333331,252321.5,1.6666666666666667,1.8333333333333333,0.3055555555555556,8.0,1.903592361471689,0.0,0.4444444444444444,2.0,128382.33333333331,123939.16666666669,0.9865956644226488,0.3333333333333333,0.5,0.1666666666666666,4.0,4.0,0.0246913580246913,1.0,4.0,1.9182958340544891,0.3333333333333333,5.588477366255144,48.6,24.92869832141261,0.6609664132439426,1.0,0
77.67079076822841,4660.247446093705,60.0,0.0508100954457082,1.9692307692307691,118.15384615384616,1.0,0.0307692307692307,1.0,0.0,0.0,0.0,0.0,0.0,1.8461538461538465,60.0,0.0307692307692307,1.0,0.0,0.0,65.0,1.0,14.541387024608502,1.0,1.0,0.0,1.0,28.635346756152128,0.06984375,0.0685221722213875,0.5047756620900409,1.0,2
868.7460404557569,52124.76242734541,60.0,0.2498997988608059,123.6875,7421.25,121.2,2.4875,65.20104166666667,0.0,0.0,0.0,0.0,0.0,149.25,7272.0,41.53854166666666,1.0,0.0,0.0,1.0,1.0,80.64516129032258,0.0125,80.0,6.321928094887356,1.0,9974.798387096776,0.0125569620253164,0.0117965311737279,0.5156123568264604,80.0,1
3.491714047113741,2651.218665338346,833.0,24.56041797945973,87.0,65919.0,2.5,2.0,0.625,0.0,0.0,0.0,0.0,0.0,33288.5,32630.5,1.075966065793481,0.5,0.5,0.0,1.0,2.0,0.0075471698113207,1.0,2.0,1.0,0.5,0.6566037735849056,265.0,0.0,1.0,1.0,0
84.45775868186927,5067.465520912155,60.0,0.0457023056972353,2.055555555555556,123.33333333333331,1.0,0.037037037037037,1.0,0.0,0.0,0.0,0.0,0.0,2.2222222222222223,60.0,0.037037037037037,1.0,0.0,0.0,54.0,1.0,15.976331360946746,1.0,1.0,0.0,1.0,32.84023668639053,0.0637735849056603,0.0578621137524647,0.5242999021603464,1.0,2
618.0875991385611,37085.25594831367,60.0,0.3174062855202921,119.65217391304348,7179.130434782609,117.52173913043478,2.130434782608696,78.1572463768116,0.0,0.0,0.0,0.0,0.0,127.82608695652172,7051.304347826087,70.07028985507247,1.0,0.0,0.0,1.0,1.0,23.5655737704918,0.0434782608695652,23.0,4.523561956057013,1.0,2819.672131147541,0.0443636363636363,0.0413999840300204,0.5172780272102125,23.0,1
113.32882553087843,6799.729531852709,60.0,0.0502508595964217,2.1262135922330097,127.5728155339806,1.0,0.0970873786407767,1.0,0.0,0.0,0.0,0.0,0.0,5.825242718446602,60.0,0.0970873786407767,1.0,0.0,0.0,103.0,1.0,11.457174638487208,1.0,1.0,0.0,1.0,24.360400444938826,0.0881372549019607,0.0759996180609193,0.5369741320823944,1.0,2
1072.2076308086123,64332.45784851674,60.0,0.2510540820508515,128.8955223880597,7733.731343283582,126.59701492537312,2.298507462686567,72.36840796019901,0.0,0.0,0.0,0.0,0.0,137.91044776119404,7595.820895522388,52.5773631840796,1.0,0.0,0.0,1.0,1.0,71.2008501594049,0.0149253731343283,67.0,6.066089190457767,1.0,9177.470775770458,0.0142575757575757,0.013707231674691,0.5098399405076836,67.0,1
12.278918780112726,1164.4078401022489,106.47333707958708,1.289487530199025,12.5,1260.25,1.0,1.0,1.0,0.0,0.0,0.0,0.0,0.0,510.75,749.5,1.4698003285568806,1.0,0.0,0.0,1.0,1.0,0.0095641460021546,1.0,1.0,0.0,1.0,0.1195518250269329,119.49390385714288,1.3249900347857535,0.9890332547161792,8.0,3
74.61709992542754,4477.025995525652,60.0,0.0487782558464626,1.9438775510204085,116.63265306122447,1.0,0.1479591836734693,1.0,0.0,0.0,0.0,0.0,0.0,8.877551020408163,60.0,0.1479591836734693,1.0,0.0,0.0,196.0,1.0,30.01531393568147,1.0,1.0,0.0,1.0,58.34609494640122,0.0334871794871794,0.0284315388211228,0.5408248168258578,1.0,2
958.160138715016,57489.60832290095,60.0,0.279007648583624,126.4,7584.0,123.8,2.6,64.22895833333332,0.0,0.0,0.0,0.0,0.0,156.0,7428.0,57.22895833333333,1.0,0.0,0.0,1.0,1.0,84.12197686645636,0.0126582278481012,79.0,6.296928094887356,1.0,10633.017875920084,0.0120379746835443,0.0112592499671223,0.516712821550607,80.0,1
9.93769790945665,1038.423720290329,134.09895833333334,0.2675771344249317,2.0625,217.4375,0.0,0.0,0.0,62.46875,4.745442761107963,0.2303466399724519,0.4919352911291587,3.0,64.8125,151.71875,2.3418359288002417,0.0,1.0,0.0,1.0,1.0,0.1107266435986159,1.0,1.0,0.0,1.0,0.2283737024221453,9.32258064516129,8.479147464655119,0.5236896433678558,32.0,4
45.55803470983541,57495.285535251154,1104.0,27.62498147213201,227.6,246258.4,1.4,0.8,1.0,3.0,0.6113129524261908,0.0,0.12,0.6,127765.4,118493.0,1.0111557243914076,1.0,0.0,0.0,3.0,3.0,0.0284090909090909,1.0,3.0,1.3709505944546687,0.6,6.465909090909091,44.0,40.10610926031095,0.5231486795307422,2.0,0
9.097740509400492,994.2766935621606,130.25396825396825,1.4179930959713931,11.0,1306.5,1.0,1.0,1.0,0.0,0.0,0.0,0.0,0.0,544.1666666666666,762.3333333333334,1.3751358757894383,1.0,0.0,0.0,1.0,1.0,0.0100286278715515,1.0,1.0,0.0,1.0,0.110314906587067,119.6574462,1.2620208623758016,0.9895631291384638,6.0,3
295.0953358912983,294931.65920315933,976.0,20.041350091467976,299.0,294697.0,2.5,2.5,0.7833333333333333,0.0,0.0,0.0,0.0,0.0,150325.75,144371.25,1.0427251562546886,0.75,0.25,0.0,3.0,3.0,0.0275862068965517,1.0,3.0,1.5,0.5,8.248275862068965,48.333333333333336,25.30261295246446,0.6563823210167044,2.0,0
21.278002465878423,25843.1051481346,1121.0,16.59810984410298,225.0,234605.0,3.0,3.0,0.6833333333333332,4.0,1.0838763891292742,0.0,0.2777777777777778,1.0,121171.33333333331,113433.66666666669,0.9827057882641862,0.6666666666666666,0.3333333333333333,0.0,2.0,3.0,0.0127659574468085,1.5,2.0,0.9182958340544896,0.3333333333333333,2.872340425531915,117.5,90.5,0.5649038461538461,1.0,0
10.308496024166033,8930.65602945856,909.1666666666666,39.3478942550764,327.3333333333333,304687.6666666667,1.3333333333333333,1.0,0.8055555555555555,7.0,1.621456481962252,0.0,0.3657407407407407,1.5,155040.33333333334,149647.33333333334,1.0513021144263015,0.6666666666666666,0.3333333333333333,0.0,4.0,4.0,0.0352941176470588,0.8,5.0,2.2516291673878226,0.5,11.552941176470588,34.0,48.228622207149975,0.4134813290966661,1.0,0
8.136383123467489,921.1910660733776,120.12512487512488,1.376699456791541,10.909090909090908,1219.4545454545455,1.0,1.0,1.0,0.0,0.0,0.0,0.0,0.0,492.8181818181818,726.6363636363636,1.5026738976953855,1.0,0.0,0.0,1.0,1.0,0.0091765391086185,1.0,1.0,0.0,1.0,0.1001076993667482,119.8708998,1.9466010055130347,0.984020350174308,11.0,3
9.10201773632971,1221.1672753973403,171.32176434676435,1.1876967467487294,9.583333333333334,1377.5833333333333,1.0,1.0,1.0,0.0,0.0,0.0,0.0,0.0,564.25,813.3333333333334,1.4442244476961976,1.0,0.0,0.0,1.0,1.0,0.009083905743668,1.0,1.0,0.0,1.0,0.0870540967101522,120.09251545454548,1.3726151768785535,0.9886995126112064,12.0,3
10.026376338014744,1101.259860751998,123.46666666666668,0.2972438732872568,2.0,209.48,0.0,0.0,0.0,63.16,4.719484347841054,0.2321843378992593,0.4762778102843311,3.0,62.36,146.2,2.345176188403845,0.0,1.0,0.0,1.0,1.0,0.0915750915750915,1.0,1.0,0.0,1.0,0.1831501831501831,11.375,9.464021784280366,0.5458509577729113,25.0,4
85.90733087858968,60211.61481307666,777.8,16.411437843244283,262.6,224493.2,1.6,1.4,0.5833333333333333,3.6,0.6784294447329068,0.0,0.1222222222222222,0.6,111880.4,112612.8,0.9841033169878554,0.6,0.4,0.0,3.0,3.0,0.0208333333333333,0.6,5.0,2.321928094887362,0.6,5.470833333333333,60.0,35.14256678161116,0.6306325552233956,2.0,0
10.132620007544212,910.2788736237926,115.33333333333331,0.2863155476202852,2.206896551724138,213.06896551724137,0.0,0.0,0.0,60.793103448275865,4.723058272563174,0.2194879290480695,0.4983764416109388,3.0,63.44827586206897,148.68965517241378,2.3431235772906813,0.0,1.0,0.0,1.0,1.0,0.1115384615384615,1.0,1.0,0.0,1.0,0.2461538461538461,9.285714285714286,11.52592463863573,0.4461789059221964,29.0,4
12.06263940689913,1317.128891266062,114.1410866910867,1.1818006015686418,11.833333333333334,1354.1666666666667,1.0,1.0,1.0,0.0,0.0,0.0,0.0,0.0,578.3333333333334,775.8333333333334,1.3589492036958282,1.0,0.0,0.0,1.0,1.0,0.0055639166643498,1.0,1.0,0.0,1.0,0.0658396805281397,215.6754086,115.92721326905182,0.650403206658508,6.0,3
403.2173577696017,564513.3344656278,1400.022115416101,86.7791170404034,35431.0,49604198.0,1.0,1.0,1.0,0.0,0.0,0.0,0.0,0.0,17942.0,49586256.0,3142.80902063924,1.0,0.0,0.0,1.0,1.0,0.009090909090909,1.0,1.0,0.0,1.0,322.1,220.0,0.0,1.0,2.0,5
11.134543121511571,9624.501169084246,821.8,34.13898451223603,254.6,197300.0,2.8,2.8,0.9266666666666664,6.6,1.343075730492431,0.0,0.2688888888888889,1.2,93804.2,103495.8,1.1099174080035628,1.0,0.0,0.0,3.0,4.0,0.0210084033613445,2.0,2.0,0.9709505944546686,0.4,5.348739495798319,59.5,41.34307680857824,0.5900256307425422,1.0,0
434.244231039371,607944.8332239694,1400.007134732588,108.41164033763836,48719.5,68207607.0,1.0,1.0,1.0,0.0,0.0,0.0,0.0,0.0,40239.5,68167367.5,1637.5818855574134,1.0,0.0,0.0,1.0,1.0,0.0072202166064981,1.0,1.0,0.0,1.0,351.7653429602888,277.0,0.0,1.0,2.0,5
9.181765032848178,1150.0397645353323,138.8172043010753,0.2522308787121313,1.935483870967742,217.29032258064515,0.0,0.0,0.0,60.354838709677416,4.694127913091952,0.2076411499255222,0.4959923607912692,3.0,64.6774193548387,151.6451612903226,2.3452704653385927,0.0,1.0,0.0,1.0,1.0,0.1127272727272727,1.0,1.0,0.0,1.0,0.2181818181818181,9.166666666666666,8.77907866590921,0.5107988827873838,31.0,4
274.0969965692609,383740.2228095896,1400.0237389610252,178.83546437433506,45190.25,63267143.5,1.0,1.0,1.0,0.0,0.0,0.0,0.0,0.0,32953.25,63234190.25,2523.2613577836373,1.0,0.0,0.0,1.0,1.0,0.0111731843575419,1.0,1.0,0.0,1.0,504.9189944134078,119.33333333333331,28.75567576825293,0.8058216747974383,4.0,5
9.81998815400247,8623.237536178325,812.0,32.279018331701764,262.2,232811.4,1.8,1.8,0.7333333333333333,0.0,0.0,0.0,0.0,0.0,109903.0,122908.4,1.0193162373835236,0.8,0.2,0.0,3.0,4.0,0.0207468879668049,1.0,4.0,1.9219280948873625,0.4,5.439834024896266,60.25,59.10742339165191,0.504786365924635,1.0,0
94.99262431211544,5699.557458726926,60.0,0.0510818250957131,1.9702380952380956,118.21428571428572,1.0,0.0892857142857142,1.0,0.0,0.0,0.0,0.0,0.0,5.357142857142857,60.0,0.0892857142857142,1.0,0.0,0.0,168.0,1.0,17.5,1.0,1.0,0.0,1.0,34.47916666666667,0.0574850299401197,0.0513496708660629,0.5281865941129514,1.0,2
161.18879737938627,225665.7516814977,1400.0089047773806,95.44707976069012,15385.0,21539137.0,1.0,1.0,1.0,0.0,0.0,0.0,0.0,0.0,23986.0,21515151.0,896.987867922955,1.0,0.0,0.0,1.0,1.0,1.0,1.0,1.0,0.0,1.0,15385.0,0.0,0.0,0.0,0.0,5
7.266449807969982,7313.934191783598,1064.857142857143,26.049507466875,169.0,188117.7142857143,2.142857142857143,2.2857142857142856,0.6785714285714286,6.0,1.3973930273991375,0.0,0.3166666666666667,1.2857142857142858,83642.14285714286,104475.57142857143,1.2551830797368404,0.7142857142857143,0.2857142857142857,0.0,5.0,5.0,0.0261194029850746,1.0,5.0,2.235926350629033,0.2857142857142857,4.414179104477612,44.66666666666666,19.01461426260221,0.7014096766721474,2.0,0
10.198525728115124,921.297326728859,99.65333333333332,0.3059556188391285,2.36,206.84,0.0,0.0,0.0,61.72,4.728933807171242,0.2250308971382472,0.4952901551766767,3.0,61.68,144.32,2.339499225311971,0.0,1.0,0.0,1.0,1.0,0.0856164383561643,1.0,1.0,0.0,1.0,0.2020547945205479,12.166666666666666,11.11930253608062,0.5224891676499872,25.0,4
12.278722586766,1515.8168240430184,141.93263403263404,0.9408935142391204,9.666666666666666,1214.6666666666667,1.0,1.0,1.0,0.0,0.0,0.0,0.0,0.0,515.3333333333334,699.3333333333334,1.3714546900111042,1.0,0.0,0.0,1.0,1.0,0.0099535506279257,1.0,1.0,0.0,1.0,0.0962176560699485,120.55999359999998,1.1568241571811355,0.9904957738914194,6.0,3
185.48451331710388,259680.0121662979,1400.0094017488334,213.3055983368553,41164.66666666666,57630886.0,1.0,1.0,1.0,0.0,0.0,0.0,0.0,0.0,25129.666666666668,57605756.333333336,2794.7647721393664,1.0,0.0,0.0,1.0,1.0,0.0055045871559633,1.0,1.0,0.0,1.0,226.59449541284403,272.5,258.5,0.5131826741996234,3.0,5
85.41110609570245,5124.666365742147,60.0,0.0489309423106098,2.0535714285714284,123.21428571428572,1.0,0.119047619047619,1.0,0.0,0.0,0.0,0.0,0.0,7.142857142857143,60.0,0.119047619047619,1.0,0.0,0.0,168.0,1.0,40.0,1.0,1.0,0.0,1.0,82.14285714285714,0.0251497005988023,0.0191388336896525,0.5678603052203147,1.0,2
8.192277299889568,881.6799105580368,130.80882352941174,0.3095948094966189,1.9705882352941175,204.94117647058823,0.0,0.0,0.0,60.64705882352941,4.740065447726657,0.2176089948103045,0.5006852089401518,3.0,61.02941176470589,142.97058823529412,2.3426035733943165,0.0,1.0,0.0,1.0,1.0,0.126865671641791,1.0,1.0,0.0,1.0,0.25,8.121212121212121,5.464805165827885,0.5977625340547094,34.0,4
70.80371055122,4248.222633073199,60.0,0.0558271207549027,2.0172413793103448,121.03448275862068,1.0,0.1034482758620689,1.0,0.0,0.0,0.0,0.0,0.0,6.206896551724138,60.0,0.1034482758620689,1.0,0.0,0.0,116.0,1.0,12.07075962539022,1.0,1.0,0.0,1.0,24.34963579604579,0.0835652173913043,0.0686413654514513,0.5490249884765852,1.0,2
18.593068366440782,19610.19275854188,997.0,34.24537629833184,276.0,264640.1666666667,2.333333333333333,2.0,1.097222222222222,6.5,1.4994859675099406,0.0,0.3361111111111111,1.5,129384.0,135256.16666666666,1.1214316759405054,1.0,0.0,0.0,3.0,2.0,0.0333333333333333,0.4,5.0,2.2516291673878226,0.6666666666666666,9.2,36.0,19.524343778985248,0.648364258806877,2.0,0
324.02494847683585,453638.3614427588,1400.007873199149,155.955815868916,44495.66666666666,62294315.0,1.0,1.0,1.0,0.0,0.0,0.0,0.0,0.0,32306.666666666668,62262008.333333336,2326.801035806126,1.0,0.0,0.0,1.0,1.0,0.0116731517509727,1.0,1.0,0.0,1.0,519.4046692607004,128.5,101.5,0.558695652173913,3.0,5
9.890518033679117,1245.5425185247962,141.1105465962609,1.418849193291186,11.142857142857142,1500.2857142857142,1.0,1.0,1.0,0.0,0.0,0.0,0.0,0.0,612.4285714285714,887.8571428571429,1.464208999914949,1.0,0.0,0.0,1.0,1.0,0.0097293738390016,1.0,1.0,0.0,1.0,0.1084130227774468,119.9117935,1.7409153558145527,0.9856894649351546,7.0,3
10.294525083898076,1127.6665017797766,133.51666666666668,0.2405340893916051,1.75,199.05,0.0,0.0,0.0,58.85,4.7238112665947565,0.2126046989685026,0.5141363368601957,3.0,59.35,138.75,2.3378497065931123,0.0,1.0,0.0,1.0,1.0,0.0687285223367697,1.0,1.0,0.0,1.0,0.120274914089347,15.31578947368421,15.983717476755253,0.4893300555160715,20.0,4
1125.483292797093,67528.9975678256,60.0,0.2471259036988732,127.72131147540983,7663.2786885245905,125.22950819672133,2.4918032786885247,69.05109289617486,0.0,0.0,0.0,0.0,0.0,149.50819672131146,7513.770491803279,48.46092896174864,1.0,0.0,0.0,1.0,1.0,63.47554630593133,0.0163934426229508,61.0,5.930737337562883,1.0,8107.180020811655,0.0160166666666666,0.01520360885521,0.5130213106365263,61.0,1
87.49823767160049,5249.894260296031,60.0,0.0492983040411906,1.893258426966292,113.59550561797752,1.0,0.1123595505617977,1.0,0.0,0.0,0.0,0.0,0.0,6.741573033707865,60.0,0.1123595505617977,1.0,0.0,0.0,178.0,1.0,20.770128354725788,1.0,1.0,0.0,1.0,39.323220536756125,0.0484180790960452,0.04664792170826,0.5093101496476593,1.0,2
305.03108699876265,427047.0411910006,1400.0246915368073,211.0826649789124,54433.75,76207994.5,1.0,1.0,1.0,0.0,0.0,0.0,0.0,0.0,24765.5,76183229.0,5388.320619237066,1.0,0.0,0.0,1.0,1.0,0.0120481927710843,1.0,1.0,0.0,1.0,655.8283132530121,110.66666666666669,50.33443707399096,0.6873658881552126,4.0,5
1189.3883350986202,71363.30010591721,60.0,0.224025624813165,121.19354838709675,7271.612903225807,119.06451612903226,2.129032258064516,77.28602150537635,0.0,0.0,0.0,0.0,0.0,127.74193548387096,7143.870967741936,57.8021505376344,1.0,0.0,0.0,1.0,1.0,31.313131313131315,0.032258064516129,31.0,4.954196310386877,1.0,3794.949494949495,0.033,0.0250572677414491,0.5684042891401888,31.0,1
8.654663726591062,886.5653712167147,125.1372549019608,0.3090425143775787,2.0588235294117645,216.7058823529412,0.0,0.0,0.0,62.64705882352941,4.711901810994927,0.21449216308737,0.4815908039726024,3.0,64.6470588235294,151.1764705882353,2.338393900376936,0.0,1.0,0.0,1.0,1.0,0.0639097744360902,1.0,1.0,0.0,1.0,0.131578947368421,16.625,13.042598475763944,0.5603756574223996,17.0,4
50.50755992341844,50897.56041086603,953.0,21.193112269892072,229.28571428571428,233114.2857142857,1.2857142857142858,1.7142857142857142,0.4166666666666666,4.714285714285714,0.9593398074945936,0.0,0.192063492063492,0.8571428571428571,102925.42857142857,130188.85714285714,1.154970382976625,0.5714285714285714,0.2857142857142857,0.1428571428571428,3.0,3.0,0.0309734513274336,0.6,5.0,2.1280852788913944,0.5714285714285714,7.101769911504425,37.66666666666666,26.80588658402396,0.5842279352611677,2.0,0
5.620740273546978,3981.4309665435353,650.5,36.46462649865827,167.0,108083.5,3.0,2.5,1.5,6.0,1.4276942711037668,0.0,0.3333333333333333,1.5,58579.5,49504.0,0.907603707809412,1.0,0.0,0.0,2.0,2.0,0.0071428571428571,1.0,2.0,1.0,0.5,1.1928571428571428,280.0,0.0,1.0,1.0,0
9.851987758101462,1026.2831012347017,127.38888888888889,0.2859429985339187,2.111111111111111,211.8148148148148,0.0,0.0,0.0,59.0,4.650996258207217,0.2157919607198154,0.491363945741443,3.0,62.96296296296296,147.85185185185185,2.3485806020980875,0.0,1.0,0.0,1.0,1.0,0.0967741935483871,1.0,1.0,0.0,1.0,0.2043010752688172,10.73076923076923,13.025294009106616,0.4517065442373907,27.0,4
7.6480230108310625,1013.7583138702756,144.73728459040962,1.4267676270335086,10.375,1322.375,1.0,1.0,1.0,0.0,0.0,0.0,0.0,0.0,515.25,807.125,1.5558116938288502,1.0,0.0,0.0,1.0,1.0,0.0051202777042008,1.0,1.0,0.0,1.0,0.0531228811810833,223.20217942857136,99.58792734659772,0.6914777582822169,8.0,3
81.80625209456397,4908.375125673839,60.0,0.0509247924953597,2.0638297872340425,123.82978723404256,1.0,0.0691489361702127,1.0,0.0,0.0,0.0,0.0,0.0,4.148936170212766,60.0,0.0691489361702127,1.0,0.0,0.0,188.0,1.0,23.52941176470588,1.0,1.0,0.0,1.0,48.56070087609512,0.0427272727272727,0.0367611957488169,0.5375279401706574,1.0,2
17.265499288501523,23011.002933223142,1142.4,27.3714311321294,189.2,225504.0,2.4,2.0,0.8666666666666666,2.4,0.6503258334775646,0.0,0.1666666666666666,0.6,121468.4,104035.6,0.8940961417702822,0.8,0.2,0.0,4.0,4.0,0.0193050193050193,0.8,5.0,2.321928094887362,0.4,3.652509652509652,64.75,49.9868732768914,0.5643347090672463,1.0,0
755.4380724404502,45326.28434642702,60.0,0.2817380685635783,141.75,8505.0,140.25,1.5,102.86083333333332,0.0,0.0,0.0,0.0,0.0,90.0,8415.0,42.11083333333333,1.0,0.0,0.0,1.0,1.0,23.14814814814815,0.05,20.0,4.321928094887363,1.0,3281.25,0.0454736842105263,0.0661874279849934,0.4072472798847051,20.0,1
27.87451462745953,18756.4255702849,1144.0,27.934533513120535,275.75,266988.0,1.25,1.5,0.2083333333333333,6.0,1.526754427398839,0.0,0.375,1.5,128306.5,138681.5,1.0782867522549853,0.25,0.75,0.0,3.0,3.0,0.0141342756183745,1.5,2.0,1.0,0.5,3.8975265017667846,94.33333333333331,74.23087108624162,0.5596285027307888,2.0,0
10.83314433283704,1000.7233008797195,120.85416666666669,0.2985102080051154,2.25,224.0625,0.0,0.0,0.0,59.65625,4.718977343212816,0.2447202914183778,0.5009969087058276,3.0,66.75,156.40625,2.3438485051523195,0.0,1.0,0.0,1.0,1.0,0.1142857142857142,1.0,1.0,0.0,1.0,0.2571428571428571,9.03225806451613,9.385932751241192,0.4903987668967333,32.0,4
9.869072457511882,1171.2000529269903,146.61979166666666,0.2468558167102192,1.75,212.53125,0.0,0.0,0.0,60.21875,4.680791530197407,0.2172026533360043,0.4929862756745774,3.0,63.25,148.3125,2.344355008360899,0.0,1.0,0.0,1.0,1.0,0.1130742049469964,1.0,1.0,0.0,1.0,0.1978798586572438,9.129032258064516,10.61569724962678,0.4623528650776615,32.0,4
52.46441398782834,36023.909326956986,696.5,5.782843915273199,259.0,186312.0,4.5,3.5,1.2916666666666663,0.0,0.0,0.0,0.0,0.0,84491.5,101820.5,1.1594503526644515,1.0,0.0,0.0,2.0,2.0,0.0145985401459854,1.0,2.0,1.0,0.5,3.781021897810219,137.0,0.0,1.0,1.0,0
97.73304740281723,5863.982844169036,60.0,0.044072315266277,1.947368421052632,116.84210526315788,1.0,0.1184210526315789,1.0,0.0,0.0,0.0,0.0,0.0,7.105263157894737,60.0,0.1184210526315789,1.0,0.0,0.0,76.0,1.0,8.92018779342723,1.0,1.0,0.0,1.0,17.370892018779344,0.1135999999999999,0.1193497940230033,0.4876587269649279,1.0,2
7.93132612857564,1017.413615790218,150.82,0.3108140291470534,1.64,209.64,0.0,0.0,0.0,60.6,4.692501973351217,0.2404578906857059,0.4948387322502229,3.0,62.44,146.24,2.3427732868129607,0.0,1.0,0.0,1.0,1.0,0.0856164383561643,1.0,1.0,0.0,1.0,0.1404109589041096,12.166666666666666,11.234866364235144,0.5199089585541484,25.0,4
9.1632730074369,1220.995499838646,155.3257575757576,0.2521179116561558,1.5909090909090908,202.27272727272728,0.0,0.0,0.0,60.95454545454545,4.716444099436305,0.2164563679109369,0.496927559711816,3.0,60.18181818181818,141.1818181818182,2.3463493920556022,0.0,1.0,0.0,1.0,1.0,0.0817843866171003,1.0,1.0,0.0,1.0,0.1301115241635687,12.80952380952381,10.759797518094173,0.5434829298421041,22.0,4
970.8909503009088,58253.45701805452,60.0,0.2465252195412359,127.0377358490566,7622.264150943396,124.26415094339625,2.7735849056603774,61.57578616352201,0.0,0.0,0.0,0.0,0.0,166.41509433962264,7455.849056603773,46.17955974842767,1.0,0.0,0.0,1.0,1.0,56.68449197860962,0.0188679245283018,53.0,5.727920454563195,1.0,7201.0695187165775,0.0179807692307692,0.0212290533726916,0.4585781836509032,53.0,1
9.68286338713642,1084.627441336319,132.21568627450984,0.2715409424929025,1.9411764705882355,215.7058823529412,0.0,0.0,0.0,62.76470588235294,4.715237380661988,0.2345441265098014,0.4865128691284314,3.0,64.3529411764706,150.47058823529412,2.338613305408537,0.0,1.0,0.0,1.0,1.0,0.0653846153846153,1.0,1.0,0.0,1.0,0.1269230769230769,16.25,12.305994474238968,0.5690574010532011,17.0,4
92.14357938699304,5528.614763219584,60.0,0.0513676339940711,2.057971014492753,123.47826086956522,1.0,0.0434782608695652,1.0,0.0,0.0,0.0,0.0,0.0,2.608695652173913,60.0,0.0434782608695652,1.0,0.0,0.0,69.0,1.0,7.849829351535837,1.0,1.0,0.0,1.0,16.154721274175202,0.1292647058823529,0.0971553664236489,0.5709065656849294,1.0,2
9.315583242428552,910.0799930462416,110.4420634920635,1.2929427054218638,11.5,1111.1666666666667,1.0,1.0,1.0,0.0,0.0,0.0,0.0,0.0,464.1666666666667,647.0,1.4064512229447317,1.0,0.0,0.0,1.0,1.0,0.0100077115755907,1.0,1.0,0.0,1.0,0.1150886831192933,119.9075324,0.3669527624823674,0.9969490390086756,6.0,3
21.44150109070542,21324.754563123683,844.5,23.211826183942154,286.8333333333333,246267.66666666663,3.5,3.5,0.8833333333333333,4.5,1.0235878771420184,0.0,0.225,1.0,110516.0,135751.66666666666,1.1706062117025666,0.8333333333333334,0.1666666666666666,0.0,3.0,4.0,0.0241935483870967,1.0,4.0,1.9182958340544891,0.3333333333333333,6.939516129032258,49.6,52.56843159159307,0.4854728532808497,2.0,0
661.0637872009609,39663.82723205766,60.0,0.2731873602052565,119.84848484848484,7190.909090909091,117.36363636363636,2.484848484848485,63.61919191919191,0.0,0.0,0.0,0.0,0.0,149.0909090909091,7041.818181818182,45.16464646464647,1.0,0.0,0.0,1.0,1.0,36.02620087336244,0.0303030303030303,33.0,5.044394119358456,1.0,4317.68558951965,0.0286249999999999,0.0285621580942337,0.500549440712395,33.0,1
76.3922090348138,107693.45153520272,1062.857142857143,26.07466250173298,178.14285714285714,192333.14285714287,2.2857142857142856,2.142857142857143,0.6071428571428571,6.0,1.3898198416819303,0.0,0.3134920634920635,1.2857142857142858,94431.57142857143,97901.57142857143,0.9643531071519976,0.5714285714285714,0.2857142857142857,0.1428571428571428,4.0,4.0,0.0316742081447963,0.8,5.0,2.235926350629033,0.4285714285714285,5.642533936651584,36.833333333333336,43.45272015523181,0.458776234885918,1.0,0
74.49056961061048,4469.434176636629,60.0,0.0543345271392572,1.9115044247787607,114.69026548672566,1.0,0.0973451327433628,1.0,0.0,0.0,0.0,0.0,0.0,5.84070796460177,60.0,0.0973451327433628,1.0,0.0,0.0,113.0,1.0,12.914285714285716,1.0,1.0,0.0,1.0,24.685714285714287,0.078125,0.0664203503937503,0.5404878108301839,1.0,2
417.8161502926768,584948.5869303342,1400.0275230945615,152.21856689328612,35854.25,50196788.5,1.0,1.0,1.0,0.0,0.0,0.0,0.0,0.0,28299.0,50168489.5,2033.9345408331528,1.0,0.0,0.0,1.0,1.0,0.0122699386503067,1.0,1.0,0.0,1.0,439.9294478527608,108.66666666666669,70.31516352979791,0.607137979019354,4.0,5
97.19171750629108,5831.503050377466,60.0,0.0517371556787609,1.9253731343283584,115.5223880597015,1.0,0.1641791044776119,1.0,0.0,0.0,0.0,0.0,0.0,9.850746268656716,60.0,0.1641791044776119,1.0,0.0,0.0,67.0,1.0,13.929313929313931,1.0,1.0,0.0,1.0,26.819126819126826,0.0728787878787878,0.064096639904254,0.5320573847319684,1.0,2
107.20041942976955,6432.025165786173,60.0,0.0494545501544454,1.931578947368421,115.89473684210526,1.0,0.1,1.0,0.0,0.0,0.0,0.0,0.0,6.0,60.0,0.1,1.0,0.0,0.0,190.0,1.0,24.836601307189543,1.0,1.0,0.0,1.0,47.97385620915033,0.0404761904761904,0.0344155390381506,0.5404627552157096,1.0,2
9.8788336629905,5412.793411926646,624.3333333333334,41.99772139347711,251.66666666666663,151852.33333333334,2.0,1.6666666666666667,1.1666666666666667,0.0,0.0,0.0,0.0,0.0,77138.0,74714.33333333333,1.0229636972738858,1.0,0.0,0.0,2.0,3.0,0.025,1.0,3.0,1.584962500721156,0.3333333333333333,6.291666666666667,60.0,51.0,0.5405405405405405,1.0,0
85.57826171498381,5134.695702899028,60.0,0.05279870567178,1.9793814432989687,118.76288659793816,1.0,0.1030927835051546,1.0,0.0,0.0,0.0,0.0,0.0,6.185567010309279,60.0,0.1030927835051546,1.0,0.0,0.0,97.0,1.0,32.441471571906355,1.0,1.0,0.0,1.0,64.21404682274247,0.0311458333333333,0.0244041403448722,0.5606813337798763,1.0,2
1076.464592673584,64587.87556041504,60.0,0.2414088423479438,129.51020408163265,7770.612244897959,127.22448979591836,2.2857142857142856,76.78809523809524,0.0,0.0,0.0,0.0,0.0,137.14285714285714,7633.469387755102,48.58401360544218,1.0,0.0,0.0,1.0,1.0,51.68776371308017,0.0204081632653061,49.0,5.614709844115208,1.0,6694.09282700422,0.01975,0.018935746618499,0.5105239455442168,49.0,1
7.062146780324146,822.8531365374694,126.84394926061591,1.3706759627323055,9.0,1097.7777777777778,1.0,1.0,1.0,0.0,0.0,0.0,0.0,0.0,426.1111111111111,671.6666666666666,1.5568253946504496,1.0,0.0,0.0,1.0,1.0,0.0093556311829436,1.0,1.0,0.0,1.0,0.0842006806464931,120.248434125,1.5054167433289407,0.98763557183126,9.0,3
9.230405017731355,982.1343653704316,121.37878787878786,0.272886846267685,2.1818181818181817,214.63636363636363,0.0,0.0,0.0,59.72727272727273,4.702709274888735,0.2212804886594472,0.4974429832031929,3.0,63.90909090909091,149.8181818181818,2.345096311964948,0.0,1.0,0.0,1.0,1.0,0.0390070921985815,1.0,1.0,0.0,1.0,0.0851063829787234,28.2,35.354773369376865,0.4437117545224045,11.0,4
8.569278305646534,903.5443057870295,138.12745098039218,0.3170971303441444,1.8823529411764703,205.52941176470588,0.0,0.0,0.0,64.11764705882354,4.745562755774126,0.2456855250345381,0.4791833659956315,3.0,61.23529411764706,143.41176470588235,2.342026908875746,0.0,1.0,0.0,1.0,1.0,0.0622710622710622,1.0,1.0,0.0,1.0,0.1172161172161172,17.0625,13.502169964490893,0.558242572873278,17.0,4
17.885577837478177,1496.8524645713385,115.07777777777778,0.2610375113712739,2.2,212.06666666666663,0.0,0.0,0.0,63.53333333333333,4.793690186853281,0.2167541871353556,0.5040061141055587,3.0,63.2,147.93333333333334,2.342214527481437,0.0,1.0,0.0,1.0,1.0,0.0531914893617021,1.0,1.0,0.0,1.0,0.1170212765957446,20.142857142857142,14.15655901924285,0.5872653064314984,15.0,4
9.76193486156656,1244.605781173633,153.59523809523807,0.234206656104647,1.5714285714285714,201.42857142857144,0.0,0.0,0.0,60.80952380952381,4.739287668334892,0.2188231441011881,0.5033754265558277,3.0,60.04761904761905,140.52380952380952,2.3408906924022737,0.0,1.0,0.0,1.0,1.0,0.0777777777777777,1.0,1.0,0.0,1.0,0.1222222222222222,13.5,15.021651041080672,0.4733246325942178,21.0,4
12.714708171923654,8189.67525985165,708.4,27.428804697945047,236.8,182282.4,2.4,2.4,0.86,3.0,0.674711452455037,0.0,0.1466666666666666,0.6,95613.0,86669.4,0.9704844828646204,1.0,0.0,0.0,3.0,4.0,0.0454545454545454,1.3333333333333333,3.0,1.521928094887362,0.4,10.763636363636364,27.5,14.5,0.6547619047619048,1.0,0
829.9535059657452,49797.21035794472,60.0,0.2857421648835498,136.91666666666666,8215.0,134.54166666666666,2.375,74.86388888888888,0.0,0.0,0.0,0.0,0.0,142.5,8072.5,50.23888888888889,1.0,0.0,0.0,1.0,1.0,24.390243902439025,0.0416666666666666,24.0,4.584962500721156,1.0,3339.430894308943,0.0427826086956521,0.0328910672711936,0.5653565542976413,24.0,1
964.127697530164,57847.66185180983,60.0,0.2209490204473616,121.4,7284.0,119.48333333333332,1.9166666666666667,80.59583333333332,0.0,0.0,0.0,0.0,0.0,115.0,7169.0,40.06250000000001,1.0,0.0,0.0,1.0,1.0,61.79196704428424,0.0166666666666666,60.0,5.906890595608517,1.0,7501.5447991761075,0.016457627118644,0.0207178969827148,0.4427006078992305,60.0,1
87.43232421582475,5245.939452949484,60.0,0.0507111676034275,2.046052631578948,122.76315789473684,1.0,0.1118421052631579,1.0,0.0,0.0,0.0,0.0,0.0,6.7105263157894735,60.0,0.1118421052631579,1.0,0.0,0.0,152.0,1.0,51.006711409395976,1.0,1.0,0.0,1.0,104.36241610738256,0.0197350993377483,0.0146909450810435,0.5732607295125572,1.0,2
44.51983034474876,29731.245903477826,899.5,19.249513823567668,247.0,208865.0,2.5,3.25,0.7916666666666666,6.75,1.6229632740824185,0.0,0.375,1.5,102266.75,106598.25,0.9836144577686624,1.0,0.0,0.0,3.0,3.0,0.0310077519379844,0.75,4.0,2.0,0.5,7.658914728682171,43.0,46.36809247747852,0.481156068211217,1.0,0
11.85944239912061,994.376876263,110.50980392156865,0.2769977437860618,2.235294117647059,201.11764705882356,0.0,0.0,0.0,58.0,4.752768747013153,0.2253625219617606,0.527326801374877,3.0,59.76470588235294,140.47058823529412,2.3515008720770965,0.0,1.0,0.0,1.0,1.0,0.0618181818181818,1.0,1.0,0.0,1.0,0.1381818181818181,17.1875,10.938571376098434,0.6110878327147372,17.0,4
85.18820461010685,5111.29227660641,60.0,0.0510155224647835,2.054054054054054,123.24324324324324,1.0,0.081081081081081,1.0,0.0,0.0,0.0,0.0,0.0,4.864864864864865,60.0,0.081081081081081,1.0,0.0,0.0,148.0,1.0,22.12257100149477,1.0,1.0,0.0,1.0,45.44095665171898,0.0455102040816326,0.0377276973532363,0.5467485760347156,1.0,2
892.1347614932857,53528.08568959715,60.0,0.2626682954910879,119.67647058823528,7180.588235294118,116.76470588235294,2.911764705882353,56.05122549019608,0.0,0.0,0.0,0.0,0.0,174.7058823529412,7005.882352941177,46.3453431372549,1.0,0.0,0.0,1.0,1.0,68.34170854271356,0.0147058823529411,68.0,6.087462841250345,1.0,8178.894472361809,0.0148507462686567,0.0126269715249082,0.5404650553669569,68.0,1
31.09984972050978,29968.239108901453,1015.6,18.189011506819654,299.0,298157.4,2.6,2.6,0.8666666666666668,3.0,0.6379796190928574,0.0,0.1333333333333333,0.6,145467.6,152689.8,1.048491419870722,0.8,0.2,0.0,4.0,4.0,0.0188679245283018,1.0,4.0,1.9219280948873625,0.4,5.6415094339622645,66.25,43.17044706740944,0.6054627062452606,1.0,0
8.58735665140547,929.0435621527688,129.88690476190476,0.2788792036936153,1.9642857142857144,212.89285714285717,0.0,0.0,0.0,62.285714285714285,4.751347589762128,0.2418469272813937,0.4961432517480483,3.0,63.46428571428572,148.57142857142858,2.340825230246004,0.0,1.0,0.0,1.0,1.0,0.1033210332103321,1.0,1.0,0.0,1.0,0.2029520295202952,10.037037037037036,9.912511665422985,0.5031210072335796,28.0,4
160.1649175122153,224232.61865802744,1400.010753306016,198.6566485738473,32660.0,45724354.5,1.0,1.0,1.0,0.0,0.0,0.0,0.0,0.0,23555.5,45700799.0,1999.0676432891448,1.0,0.0,0.0,1.0,1.0,0.0108695652173913,1.0,1.0,0.0,1.0,355.0,184.0,0.0,1.0,2.0,5
98.30870482392471,5898.522289435484,60.0,0.048581308273517,1.946153846153846,116.76923076923076,1.0,0.1538461538461538,1.0,0.0,0.0,0.0,0.0,0.0,9.23076923076923,60.0,0.1538461538461538,1.0,0.0,0.0,130.0,1.0,33.50515463917526,1.0,1.0,0.0,1.0,65.20618556701031,0.0300775193798449,0.0208165156565425,0.5909831939703846,1.0,2
97.6679973426458,136739.3451230578,1400.0527792812952,241.32575787186613,22444.5,31423306.0,1.0,1.0,1.0,0.0,0.0,0.0,0.0,0.0,25407.5,31397898.5,1202.6679131394153,1.0,0.0,0.0,1.0,1.0,0.0625,1.0,1.0,0.0,1.0,1402.78125,32.0,0.0,1.0,2.0,5
9.381446201446678,1021.962920981334,133.0333333333333,0.3003789585940695,2.0,218.05,0.0,0.0,0.0,59.45,4.688233908707231,0.2514931710764183,0.494031996979786,3.0,65.1,152.05,2.3354259127641352,0.0,1.0,0.0,1.0,1.0,0.0704225352112676,1.0,1.0,0.0,1.0,0.1408450704225352,14.947368421052632,14.299332646225972,0.5110787841222832,20.0,4
55.84501814872233,3350.70108892334,60.0,0.0561481000075816,2.12280701754386,127.36842105263158,1.0,0.1228070175438596,1.0,0.0,0.0,0.0,0.0,0.0,7.368421052631579,60.0,0.1228070175438596,1.0,0.0,0.0,57.0,1.0,15.966386554621849,1.0,1.0,0.0,1.0,33.89355742296919,0.06375,0.0637114729520067,0.5001511321307568,1.0,2
287.3143539946289,402245.81099831365,1400.0269409146026,136.41898480735136,40162.0,56227572.5,1.0,1.0,1.0,0.0,0.0,0.0,0.0,0.0,33955.5,56193617.0,1581.417925678854,1.0,0.0,0.0,1.0,1.0,0.0047846889952153,1.0,1.0,0.0,1.0,192.16267942583733,418.0,0.0,1.0,2.0,5
211.67836400110917,296355.1645662796,1400.0310207200243,209.4336034495379,42567.5,59595600.25,1.0,1.0,1.0,0.0,0.0,0.0,0.0,0.0,28016.75,59567583.5,2303.612462020447,1.0,0.0,0.0,1.0,1.0,0.0079365079365079,1.0,1.0,0.0,1.0,337.8373015873016,168.0,71.62867209900423,0.7010847179864588,4.0,5
1083.3585321570256,65001.51192942157,60.0,0.2651471215506538,127.70886075949367,7662.53164556962,124.78481012658229,2.9240506329113924,58.56118143459914,0.0,0.0,0.0,0.0,0.0,175.4430379746835,7487.088607594937,41.72573839662447,1.0,0.0,0.0,1.0,1.0,81.69596690796277,0.0126582278481012,79.0,6.303780748177105,1.0,10433.29886246122,0.0123974358974358,0.0126504684656235,0.4949490271816737,79.0,1
12.771820346840409,1302.0406548667806,126.99166666666667,0.2703405084256104,2.05,207.2,0.0,0.0,0.0,62.25,4.769341166821695,0.2308062301359007,0.5013541248182674,3.0,61.7,144.5,2.3420831013750782,0.0,1.0,0.0,1.0,1.0,0.0746268656716417,1.0,1.0,0.0,1.0,0.1529850746268656,14.105263157894736,13.329408471267802,0.5141400396023369,20.0,4
20.375201066420576,21323.24203905314,902.6666666666666,23.82077711095728,210.66666666666663,188720.3333333333,2.6666666666666665,3.333333333333333,0.7777777777777778,5.0,1.0716870040676898,0.0,0.2222222222222222,1.0,99256.83333333331,89463.5,0.9351928678790395,1.0,0.0,0.0,4.0,5.0,0.0254237288135593,1.25,4.0,1.9182958340544896,0.3333333333333333,5.3559322033898304,47.2,49.82930864461196,0.4864509565133444,1.0,0
1124.6666997955865,67480.00198773519,60.0,0.2317603731986257,121.8125,7308.75,119.75,2.0625,76.88697916666666,0.0,0.0,0.0,0.0,0.0,123.75,7185.0,46.23072916666666,1.0,0.0,0.0,1.0,1.0,33.64879074658255,0.03125,32.0,5.0,1.0,4098.843322818087,0.0306774193548387,0.0280533904532217,0.5223394578602999,32.0,1
10.709161771921677,13721.535608304424,1257.5,21.756356614157248,228.5,292341.0,0.5,0.0,0.5,9.0,1.696073611832267,0.0,0.3333333333333333,1.5,154590.5,137750.5,0.9188143547338216,0.5,0.5,0.0,2.0,2.0,0.0125786163522012,1.0,2.0,1.0,0.5,2.8742138364779874,159.0,0.0,1.0,1.0,0
132.79404056352325,7967.642433811397,60.0,0.04913845669118,1.9772727272727275,118.63636363636364,1.0,0.106060606060606,1.0,0.0,0.0,0.0,0.0,0.0,6.363636363636363,60.0,0.106060606060606,1.0,0.0,0.0,132.0,1.0,35.77235772357724,1.0,1.0,0.0,1.0,70.73170731707317,0.0281679389312977,0.0219924180799634,0.5615577840678827,1.0,2
191.8892299790512,115719.30713044728,986.6,25.853355080831573,279.0,287817.4,2.2,2.4,0.7333333333333333,5.4,1.228305452570422,0.0,0.27,1.2,137615.4,150202.0,1.044112178487399,0.8,0.2,0.0,4.0,5.0,0.0183150183150183,1.6666666666666667,3.0,1.521928094887362,0.2,5.1098901098901095,68.25,37.85085864283663,0.6432558687366275,1.0,0
91.0376980953453,5462.261885720718,60.0,0.0516362090502599,1.966887417218543,118.01324503311258,1.0,0.0927152317880794,1.0,0.0,0.0,0.0,0.0,0.0,5.562913907284768,60.0,0.0927152317880794,1.0,0.0,0.0,151.0,1.0,21.11888111888112,1.0,1.0,0.0,1.0,41.53846153846153,0.0476666666666666,0.0392668930383967,0.5483114556493924,1.0,2
11.58784338175885,10840.970727611071,932.5,20.29928955272008,235.0,208594.0,5.0,5.5,0.9166666666666669,0.0,0.0,0.0,0.0,0.0,94857.0,113737.0,1.170140146830245,1.0,0.0,0.0,2.0,2.0,0.0219780219780219,1.0,2.0,1.0,0.5,5.164835164835165,91.0,0.0,1.0,1.0,0
7.834043719664147,1035.3401100499966,133.0762626262626,1.112473216700666,8.285714285714286,960.1428571428572,1.0,1.0,1.0,0.0,0.0,0.0,0.0,0.0,391.1428571428572,569.0,1.4981837519729144,1.0,0.0,0.0,1.0,1.0,0.009692785595847,1.0,1.0,0.0,1.0,0.0803116520798759,120.3644355,1.9608388370890983,0.9839702886609872,7.0,3
738.649331001507,44318.959860090414,60.0,0.2776852857257518,123.54545454545456,7412.727272727273,121.27272727272728,2.272727272727273,72.76787878787879,0.0,0.0,0.0,0.0,0.0,136.36363636363637,7276.363636363636,46.91333333333333,1.0,0.0,0.0,1.0,1.0,57.17255717255718,0.0181818181818181,55.0,5.781359713524656,1.0,7063.409563409564,0.0178148148148148,0.0179010387388181,0.4987929180542487,55.0,1
12.722415645522767,1144.9755259098188,101.02272727272728,0.2684805793605962,2.386363636363636,209.9090909090909,0.0,0.0,0.0,61.09090909090909,4.719647046624301,0.2234512333716275,0.4947165697267971,3.0,62.54545454545455,146.45454545454547,2.3419441089612083,0.0,1.0,0.0,1.0,1.0,0.1560283687943262,1.0,1.0,0.0,1.0,0.3723404255319149,6.558139534883721,8.00378493482025,0.4503621446827242,44.0,4
933.1432053561122,55988.59232136673,60.0,0.2522137665882396,129.25641025641025,7755.384615384615,126.8974358974359,2.358974358974359,74.57094017094016,0.0,0.0,0.0,0.0,0.0,141.53846153846155,7613.846153846154,39.36581196581196,1.0,0.0,0.0,1.0,1.0,40.41450777202073,0.0256410256410256,39.0,5.285402218862247,1.0,5223.834196891192,0.0253947368421052,0.0319411790588198,0.4429115056954297,39.0,1
19.840684707823087,16656.711449463328,1027.75,25.22596533735484,324.25,299038.5,1.75,2.25,0.5416666666666666,3.75,0.7641411905327384,0.0,0.15,0.75,135501.5,163537.0,1.21470947133146,0.75,0.25,0.0,3.0,3.0,0.0253164556962025,1.0,3.0,1.5,0.5,8.208860759493671,52.66666666666666,23.17086292931036,0.6944670659401396,1.0,0
1076.8693731470787,64612.16238882472,60.0,0.2567105457488128,117.7,7062.0,115.0,2.7,50.90222222222222,0.0,0.0,0.0,0.0,0.0,162.0,6900.0,34.76888888888889,1.0,0.0,0.0,1.0,1.0,32.29278794402583,0.0333333333333333,30.0,4.906890595608519,1.0,3800.8611410118406,0.0320344827586206,0.0494294919355673,0.3932349591199868,30.0,1
8.149261214031865,1154.1238565370095,154.99221905545437,1.2375707599901082,9.235294117647058,1311.764705882353,1.0,1.0,1.0,0.0,0.0,0.0,0.0,0.0,522.2941176470588,789.4705882352941,1.5215117742598887,1.0,0.0,0.0,1.0,1.0,0.0088573482538386,1.0,1.0,0.0,1.0,0.0818002162266276,119.956895625,1.4159680669945751,0.9883337343791456,17.0,3
19.834455988343283,24520.52256137285,1091.0,26.328963814057307,267.8333333333333,275072.3333333333,2.0,1.8333333333333333,1.1111111111111112,5.0,1.04107714293254,0.0,0.2111111111111111,1.0,141579.16666666666,133493.16666666666,0.9789485570544856,0.8333333333333334,0.1666666666666666,0.0,3.0,4.0,0.0303030303030303,1.0,4.0,1.9182958340544896,0.3333333333333333,8.116161616161616,39.6,39.29681920970195,0.5019213752425952,1.0,0
1599.581975495967,95974.91852975804,60.0,0.2307000939264905,139.0597014925373,8343.58208955224,136.91044776119404,2.149253731343284,82.55373134328359,0.0,0.0,0.0,0.0,0.0,128.955223880597,8214.626865671642,56.210447761194025,1.0,0.0,0.0,1.0,1.0,67.54032258064517,0.0149253731343283,67.0,6.066089190457767,1.0,9392.137096774191,0.015030303030303,0.0156243493895767,0.4903106655535189,67.0,1
8.715184655916824,909.4081281062706,122.51075268817203,0.2895093037642239,1.967741935483871,202.8709677419355,0.0,0.0,0.0,61.16129032258065,4.70463307590129,0.2417767042785791,0.4890052667793214,3.0,60.41935483870968,141.4516129032258,2.3413833965805924,0.0,1.0,0.0,1.0,1.0,0.1099290780141844,1.0,1.0,0.0,1.0,0.2163120567375886,9.4,8.456161461719299,0.5264289315568784,31.0,4
942.4147325238376,56544.88395143025,60.0,0.249375590254558,129.275,7756.5,126.95,2.325,75.97791666666667,0.0,0.0,0.0,0.0,0.0,139.5,7617.0,52.02791666666667,1.0,0.0,0.0,1.0,1.0,43.05705059203444,0.025,40.0,5.321928094887364,1.0,5566.200215285253,0.0238205128205128,0.0233961116590483,0.5044941921001599,40.0,1
5.143129428424442,5294.908136464777,902.5,31.116503190815656,219.5,236319.0,1.0,1.5,0.3333333333333333,6.0,1.6258145836939113,0.0,0.4166666666666667,1.5,116115.5,120203.5,1.1263254728293095,0.5,0.5,0.0,2.0,2.0,0.0137931034482758,1.0,2.0,1.0,0.5,3.027586206896552,145.0,0.0,1.0,1.0,0
20.15322407504945,13931.904108970884,1003.0,17.99654148945589,195.66666666666663,183729.0,0.3333333333333333,0.0,0.3333333333333333,5.0,1.0632993651547624,0.0,0.2222222222222222,1.0,88775.66666666667,94953.33333333331,1.1446638387138202,0.3333333333333333,0.6666666666666666,0.0,3.0,2.0,0.0145631067961165,0.6666666666666666,3.0,1.584962500721156,0.6666666666666666,2.849514563106796,103.0,65.0,0.613095238095238,1.0,0
85.69989511083682,5141.993706650209,60.0,0.0506037126133211,2.056497175141243,123.38983050847456,1.0,0.135593220338983,1.0,0.0,0.0,0.0,0.0,0.0,8.135593220338983,60.0,0.135593220338983,1.0,0.0,0.0,177.0,1.0,20.509849362688296,1.0,1.0,0.0,1.0,42.1784472769409,0.0490340909090909,0.0370607452408868,0.5695357945007666,1.0,2
367.2529868047554,514157.8342676492,1400.0154934773225,122.50457290730957,35209.333333333336,49293478.0,1.0,1.0,1.0,0.0,0.0,0.0,0.0,0.0,29220.666666666668,49264257.333333336,2481.140741410201,1.0,0.0,0.0,1.0,1.0,0.0225563909774436,1.0,1.0,0.0,1.0,794.1954887218045,66.5,43.5,0.6045454545454545,3.0,5
8.252807045651794,1154.739247715552,156.48104858104858,1.112964127082029,8.166666666666666,1195.6666666666667,1.0,1.0,1.0,0.0,0.0,0.0,0.0,0.0,487.3333333333333,708.3333333333334,1.4867765862252529,1.0,0.0,0.0,1.0,1.0,0.0099621589385152,1.0,1.0,0.0,1.0,0.0813576313312077,120.4558176,0.6081002557255188,0.9949770314186412,6.0,3
255.5626889252962,357791.4169524701,1400.014662850305,178.5309409003329,46262.5,64768145.0,1.0,1.0,1.0,0.0,0.0,0.0,0.0,0.0,30355.0,64737790.0,2643.8433218718674,1.0,0.0,0.0,1.0,1.0,0.0092165898617511,1.0,1.0,0.0,1.0,426.3824884792627,217.0,0.0,1.0,2.0,5
105.31874413121248,6319.12464787275,60.0,0.0488004385144429,1.8849557522123892,113.09734513274336,1.0,0.1061946902654867,1.0,0.0,0.0,0.0,0.0,0.0,6.371681415929204,60.0,0.1061946902654867,1.0,0.0,0.0,113.0,1.0,32.65895953757226,1.0,1.0,0.0,1.0,61.5606936416185,0.0308928571428571,0.0245514609482588,0.557187069955275,1.0,2
701.7527794646847,982467.2722149604,1400.0174609227524,104.5070676866469,56405.0,78968015.0,1.0,1.0,1.0,0.0,0.0,0.0,0.0,0.0,34000.5,78934014.5,2344.0246550598717,1.0,0.0,0.0,1.0,1.0,0.0206185567010309,1.0,1.0,0.0,1.0,1162.9896907216496,97.0,0.0,1.0,2.0,5
93.95510488584377,5637.306293150626,60.0,0.0513852833278576,1.9655172413793105,117.93103448275862,1.0,0.1103448275862069,1.0,0.0,0.0,0.0,0.0,0.0,6.620689655172414,60.0,0.1103448275862069,1.0,0.0,0.0,145.0,1.0,19.674355495251017,1.0,1.0,0.0,1.0,38.670284938941656,0.0511805555555555,0.0446046915783807,0.5343260792968452,1.0,2
9.791291255611153,10154.231001982149,1032.428571428571,37.61986694913185,268.57142857142856,306625.8571428572,3.2857142857142856,3.2857142857142856,0.8761904761904761,1.7142857142857142,0.416899404864927,0.0,0.0952380952380952,0.4285714285714285,148204.85714285713,158421.0,1.0462140390504704,0.8571428571428571,0.1428571428571428,0.0,4.0,4.0,0.024390243902439,1.0,4.0,1.8423709931771084,0.4285714285714285,6.550522648083624,47.833333333333336,45.178965115293295,0.5142689099307987,2.0,0
754.2221093492875,45253.32656095726,60.0,0.2584642853908274,136.21311475409837,8172.786885245901,133.60655737704917,2.6065573770491803,69.80109289617486,0.0,0.0,0.0,0.0,0.0,156.39344262295083,8016.393442622951,48.83387978142078,1.0,0.0,0.0,1.0,1.0,65.45064377682404,0.0163934426229508,61.0,5.930737337562883,1.0,8915.236051502145,0.0155333333333333,0.0135726031237767,0.5336826511740282,61.0,1
206.67451485916305,289345.3921909745,1400.005253831897,209.18364184101472,43705.0,61187218.5,1.0,1.0,1.0,0.0,0.0,0.0,0.0,0.0,15887.5,61171331.0,4591.806835083099,1.0,0.0,0.0,1.0,1.0,0.004750593824228,1.0,1.0,0.0,1.0,207.624703087886,421.0,0.0,1.0,2.0,5
1018.4178867901468,61105.07320740879,60.0,0.2433562857709173,115.1904761904762,6911.428571428572,112.984126984127,2.2063492063492065,69.40925925925926,0.0,0.0,0.0,0.0,0.0,132.38095238095238,6779.047619047619,40.80608465608466,1.0,0.0,0.0,1.0,1.0,65.42056074766356,0.0161290322580645,62.0,5.945533891753889,1.0,7535.825545171339,0.0155322580645161,0.0115949345752518,0.5725715252136384,63.0,1
169.07925192177652,236714.4140833638,1400.0278326192283,239.85884135791056,37750.0,52850836.0,1.0,1.0,1.0,0.0,0.0,0.0,0.0,0.0,24726.5,52826109.5,3347.553744992243,1.0,0.0,0.0,1.0,1.0,0.0132450331125827,1.0,1.0,0.0,1.0,500.0,151.0,0.0,1.0,2.0,5
792.7740988680202,47566.44593208122,60.0,0.2833678806249,132.609756097561,7956.585365853659,130.1219512195122,2.4878048780487805,68.26097560975609,0.0,0.0,0.0,0.0,0.0,149.26829268292684,7807.317073170731,52.67560975609756,1.0,0.0,0.0,1.0,1.0,44.95614035087719,0.024390243902439,41.0,5.357552004618081,1.0,5961.622807017544,0.0228,0.0160486759578477,0.586892588687935,41.0,1
6.580543031284297,5576.210590361261,843.6,39.81815794497751,230.4,211081.6,2.0,2.0,0.8,0.0,0.0,0.0,0.0,0.0,112987.6,98094.0,0.9128239822847084,0.8,0.2,0.0,3.0,2.0,0.0251256281407035,0.6666666666666666,3.0,1.521928094887362,0.8,5.788944723618091,49.75,54.061885834661744,0.4792322150782947,2.0,0
1429.572344727204,85774.34068363221,60.0,0.2532608668763074,140.36363636363637,8421.818181818182,137.95454545454547,2.409090909090909,78.41060606060606,0.0,0.0,0.0,0.0,0.0,144.54545454545453,8277.272727272728,63.77424242424242,1.0,0.0,0.0,1.0,1.0,23.20675105485232,0.0454545454545454,22.0,4.459431618637295,1.0,3257.383966244726,0.0451428571428571,0.0464084205354872,0.4930882264850711,22.0,1
243.43930947746648,340819.1313339356,1400.0153671193696,194.22067169221168,27461.666666666668,38446812.333333336,1.0,1.0,1.0,0.0,0.0,0.0,0.0,0.0,23693.666666666668,38423118.66666666,1977.635796607746,1.0,0.0,0.0,1.0,1.0,0.0083565459610027,1.0,1.0,0.0,1.0,229.48467966573816,179.5,72.5,0.7123015873015872,3.0,5
8.800373090697445,1198.5457083998665,186.14859837132565,1.2828708122466033,9.454545454545457,1379.2727272727273,1.0,1.0,1.0,0.0,0.0,0.0,0.0,0.0,549.0909090909091,830.1818181818181,1.5296200293846922,1.0,0.0,0.0,1.0,1.0,0.0091468970207907,1.0,1.0,0.0,1.0,0.0864797536511128,120.259362,2.052083716812354,0.9832224719053396,11.0,3
401.4573152044884,562048.9048134855,1400.0180238313822,106.288725460523,34397.0,48156445.0,1.0,1.0,1.0,0.0,0.0,0.0,0.0,0.0,30151.5,48126293.5,1729.2353551191472,1.0,0.0,0.0,1.0,1.0,0.0068493150684931,1.0,1.0,0.0,1.0,235.5958904109589,292.0,0.0,1.0,2.0,5
88.8862198942942,5333.1731936576525,60.0,0.0515549980262339,1.9285714285714288,115.71428571428572,1.0,0.1160714285714285,1.0,0.0,0.0,0.0,0.0,0.0,6.964285714285714,60.0,0.1160714285714285,1.0,0.0,0.0,112.0,1.0,21.663442940038685,1.0,1.0,0.0,1.0,41.77949709864603,0.0465765765765765,0.0413400640152464,0.5297811229255337,1.0,2
38.66261773099661,26564.805165360885,896.8,39.64457942066368,388.8,332123.4,2.2,2.6,0.4933333333333333,5.4,1.231703952599268,0.0,0.2666666666666666,1.2,175955.6,156167.8,0.9430729010223712,0.6,0.4,0.0,3.0,2.0,0.0172413793103448,0.6666666666666666,3.0,1.521928094887362,0.8,6.703448275862069,72.5,112.32653292966894,0.3922596980574647,2.0,0
77.60538336190746,4656.323001714448,60.0,0.0488795715966871,2.046511627906977,122.7906976744186,1.0,0.1007751937984496,1.0,0.0,0.0,0.0,0.0,0.0,6.046511627906977,60.0,0.1007751937984496,1.0,0.0,0.0,129.0,1.0,19.311377245508982,1.0,1.0,0.0,1.0,39.52095808383234,0.0521875,0.0422407071880904,0.5526685463385776,1.0,2
90.5869040399646,5435.214242397876,60.0,0.0513250677233228,1.9464285714285716,116.78571428571428,1.0,0.125,1.0,0.0,0.0,0.0,0.0,0.0,7.5,60.0,0.125,1.0,0.0,0.0,56.0,1.0,18.6046511627907,1.0,1.0,0.0,1.0,36.21262458471761,0.0547272727272727,0.0517284709878786,0.5140847343447157,1.0,2
11.80691385893313,1235.2313273819543,114.97126436781608,0.2302584726771614,2.1379310344827585,209.24137931034485,0.0,0.0,0.0,60.93103448275862,4.733219135082821,0.2362011550309138,0.5006705741383993,3.0,62.310344827586206,146.0,2.3425287309686684,0.0,1.0,0.0,1.0,1.0,0.0979729729729729,1.0,1.0,0.0,1.0,0.2094594594594594,10.571428571428571,8.69494340500998,0.5486984567907597,29.0,4
7.160939999918361,1065.2510506703145,154.1144596144596,1.482210305087109,9.5,1382.8333333333333,1.0,1.0,1.0,0.0,0.0,0.0,0.0,0.0,555.1666666666666,827.6666666666666,1.500266038834698,1.0,0.0,0.0,1.0,1.0,0.0041694476708904,1.0,1.0,0.0,1.0,0.0396097528734592,287.8079052,58.34299109669034,0.8314521449435052,6.0,3
105.49790794547545,147700.96882597182,1400.0370866350504,219.21136113350525,23332.5,32666354.5,1.0,1.0,1.0,0.0,0.0,0.0,0.0,0.0,28743.0,32637611.5,1913.8296500035715,1.0,0.0,0.0,1.0,1.0,0.0072992700729927,1.0,1.0,0.0,1.0,170.3102189781022,274.0,0.0,1.0,2.0,5
10.245250661767736,1397.8741741950005,162.31933825433825,1.1602162188439642,9.8,1443.3333333333333,1.0,1.0,1.0,0.0,0.0,0.0,0.0,0.0,580.2666666666667,863.0666666666667,1.52518390966145,1.0,0.0,0.0,1.0,1.0,0.0089189794537198,1.0,1.0,0.0,1.0,0.0874059986464544,120.12905478571427,1.5368653767277716,0.9873681522757086,15.0,3
11.502198889896748,1266.5739223624075,147.87179487179486,0.2441912033444838,1.8461538461538465,215.6153846153846,0.0,0.0,0.0,62.23076923076923,4.751682677469201,0.2560378707042523,0.4969935171421513,3.0,64.23076923076923,150.3846153846154,2.342162569416863,0.0,1.0,0.0,1.0,1.0,0.0498084291187739,1.0,1.0,0.0,1.0,0.0919540229885057,21.75,16.109650316916667,0.5744902506477071,13.0,4
9.33268971157226,9467.082765086276,1049.0,33.823480216106574,239.83333333333331,260592.3333333333,1.6666666666666667,1.6666666666666667,0.4666666666666666,0.0,0.0,0.0,0.0,0.0,136107.0,124485.33333333331,0.982030755705943,0.5,0.1666666666666666,0.3333333333333333,3.0,5.0,0.024390243902439,1.25,4.0,1.9182958340544896,0.3333333333333333,5.849593495934959,49.2,36.31748889997765,0.5753209154392378,1.0,0
67.64353810406536,4058.612286243921,60.0,0.0520869781261168,2.0508474576271185,123.05084745762711,1.0,0.1864406779661017,1.0,0.0,0.0,0.0,0.0,0.0,11.186440677966102,60.0,0.1864406779661017,1.0,0.0,0.0,59.0,1.0,6.113989637305699,1.0,1.0,0.0,1.0,12.538860103626943,0.1663793103448275,0.1695195876777103,0.4953255617220392,1.0,2
7.652784887861276,1267.1795617169114,171.2869696969697,1.199105147430494,9.2,1430.0,1.0,1.0,1.0,0.0,0.0,0.0,0.0,0.0,549.6,880.4,1.610848927462134,1.0,0.0,0.0,1.0,1.0,0.00696738580084,1.0,1.0,0.0,1.0,0.0640999493677286,179.407318,102.8928925538977,0.6355196039279856,5.0,3
11.365887904767591,10209.094642005011,925.8,31.371000598135986,301.4,295262.6,3.8,3.8,1.0933333333333333,5.6,1.2575564063671876,0.0,0.275,1.2,138696.8,156565.8,1.101886032132074,1.0,0.0,0.0,3.0,2.0,0.0210970464135021,0.6666666666666666,3.0,1.521928094887362,0.6,6.358649789029536,59.25,53.49941588466177,0.5255016137787394,2.0,0
112.0221700271344,6721.330201628064,60.0,0.0515356883051771,2.005747126436781,120.34482758620688,1.0,0.1034482758620689,1.0,0.0,0.0,0.0,0.0,0.0,6.206896551724138,60.0,0.1034482758620689,1.0,0.0,0.0,174.0,1.0,19.727891156462583,1.0,1.0,0.0,1.0,39.569160997732425,0.0509826589595375,0.040540634576798,0.5570457201619059,1.0,2
109.8068250891823,6588.409505350937,60.0,0.0525155384990012,2.15625,129.375,1.0,0.03125,1.0,0.0,0.0,0.0,0.0,0.0,1.875,60.0,0.03125,1.0,0.0,0.0,64.0,1.0,15.609756097560975,1.0,1.0,0.0,1.0,33.65853658536586,0.065079365079365,0.0600759576312451,0.5199887920855313,1.0,2
3.982155960388876,5611.564386925519,1389.5,33.33234532569921,112.0,157439.0,4.0,4.5,0.875,0.0,0.0,0.0,0.0,0.0,88145.0,69294.0,1.008947575469419,1.0,0.0,0.0,1.0,2.0,0.0090497737556561,1.0,2.0,1.0,0.5,1.013574660633484,221.0,0.0,1.0,1.0,0
4.132159780010228,4397.8161177033,1048.0,17.45840452689709,71.25,70916.5,2.0,2.0,0.5,4.5,0.8480368059161335,0.0,0.1666666666666666,0.75,34135.5,36781.0,1.079920104824569,0.5,0.5,0.0,3.0,3.0,0.0223463687150838,1.0,3.0,1.5,0.5,1.5921787709497206,59.66666666666666,33.9050963065371,0.6376567542470422,1.0,0
197.1561482426148,276024.5135842824,1400.0315658948869,135.22262660841216,19335.666666666668,27070581.0,1.0,1.0,1.0,0.0,0.0,0.0,0.0,0.0,24168.0,27046413.0,1254.1465370223953,1.0,0.0,0.0,1.0,1.0,0.0079155672823219,1.0,1.0,0.0,1.0,153.0527704485488,189.5,174.5,0.5206043956043956,3.0,5
1151.1222903207456,69067.33741924474,60.0,0.2332182395734993,125.03030303030305,7501.818181818182,122.57575757575758,2.4545454545454546,70.34469696969697,0.0,0.0,0.0,0.0,0.0,147.27272727272728,7354.545454545455,44.16287878787879,1.0,0.0,0.0,1.0,1.0,68.89352818371607,0.0151515151515151,66.0,6.044394119358462,1.0,8613.778705636743,0.0147384615384615,0.0166569707496955,0.4694460456281453,66.0,1
5.445791919742126,4614.616236996924,843.25,33.66471098355609,174.75,146382.5,2.25,2.0,0.75,6.75,1.568715149046361,0.0,0.3541666666666666,1.5,79453.5,66929.0,0.9217559069975174,0.75,0.25,0.0,3.0,3.0,0.0333333333333333,1.0,3.0,1.5,0.5,5.825,40.0,14.30617582258329,0.7365644771356917,1.0,0
89.53296461808588,5371.9778770851535,60.0,0.0481692300063686,2.0795454545454546,124.77272727272728,1.0,0.1477272727272727,1.0,0.0,0.0,0.0,0.0,0.0,8.863636363636363,60.0,0.1477272727272727,1.0,0.0,0.0,88.0,1.0,10.011376564277588,1.0,1.0,0.0,1.0,20.81911262798635,0.1010344827586207,0.1076929915088942,0.4840497548929767,1.0,2
10.604631350187171,1122.5071801704642,125.6111111111111,0.2544348686124937,2.0,210.1794871794872,0.0,0.0,0.0,59.97435897435897,4.69836115992433,0.2234151066068656,0.4994642400007935,3.0,62.64102564102564,146.66666666666666,2.3414675978390918,0.0,1.0,0.0,1.0,1.0,0.1326530612244898,1.0,1.0,0.0,1.0,0.2653061224489796,7.736842105263157,7.638835025971998,0.5031870817283247,39.0,4
998.3289316299188,59899.73589779513,60.0,0.2837137856431532,128.0487804878049,7682.926829268293,125.41463414634148,2.6341463414634148,66.3630081300813,0.0,0.0,0.0,0.0,0.0,158.0487804878049,7524.878048780488,44.92398373983741,1.0,0.0,0.0,1.0,1.0,43.524416135881104,0.024390243902439,41.0,5.357552004618081,1.0,5573.248407643312,0.02355,0.0194691422512652,0.547430719618948,41.0,1
245.0385499209921,343077.03354281624,1400.094122551063,48.95148132352054,11995.0,16794129.0,1.0,1.0,1.0,0.0,0.0,0.0,0.0,0.0,23987.0,16770142.0,699.1346145828991,1.0,0.0,0.0,1.0,1.0,1.0,1.0,1.0,0.0,1.0,11995.0,0.0,0.0,0.0,0.0,5
565.6274190355973,791883.8959167735,1400.0107377378977,77.8806927816416,43288.5,60604338.0,1.0,1.0,1.0,0.0,0.0,0.0,0.0,0.0,40649.0,60563689.0,1486.1869387935408,1.0,0.0,0.0,1.0,1.0,0.0317460317460317,1.0,1.0,0.0,1.0,1374.2380952380952,63.0,0.0,1.0,2.0,5
10.85667358761278,950.115509529221,116.8,0.2811302694153335,2.1333333333333333,204.56666666666663,0.0,0.0,0.0,62.96666666666667,4.727220642243539,0.2183947723771873,0.4836883667654019,3.0,60.833333333333336,142.76666666666668,2.3475164001883155,0.0,1.0,0.0,1.0,1.0,0.1023890784982935,1.0,1.0,0.0,1.0,0.2184300341296928,10.10344827586207,9.289760130477395,0.5209786882174351,30.0,4
57.18146007006049,3430.8876042036304,60.0,0.0500122982963214,1.8909090909090909,113.45454545454544,1.0,0.0545454545454545,1.0,0.0,0.0,0.0,0.0,0.0,3.272727272727273,60.0,0.0545454545454545,1.0,0.0,0.0,55.0,1.0,9.769094138543515,1.0,1.0,0.0,1.0,18.47246891651865,0.1042592592592592,0.115142453667135,0.4751980185963113,1.0,2
8.465280167177056,7652.027502065105,963.1666666666666,32.56395388495378,246.5,214425.66666666663,1.3333333333333333,1.6666666666666667,0.4166666666666667,7.0,1.5698073166578344,0.0,0.3555555555555555,1.5,107032.16666666669,107393.5,1.0312126173920797,0.5,0.5,0.0,3.0,6.0,0.0240963855421686,1.2,5.0,2.251629167387823,0.1666666666666666,5.9397590361445785,49.8,18.356470248934023,0.7306716415640505,1.0,0
91.07874941656536,5464.724964993924,60.0,0.0468660905698195,1.903225806451613,114.19354838709675,1.0,0.0806451612903225,1.0,0.0,0.0,0.0,0.0,0.0,4.838709677419355,60.0,0.0806451612903225,1.0,0.0,0.0,62.0,1.0,12.301587301587302,1.0,1.0,0.0,1.0,23.41269841269841,0.0826229508196721,0.0854285558919525,0.4916525441301313,1.0,2
9.524443357302813,6154.360797818124,759.75,30.97308523545961,205.25,155448.5,2.25,2.25,0.5,3.0,0.7138471355518834,0.0,0.1666666666666666,0.75,85987.25,69461.25,0.8010149137753914,0.5,0.5,0.0,2.0,3.0,0.0208333333333333,1.0,3.0,1.5,0.5,4.276041666666667,64.0,19.8158185969358,0.763579012546204,1.0,0
12.050954833195648,15393.547231478511,1290.5,33.91665780759291,389.5,503189.5,3.0,2.5,1.5,0.0,0.0,0.0,0.0,0.0,262618.0,240571.5,0.9780740839175648,1.0,0.0,0.0,2.0,2.0,0.0123456790123456,1.0,2.0,1.0,0.5,4.808641975308642,162.0,0.0,1.0,1.0,0
268.8643326907555,376411.2640027972,1400.0061102604154,190.5193782482832,46840.75,65577313.75,1.0,1.0,1.0,0.0,0.0,0.0,0.0,0.0,26464.0,65550849.75,3208.135343342167,1.0,0.0,0.0,1.0,1.0,0.0109289617486338,1.0,1.0,0.0,1.0,511.9207650273224,122.0,83.45457846437586,0.5938052143294232,4.0,5
950.524753234884,57031.48519409305,60.0,0.2533661303377379,126.83333333333331,7610.0,124.3,2.533333333333333,65.85000000000001,0.0,0.0,0.0,0.0,0.0,152.0,7458.0,49.06666666666667,1.0,0.0,0.0,1.0,1.0,60.97560975609756,0.0166666666666666,60.0,5.906890595608517,1.0,7733.739837398374,0.0166779661016949,0.0146743644541916,0.5319529937962946,60.0,1
675.6744820298686,945960.0584658524,1400.028944953753,106.82718167480316,35699.333333333336,49979939.0,1.0,1.0,1.0,0.0,0.0,0.0,0.0,0.0,40395.66666666666,49939543.333333336,1275.818452559797,1.0,0.0,0.0,1.0,1.0,0.0142857142857142,1.0,1.0,0.0,1.0,509.9904761904762,105.0,43.0,0.7094594594594595,3.0,5
857.6910389576706,51461.46233746023,60.0,0.2585596518770914,124.1639344262295,7449.836065573771,121.44262295081968,2.721311475409836,58.49890710382514,0.0,0.0,0.0,0.0,0.0,163.27868852459017,7286.55737704918,39.26939890710383,1.0,0.0,0.0,1.0,1.0,61.3682092555332,0.0163934426229508,61.0,5.930737337562883,1.0,7619.718309859155,0.0165666666666666,0.0140633882435524,0.5408631070112621,61.0,1
119.56548743667916,7173.929246200752,60.0,0.0497382325807994,2.0610687022900764,123.66412213740458,1.0,0.1450381679389313,1.0,0.0,0.0,0.0,0.0,0.0,8.702290076335878,60.0,0.1450381679389313,1.0,0.0,0.0,131.0,1.0,27.754237288135595,1.0,1.0,0.0,1.0,57.20338983050848,0.0363076923076923,0.032442575576843,0.5281098303307026,1.0,2
965.1076718833192,57906.460312999145,60.0,0.257650597903453,118.70769230769233,7122.461538461538,115.83076923076923,2.876923076923077,58.5574358974359,0.0,0.0,0.0,0.0,0.0,172.6153846153846,6949.846153846154,51.06512820512821,1.0,0.0,0.0,1.0,1.0,68.20566631689402,0.0153846153846153,65.0,6.022367813028458,1.0,8096.537250786989,0.014890625,0.0130037460798561,0.5338218580863868,65.0,1
200.41316706695332,280580.8962919158,1400.0178299016084,185.0355941962174,34424.25,48194521.75,1.0,1.0,1.0,0.0,0.0,0.0,0.0,0.0,20485.5,48174036.25,3800.8566895324857,1.0,0.0,0.0,1.0,1.0,0.0091533180778032,1.0,1.0,0.0,1.0,315.09610983981696,145.66666666666666,129.4921705054874,0.5293911987843218,4.0,5
8.95072790569549,1032.1219807803757,129.76785714285714,1.4284971126118675,12.0,1344.6666666666667,1.0,1.0,1.0,0.0,0.0,0.0,0.0,0.0,532.8333333333334,811.8333333333334,1.5327739079619989,1.0,0.0,0.0,1.0,1.0,0.0083245670497254,1.0,1.0,0.0,1.0,0.0998948045967057,131.04694627272727,34.97786784221314,0.7893214455400765,12.0,3
81.85757541048487,4911.454524629092,60.0,0.0506224955584478,2.0085470085470085,120.51282051282053,1.0,0.1025641025641025,1.0,0.0,0.0,0.0,0.0,0.0,6.153846153846154,60.0,0.1025641025641025,1.0,0.0,0.0,117.0,1.0,20.930232558139537,1.0,1.0,0.0,1.0,42.03935599284437,0.0481896551724137,0.0363555037319692,0.569987161854107,1.0,2
9.758297194274483,1320.521852067187,135.03074271407604,1.218502101472101,10.666666666666666,1284.111111111111,1.0,1.0,1.0,0.0,0.0,0.0,0.0,0.0,525.1111111111111,759.0,1.494487098232871,1.0,0.0,0.0,1.0,1.0,0.0093671982264746,1.0,1.0,0.0,1.0,0.0999167810823961,120.099945875,1.159454233381534,0.9904382321507016,9.0,3
8.984000548355748,1388.736916043945,154.48181818181817,1.2522789569610795,9.454545454545457,1334.4545454545455,1.0,1.0,1.0,0.0,0.0,0.0,0.0,0.0,528.6363636363636,805.8181818181819,1.5293029535354667,1.0,0.0,0.0,1.0,1.0,0.0061182733930798,1.0,1.0,0.0,1.0,0.0578454938982092,179.78928520000002,80.51169695673998,0.6906976827760876,11.0,3
12.06530072040525,1413.3534034138236,123.37684339470054,1.1367362750810217,11.857142857142858,1403.2857142857142,1.0,1.0,1.0,0.0,0.0,0.0,0.0,0.0,567.4285714285714,835.8571428571429,1.4800202004031888,1.0,0.0,0.0,1.0,1.0,0.0096800337312114,1.0,1.0,0.0,1.0,0.1147775428129361,120.522996,2.0049382177451243,0.9836368887589164,7.0,3
1246.6364278966585,74798.1856737995,60.0,0.2384925477482592,119.59677419354838,7175.806451612903,117.0483870967742,2.548387096774193,64.13897849462366,0.0,0.0,0.0,0.0,0.0,152.90322580645162,7022.903225806452,41.96155913978495,1.0,0.0,0.0,1.0,1.0,62.12424849699399,0.0161290322580645,62.0,5.954196310386873,1.0,7429.859719438878,0.0163606557377049,0.0157989756742927,0.5087326881365103,62.0,1
23.26368864307275,29124.318158246668,1045.0,34.76479748629,320.8333333333333,365081.6666666667,2.1666666666666665,2.333333333333333,0.7222222222222223,0.0,0.0,0.0,0.0,0.0,182627.0,182454.66666666663,1.0621591159695971,0.6666666666666666,0.3333333333333333,0.0,4.0,3.0,0.0348837209302325,0.75,4.0,1.7924812503605778,0.5,11.19186046511628,34.4,23.954957733212552,0.5894957572802995,1.0,0
8.106773013141046,7656.899498140682,1014.4285714285714,39.81504110396684,280.2857142857143,271651.71428571426,3.0,3.7142857142857135,0.6738095238095239,1.7142857142857142,0.4645184524839746,0.0,0.119047619047619,0.4285714285714285,132104.14285714287,139547.57142857142,1.0468487362426762,0.8571428571428571,0.1428571428571428,0.0,4.0,4.0,0.0366492146596858,0.6666666666666666,6.0,2.5216406363433186,0.2857142857142857,10.272251308900524,31.83333333333333,27.757381400669303,0.5341995556762326,2.0,0
22.83017575462266,17449.29139154558,1069.4,16.738271714213134,239.6,232905.6,1.6,1.4,0.9,4.8,1.3006516669551291,0.0,0.3333333333333333,1.2,119685.8,113219.8,1.008356963102052,1.0,0.0,0.0,4.0,4.0,0.081967213114754,0.8,5.0,2.321928094887362,0.4,19.639344262295083,15.25,3.6996621467371855,0.8047636882341881,1.0,0
7.344066838281644,1180.024292907102,172.97771587386973,1.329318843421015,9.0,1419.5384615384614,1.0,1.0,1.0,0.0,0.0,0.0,0.0,0.0,575.0,844.5384615384615,1.4909499325256048,1.0,0.0,0.0,1.0,1.0,0.0083263622306658,1.0,1.0,0.0,1.0,0.0749372600759924,130.10884025,33.4456416406901,0.7955076421382132,13.0,3
100.62058519689596,6037.235111813758,60.0,0.0498940399388857,2.07741935483871,124.64516129032258,1.0,0.0967741935483871,1.0,0.0,0.0,0.0,0.0,0.0,5.806451612903226,60.0,0.0967741935483871,1.0,0.0,0.0,155.0,1.0,24.031007751937985,1.0,1.0,0.0,1.0,49.92248062015504,0.0418831168831168,0.0345804065932598,0.5477529020233627,1.0,2
9.952019416968009,10311.62456714288,1098.0,23.32072775420008,247.0,232166.0,0.0,0.0,0.0,0.0,0.0,0.0,0.0,0.0,99778.5,132387.5,1.3327000737200545,0.0,1.0,0.0,2.0,2.0,0.0377358490566037,1.0,2.0,1.0,0.5,9.320754716981131,53.0,0.0,1.0,1.0,0
832.5749253421671,49954.49552053003,60.0,0.2817819185052922,124.25806451612904,7455.483870967741,121.5483870967742,2.7096774193548385,62.49919354838711,0.0,0.0,0.0,0.0,0.0,162.5806451612903,7292.903225806452,41.51532258064517,1.0,0.0,0.0,1.0,1.0,62.75303643724696,0.0161290322580645,62.0,5.954196310386873,1.0,7797.570850202429,0.0161967213114754,0.0191172565355733,0.4586490194230266,62.0,1
10.841424643044084,1117.8119633210013,118.8015873015873,0.2673673298028124,2.095238095238096,208.2142857142857,0.0,0.0,0.0,61.07142857142857,4.712978370229045,0.2310958351536493,0.4920569930754465,3.0,62.095238095238095,145.21428571428572,2.3384270752767486,0.0,1.0,0.0,1.0,1.0,0.1438356164383561,1.0,1.0,0.0,1.0,0.3013698630136986,7.121951219512195,7.613194970323369,0.4833308830301921,42.0,4
6.671259606171234,754.419764068975,129.74708994708993,1.4640689830107272,9.444444444444445,1050.3333333333333,1.0,1.0,1.0,0.0,0.0,0.0,0.0,0.0,419.22222222222223,631.1111111111111,1.5252432337252928,1.0,0.0,0.0,1.0,1.0,0.0093442820840247,1.0,1.0,0.0,1.0,0.0882515530157889,120.394481875,1.3532461430771232,0.9888848345254032,9.0,3
1249.112034731441,74946.72208388649,60.0,0.2661201616678305,124.60344827586206,7476.206896551724,122.1206896551724,2.4827586206896552,63.33505747126437,0.0,0.0,0.0,0.0,0.0,148.9655172413793,7327.241379310345,47.11091954022989,1.0,0.0,0.0,1.0,1.0,60.16597510373444,0.0172413793103448,58.0,5.85798099512757,1.0,7496.887966804979,0.0169122807017543,0.0176061001208406,0.4899500005134636,58.0,1
8.533215524233638,1015.9945695235024,144.21794871794873,0.2859221332013438,1.7692307692307692,210.0,0.0,0.0,0.0,62.15384615384615,4.714177121110525,0.2301140302730418,0.4827872295246758,3.0,62.61538461538461,146.6153846153846,2.341567375686725,0.0,1.0,0.0,1.0,1.0,0.0522088353413654,1.0,1.0,0.0,1.0,0.0923694779116465,20.75,13.730288902034555,0.6017931015298313,13.0,4
9.103629648300922,1004.1614772369728,127.48717948717947,0.3159354215089726,2.0,220.0,0.0,0.0,0.0,60.84615384615385,4.703268041318379,0.2333891566436133,0.4898854717933665,3.0,65.46153846153847,153.53846153846155,2.345428410404933,0.0,1.0,0.0,1.0,1.0,0.0451388888888888,1.0,1.0,0.0,1.0,0.0902777777777777,24.0,27.655620284732965,0.4646154642555575,13.0,4
9.285957502654698,1068.918847571169,125.09126012876013,1.2347321806796416,10.1,1107.7,1.0,1.0,1.0,0.0,0.0,0.0,0.0,0.0,440.0,667.7,1.54445085858316,1.0,0.0,0.0,1.0,1.0,0.008338437589776,1.0,1.0,0.0,1.0,0.084218219656738,133.25171522222223,38.21188362662235,0.7771428811528188,10.0,3
530.4034544339368,742572.1179857772,1400.018224315906,132.06865186731002,51403.333333333336,71965538.66666667,1.0,1.0,1.0,0.0,0.0,0.0,0.0,0.0,14479.333333333334,71951059.33333333,5980.753337915524,1.0,0.0,0.0,1.0,1.0,0.0069124423963133,1.0,1.0,0.0,1.0,355.3225806451613,217.0,83.0,0.7233333333333334,3.0,5
222.4788417979128,311476.1467351748,1400.0255639296415,170.48427943781053,38071.0,53300395.5,1.0,1.0,1.0,0.0,0.0,0.0,0.0,0.0,20907.0,53279488.5,3363.936200226259,1.0,0.0,0.0,1.0,1.0,0.0034129692832764,1.0,1.0,0.0,1.0,129.93515358361773,586.0,0.0,1.0,2.0,5
936.0109446065384,56160.65667639229,60.0,0.2680325878459036,142.42857142857142,8545.714285714286,139.94285714285715,2.4857142857142858,75.4752380952381,0.0,0.0,0.0,0.0,0.0,149.14285714285714,8396.57142857143,42.275238095238095,1.0,0.0,0.0,1.0,1.0,39.193729003359465,0.0285714285714285,35.0,5.129283016944964,1.0,5582.306830907055,0.0262647058823529,0.0236609741029766,0.5260760772826871,35.0,1
1077.2759524663409,64636.55714798044,60.0,0.2506392777154747,135.16666666666666,8110.0,132.35416666666666,2.8125,62.82222222222223,0.0,0.0,0.0,0.0,0.0,168.75,7941.25,45.780555555555566,1.0,0.0,0.0,1.0,1.0,50.84745762711864,0.0208333333333333,48.0,5.5849625007211605,1.0,6872.881355932203,0.0200851063829787,0.0191164736657735,0.5123545111702198,48.0,1
11.747419877195016,1122.5398159105057,119.32142857142858,0.2463098163380993,2.142857142857143,197.42857142857144,0.0,0.0,0.0,61.57142857142857,4.742996078692873,0.2358884397506418,0.498184155788941,3.0,58.785714285714285,137.71428571428572,2.343503173962823,0.0,1.0,0.0,1.0,1.0,0.0600858369098712,1.0,1.0,0.0,1.0,0.1287553648068669,17.923076923076923,13.40184567347428,0.5721666787151203,14.0,4
7.677477367590361,948.20118101068,135.9363492063492,1.3490814244204146,9.9,1213.5,1.0,1.0,1.0,0.0,0.0,0.0,0.0,0.0,476.1,737.4,1.5935258115297344,1.0,0.0,0.0,1.0,1.0,0.0092644076449943,1.0,1.0,0.0,1.0,0.0917176356854443,119.933314,1.586205747661593,0.9869469057238262,10.0,3
468.9736286122554,656569.7723592184,1400.015214453009,112.56349732890956,51030.5,71443549.0,1.0,1.0,1.0,0.0,0.0,0.0,0.0,0.0,40196.0,71403353.0,1762.6327769289855,1.0,0.0,0.0,1.0,1.0,0.6666666666666666,1.0,1.0,0.0,1.0,34020.333333333336,3.0,0.0,1.0,2.0,5
13.077378099230426,13496.35203060369,840.0,28.569622149703203,172.14285714285714,151251.14285714287,1.8571428571428568,1.8571428571428568,0.7142857142857143,6.428571428571429,1.412383826648156,0.0,0.3047619047619047,1.2857142857142858,74173.0,77078.14285714286,0.9718917514010356,0.7142857142857143,0.2857142857142857,0.0,5.0,4.0,0.0333333333333333,1.0,4.0,1.8423709931771084,0.5714285714285714,5.738095238095238,35.0,28.867513459481287,0.5480094355357147,2.0,0
971.9667061841404,58318.00237104844,60.0,0.252368092088197,128.63888888888889,7718.333333333333,126.18055555555556,2.458333333333333,68.71319444444444,0.0,0.0,0.0,0.0,0.0,147.5,7570.833333333333,51.14375,1.0,0.0,0.0,1.0,1.0,73.17073170731707,0.0138888888888888,72.0,6.1699250014423175,1.0,9412.60162601626,0.0138591549295774,0.0131591512362191,0.5129542482985946,72.0,1
9.686927075379607,9178.768295073976,859.6666666666666,36.06152287951179,264.6666666666667,247922.66666666663,2.6666666666666665,3.0,0.8888888888888888,5.0,1.018854920710318,0.0,0.1999999999999999,1.0,128422.0,119500.66666666669,1.044663843443859,1.0,0.0,0.0,1.0,2.0,0.0108695652173913,0.6666666666666666,3.0,1.584962500721156,0.6666666666666666,2.8768115942028984,138.0,23.0,0.8571428571428571,2.0,0
8.307354197233034,951.7605100846145,158.23318001443002,1.3675853691075646,9.875,1284.75,1.0,1.0,1.0,0.0,0.0,0.0,0.0,0.0,496.375,788.375,1.6057083416692768,1.0,0.0,0.0,1.0,1.0,0.0055550724609935,1.0,1.0,0.0,1.0,0.0548563405523117,205.7321755714286,123.66992360126665,0.6245624301974154,8.0,3
82.98200121505327,4978.920072903197,60.0,0.0460495334347814,2.043010752688172,122.58064516129032,1.0,0.064516129032258,1.0,0.0,0.0,0.0,0.0,0.0,3.870967741935484,60.0,0.064516129032258,1.0,0.0,0.0,93.0,1.0,10.276243093922652,1.0,1.0,0.0,1.0,20.994475138121544,0.0983695652173913,0.0837345335999566,0.5401831472011888,1.0,2
97.97689826670012,5878.613896002006,60.0,0.0487125233446111,2.0444444444444443,122.66666666666669,1.0,0.0888888888888888,1.0,0.0,0.0,0.0,0.0,0.0,5.333333333333333,60.0,0.0888888888888888,1.0,0.0,0.0,135.0,1.0,42.586750788643535,1.0,1.0,0.0,1.0,87.06624605678233,0.0236567164179104,0.0177688745465469,0.5710652731111933,1.0,2
56.59120079118102,79228.6268033218,1400.016711001978,259.0685441381325,14661.0,20525645.0,1.0,1.0,1.0,0.0,0.0,0.0,0.0,0.0,22740.0,20502905.0,901.622911169745,1.0,0.0,0.0,1.0,1.0,1.0,1.0,1.0,0.0,1.0,14661.0,0.0,0.0,0.0,0.0,5
90.16621687643884,5409.97301258633,60.0,0.049525958072497,1.9605263157894737,117.63157894736842,1.0,0.1513157894736842,1.0,0.0,0.0,0.0,0.0,0.0,9.078947368421051,60.0,0.1513157894736842,1.0,0.0,0.0,152.0,1.0,21.77650429799427,1.0,1.0,0.0,1.0,42.693409742120345,0.0462251655629139,0.0417457095682501,0.525459880829791,1.0,2
81.50153545158014,4890.092127094809,60.0,0.0517507719177471,1.956043956043956,117.36263736263736,1.0,0.1153846153846153,1.0,0.0,0.0,0.0,0.0,0.0,6.923076923076923,60.0,0.1153846153846153,1.0,0.0,0.0,182.0,1.0,23.18471337579618,1.0,1.0,0.0,1.0,45.35031847133758,0.0433701657458563,0.0337232971012005,0.5625660613001251,1.0,2
3.046856364265118,2497.104617768531,828.3333333333334,47.46300934938128,156.0,127418.0,4.333333333333333,4.333333333333333,1.027777777777778,4.0,1.0073517362914,0.0,0.25,1.0,60749.0,66669.0,1.0096926971362157,1.0,0.0,0.0,2.0,3.0,0.013953488372093,1.0,3.0,1.584962500721156,0.3333333333333333,2.176744186046512,107.5,14.5,0.8811475409836066,1.0,0
7.947904928290364,938.9400603625044,117.15638528138528,1.2989474670200158,9.428571428571429,1115.7142857142858,1.0,1.0,1.0,0.0,0.0,0.0,0.0,0.0,474.1428571428572,641.5714285714286,1.3918198264149866,1.0,0.0,0.0,1.0,1.0,0.0058176448275025,1.0,1.0,0.0,1.0,0.0548520798021666,200.53934216666667,87.63269645298627,0.6959014591674203,7.0,3
612.9759378147365,36778.55626888418,60.0,0.2825816631105303,124.36666666666666,7462.0,121.6,2.7666666666666666,62.03055555555555,0.0,0.0,0.0,0.0,0.0,166.0,7296.0,35.19722222222222,1.0,0.0,0.0,1.0,1.0,31.81336161187699,0.0333333333333333,30.0,4.906890595608519,1.0,3956.521739130435,0.0325172413793103,0.0299270615510388,0.5207399210714275,30.0,1
13.169967931058371,1298.7528999587091,140.4803921568627,0.2625042707773963,1.8823529411764703,211.64705882352945,0.0,0.0,0.0,60.8235294117647,4.738367569501284,0.244005719953107,0.506006472630685,3.0,63.11764705882353,147.64705882352942,2.340046363244044,0.0,1.0,0.0,1.0,1.0,0.0604982206405693,1.0,1.0,0.0,1.0,0.1138790035587188,17.5625,16.12439436847164,0.521345179757418,17.0,4
32.01774825348087,27426.397723430327,1034.5,15.861177368866722,442.5,437080.0,4.0,4.0,1.0,6.5,1.6194506283013157,0.0,0.3846153846153846,1.5,228256.5,208823.5,0.9222308668997286,1.0,0.0,0.0,2.0,1.0,0.0092592592592592,0.5,2.0,1.0,1.0,4.097222222222222,216.0,0.0,1.0,1.0,0
12.797881353251464,13020.2261926151,1073.0,26.1094478595344,242.0,239990.3333333333,3.0,2.6666666666666665,0.986111111111111,0.0,0.0,0.0,0.0,0.0,129983.83333333331,110006.5,0.8898513785466816,0.8333333333333334,0.1666666666666666,0.0,4.0,4.0,0.0252100840336134,0.6666666666666666,6.0,2.584962500721156,0.3333333333333333,6.100840336134453,47.6,25.648391762447798,0.6498436191523738,1.0,0
916.780559626716,55006.83357760296,60.0,0.2779575314092885,117.15384615384616,7029.2307692307695,114.9423076923077,2.2115384615384617,69.91602564102564,0.0,0.0,0.0,0.0,0.0,132.69230769230768,6896.538461538462,50.069871794871794,1.0,0.0,0.0,1.0,1.0,54.96828752642706,0.0192307692307692,52.0,5.700439718141095,1.0,6439.746300211416,0.0185490196078431,0.0173559208696891,0.516614687592932,52.0,1
20.13671333745213,19707.115937459228,1086.0,18.982829526597182,166.16666666666666,175429.66666666666,2.0,2.0,0.5499999999999999,4.5,1.0437131896360086,0.0,0.2472222222222222,1.0,90333.0,85096.66666666667,0.983047298679489,0.5,0.5,0.0,4.0,4.0,0.03,1.0,4.0,1.9182958340544896,0.5,4.985,40.0,18.02220852171009,0.6893912006991815,1.0,0
5.0588026239748665,4432.641086131337,827.6666666666666,38.22953915793269,188.33333333333331,160369.0,1.0,1.0,0.8333333333333334,10.0,2.037709841420636,0.0,0.3999999999999999,2.0,73050.66666666667,87318.33333333333,1.150083552479943,0.6666666666666666,0.3333333333333333,0.0,2.0,3.0,0.0153061224489795,1.5,2.0,0.9182958340544896,0.3333333333333333,2.88265306122449,98.0,44.0,0.6901408450704225,1.0,0
841.5298575880975,50491.79145528585,60.0,0.2571869862423049,126.07317073170732,7564.390243902439,123.63414634146342,2.4390243902439024,67.92804878048781,0.0,0.0,0.0,0.0,0.0,146.34146341463415,7418.048780487805,44.65975609756097,1.0,0.0,0.0,1.0,1.0,41.45601617795754,0.024390243902439,41.0,5.357552004618081,1.0,5226.49140546006,0.024725,0.022670451583504,0.5216745314988314,41.0,1
436.11917936251007,610568.8487532121,1400.019861488064,186.45555348688683,38764.5,54270727.75,1.0,1.0,1.0,0.0,0.0,0.0,0.0,0.0,17472.25,54253255.5,4503.5834004448725,1.0,0.0,0.0,1.0,1.0,0.0070298769771528,1.0,1.0,0.0,1.0,272.5096660808436,189.66666666666663,82.59270885226827,0.6966396154591776,4.0,5
8.61716035476342,961.4907396889678,136.6722222222222,0.3185120966173394,1.9666666666666663,211.4333333333333,0.0,0.0,0.0,59.16666666666666,4.6980464879700286,0.2235631310289589,0.5024805035585523,3.0,62.93333333333333,147.56666666666666,2.3450466831551955,0.0,1.0,0.0,1.0,1.0,0.1020408163265306,1.0,1.0,0.0,1.0,0.2006802721088435,10.137931034482758,12.840464429056468,0.4411940359616942,30.0,4
12.004036629885883,1263.6337605985034,122.98275862068968,0.2460705532167885,2.0,206.8275862068965,0.0,0.0,0.0,63.206896551724135,4.738985451433795,0.239084012410132,0.4852235854246285,3.0,61.51724137931034,144.3448275862069,2.346265239766648,0.0,1.0,0.0,1.0,1.0,0.1010452961672473,1.0,1.0,0.0,1.0,0.2020905923344947,10.25,11.124699032847072,0.4795389158110976,29.0,4
292.83186022978265,409970.0650888254,1400.0141690812509,157.44629427801397,42312.25,59237563.0,1.0,1.0,1.0,0.0,0.0,0.0,0.0,0.0,22256.0,59215307.0,3858.138279191451,1.0,0.0,0.0,1.0,1.0,0.0153256704980842,1.0,1.0,0.0,1.0,648.463601532567,87.0,112.44850673382314,0.4362028145746265,4.0,5
19.03838720954949,23987.56954973756,1173.571428571429,31.045089929948997,366.0,441983.28571428574,1.7142857142857142,1.7142857142857142,0.5357142857142857,1.7142857142857142,0.4079126488867905,0.0,0.0952380952380952,0.4285714285714285,219211.57142857145,222771.7142857143,1.0165348190408785,0.5714285714285714,0.2857142857142857,0.1428571428571428,4.0,4.0,0.0288065843621399,0.6666666666666666,6.0,2.5216406363433186,0.4285714285714285,10.54320987654321,40.5,37.330729075834206,0.5203600233596541,2.0,0
7.294634806145321,878.2516475940066,126.75,0.2780744006662502,1.9375,212.9375,0.0,0.0,0.0,60.5,4.716809942315157,0.2173015335157925,0.5011241284137392,3.0,63.375,148.5625,2.3444288289562074,0.0,1.0,0.0,1.0,1.0,0.0597014925373134,1.0,1.0,0.0,1.0,0.1156716417910447,17.866666666666667,12.71149960556276,0.5842949020423397,16.0,4
10.68753981421762,989.7119628615478,125.0138888888889,0.286535862800849,2.0416666666666665,208.08333333333331,0.0,0.0,0.0,62.583333333333336,4.731468364094345,0.232070581030409,0.4891641563665754,3.0,61.958333333333336,145.25,2.34466554400009,0.0,1.0,0.0,1.0,1.0,0.0863309352517985,1.0,1.0,0.0,1.0,0.1762589928057553,12.08695652173913,12.617837765151162,0.4892555016397416,24.0,4
30.97950891131461,30226.424331633443,901.8,23.205385091676604,286.2,271504.0,2.4,2.2,1.0,2.6,0.6477802513205262,0.0,0.1538461538461538,0.6,128614.8,142889.2,1.014512854586482,0.8,0.2,0.0,3.0,4.0,0.0304878048780487,1.0,4.0,1.9219280948873625,0.4,8.725609756097562,41.0,8.154753215150045,0.8341004138611633,1.0,0
9.949240858862202,1205.8055942177596,129.19298245614036,0.2683502224088125,2.0,219.10526315789477,0.0,0.0,0.0,63.05263157894737,4.698949306606298,0.2367242590956417,0.471695985405753,3.0,65.21052631578948,152.94736842105263,2.34519630462527,0.0,1.0,0.0,1.0,1.0,0.0698529411764705,1.0,1.0,0.0,1.0,0.1397058823529411,15.11111111111111,15.383573089099109,0.4955326315858991,19.0,4
10.977707356781066,8980.728647795717,843.5,36.42719532242133,302.6666666666667,248091.5,1.3333333333333333,1.3333333333333333,0.3333333333333333,6.666666666666667,1.5800714199091237,0.0,0.3615384615384615,1.5,123032.16666666669,125059.33333333331,0.9631356707346942,0.3333333333333333,0.5,0.1666666666666666,4.0,6.0,0.0309278350515463,1.5,4.0,1.9182958340544896,0.1666666666666666,9.360824742268042,38.8,22.639787984873003,0.6315125958695184,1.0,0
12.664517088774442,13963.411396622076,1081.0,31.42793732964793,247.42857142857144,275017.8571428572,1.8571428571428568,2.2857142857142856,0.4833333333333334,3.571428571428572,0.9272186319986362,0.0,0.2289377289377289,0.8571428571428571,138240.2857142857,136777.57142857142,0.9805263835596084,0.5714285714285714,0.2857142857142857,0.1428571428571428,3.0,5.0,0.034313725490196,1.0,5.0,2.235926350629033,0.2857142857142857,8.490196078431373,34.0,21.602468994692867,0.6114836375925182,1.0,0
1312.7458860656052,78764.75316393633,60.0,0.2611884114082612,129.4193548387097,7765.16129032258,126.61290322580643,2.806451612903226,64.2725806451613,0.0,0.0,0.0,0.0,0.0,168.38709677419354,7596.774193548387,50.24032258064517,1.0,0.0,0.0,1.0,1.0,35.107587768969424,0.032258064516129,31.0,4.954196310386877,1.0,4543.601359003397,0.0294333333333333,0.0218551036500757,0.5738785399690479,31.0,1
14.456232768345226,15972.02715296896,1160.6,31.58809275939974,271.2,319482.0,1.6,1.8,0.5599999999999999,0.0,0.0,0.0,0.0,0.0,165024.2,154457.8,1.0501385841733335,0.6,0.4,0.0,2.0,3.0,0.0242718446601941,0.75,4.0,1.9219280948873625,0.4,6.58252427184466,51.5,58.05816049445591,0.470069958892803,2.0,0
11.287107881176372,1101.4293910662234,130.27380952380952,0.2652898633081589,1.9642857142857144,209.17857142857144,0.0,0.0,0.0,60.32142857142857,4.747267002339222,0.2490676904680946,0.510386483402799,3.0,62.35714285714285,145.92857142857142,2.339906503042548,0.0,1.0,0.0,1.0,1.0,0.0942760942760942,1.0,1.0,0.0,1.0,0.1851851851851851,11.0,9.083970415986531,0.547700468192493,28.0,4
7.718107628491819,699.9803935165228,93.63035483035482,1.5025588197721227,11.0,1004.3333333333334,1.0,1.0,1.0,0.0,0.0,0.0,0.0,0.0,392.0,612.3333333333334,1.5261650755475522,1.0,0.0,0.0,1.0,1.0,0.0100165556804195,1.0,1.0,0.0,1.0,0.1101821124846148,119.8016602,1.3599904185967508,0.9887754053229444,6.0,3
107.4187179751899,6445.123078511392,60.0,0.0489544800505319,2.067796610169492,124.0677966101695,1.0,0.1186440677966101,1.0,0.0,0.0,0.0,0.0,0.0,7.11864406779661,60.0,0.1186440677966101,1.0,0.0,0.0,59.0,1.0,8.356940509915015,1.0,1.0,0.0,1.0,17.28045325779037,0.1217241379310345,0.1381420799211684,0.4684107805050066,1.0,2
4.20106468108938,4727.485637068227,1281.5,33.466029173898505,160.0,177782.0,1.0,1.5,0.3333333333333333,0.0,0.0,0.0,0.0,0.0,75551.5,102230.5,1.2689066408655634,0.5,0.5,0.0,2.0,2.0,2.0,1.0,2.0,1.0,0.5,320.0,0.0,0.0,1.0,1.0,0
71.46699668331168,60559.00472054737,747.8,14.893506264110515,274.6,196546.6,2.6,2.6,0.6333333333333333,2.6,0.678549482089757,0.0,0.1692307692307692,0.6,98212.2,98334.4,1.0441584863231324,0.6,0.4,0.0,3.0,4.0,0.0228310502283105,1.0,4.0,1.9219280948873625,0.4,6.269406392694064,54.75,34.802119188348286,0.6113758166330874,2.0,0
8.891789248447232,1093.567694519075,149.47966218966218,1.3016864040869238,9.2,1188.6666666666667,1.0,1.0,1.0,0.0,0.0,0.0,0.0,0.0,490.06666666666666,698.6,1.4393429560174684,1.0,0.0,0.0,1.0,1.0,0.0089225044972842,1.0,1.0,0.0,1.0,0.0820870413750155,120.081595,1.39232580782927,0.9885380681007908,15.0,3
70.3497456864057,4220.984741184342,60.0,0.0540812543066576,1.9397590361445785,116.3855421686747,1.0,0.0963855421686747,1.0,0.0,0.0,0.0,0.0,0.0,5.783132530120482,60.0,0.0963855421686747,1.0,0.0,0.0,166.0,1.0,38.42592592592592,1.0,1.0,0.0,1.0,74.53703703703704,0.0261818181818181,0.0213618954803265,0.5506893796280089,1.0,2
9.202232407578627,1240.0679019721777,136.27239275875638,1.3462075440602397,10.272727272727272,1301.8181818181818,1.0,1.0,1.0,0.0,0.0,0.0,0.0,0.0,517.5454545454545,784.2727272727273,1.501469412922898,1.0,0.0,0.0,1.0,1.0,0.0091476619568143,1.0,1.0,0.0,1.0,0.0939714364654569,120.2493058,1.8859059651932164,0.9845588676849482,11.0,3
21.078184227328443,21794.842491057607,1034.0,21.49148479993818,412.0,426008.0,2.5,3.0,0.4166666666666667,15.0,3.1483943455364027,0.0,0.6666666666666666,3.0,176877.5,249130.5,1.409770890866584,0.5,0.5,0.0,2.0,2.0,0.0135135135135135,1.0,2.0,1.0,0.5,5.567567567567568,148.0,0.0,1.0,1.0,0
11.485650658077246,9901.34632497014,1063.0,38.622975925689765,205.83333333333331,240760.3333333333,2.6666666666666665,2.5,0.8611111111111112,5.0,1.079518287397615,0.0,0.2268518518518518,1.0,112917.16666666669,127843.16666666669,1.1131226439691213,0.6666666666666666,0.1666666666666666,0.1666666666666666,4.0,4.0,0.0344827586206896,1.3333333333333333,3.0,1.2516291673878228,0.5,7.097701149425287,34.8,27.520174418051933,0.5584066528209151,1.0,0
276.3778161551285,386939.1394967255,1400.0373634889734,120.10313075860935,33235.5,46530924.5,1.0,1.0,1.0,0.0,0.0,0.0,0.0,0.0,26178.0,46504746.5,3455.789200165505,1.0,0.0,0.0,1.0,1.0,0.0090497737556561,1.0,1.0,0.0,1.0,300.7737556561086,221.0,0.0,1.0,2.0,5
29.92589882678197,23809.710294046745,931.5,24.42529153091345,278.75,241720.0,2.25,2.25,0.5,9.75,2.348289107559983,0.0,0.5458333333333334,2.25,133044.25,108675.75,0.8570889731069691,0.5,0.5,0.0,4.0,3.0,0.0425531914893617,0.75,4.0,2.0,0.5,11.861702127659576,31.33333333333333,23.89328124994324,0.5673592989497047,1.0,0
8.62793770860999,889.2494811747697,138.77586206896552,0.2846378835945913,1.9655172413793105,216.6551724137931,0.0,0.0,0.0,62.206896551724135,4.717369429363335,0.2349682487872044,0.4867909336057485,3.0,64.51724137931035,151.17241379310346,2.3435174384330253,0.0,1.0,0.0,1.0,1.0,0.0983050847457627,1.0,1.0,0.0,1.0,0.1932203389830508,10.535714285714286,8.813472409803492,0.5445042446231022,29.0,4
112.9213178610503,6775.279071663017,60.0,0.048082950679936,2.0,120.0,1.0,0.1542553191489361,1.0,0.0,0.0,0.0,0.0,0.0,9.25531914893617,60.0,0.1542553191489361,1.0,0.0,0.0,188.0,1.0,27.93462109955423,1.0,1.0,0.0,1.0,55.86924219910846,0.0359893048128342,0.0270365150795189,0.5710247780084927,1.0,2
845.5717016829987,50734.30210097991,60.0,0.2519493505248276,125.55813953488372,7533.488372093023,122.67441860465117,2.883720930232558,58.8031007751938,0.0,0.0,0.0,0.0,0.0,173.02325581395348,7360.46511627907,50.989147286821705,1.0,0.0,0.0,1.0,1.0,43.43434343434343,0.0232558139534883,43.0,5.426264754702098,1.0,5453.535353535353,0.0235714285714285,0.0244658584826389,0.4906902536960123,43.0,1
773.1857568036575,46391.14540821945,60.0,0.2600023281345224,115.66666666666669,6940.0,112.91666666666669,2.75,54.01458333333333,0.0,0.0,0.0,0.0,0.0,165.0,6775.0,44.931250000000006,1.0,0.0,0.0,1.0,1.0,25.91792656587473,0.0416666666666666,24.0,4.584962500721156,1.0,2997.840172786177,0.0402608695652174,0.0248022043047445,0.6187975324634154,24.0,1
187.87658112131203,263029.82023271674,1400.0132759947917,188.9001068518568,29372.75,41122270.25,1.0,1.0,1.0,0.0,0.0,0.0,0.0,0.0,14773.5,41107496.75,3430.2224162243456,1.0,0.0,0.0,1.0,1.0,0.0303030303030303,1.0,1.0,0.0,1.0,890.0833333333334,44.0,7.118052168020874,0.8607526721749017,4.0,5
8.018346835726176,1101.0170789656086,148.2015117361271,1.2235931165374605,9.076923076923077,1181.1538461538462,1.0,1.0,1.0,0.0,0.0,0.0,0.0,0.0,485.84615384615387,695.3076923076923,1.470555592518405,1.0,0.0,0.0,1.0,1.0,0.0077371150147042,1.0,1.0,0.0,1.0,0.0702291978257771,140.01773674999998,44.99873646489554,0.7567852435894734,13.0,3
8.3725212591182,1194.3360184670923,157.77936507936508,1.2948090276160766,9.666666666666666,1305.9166666666667,1.0,1.0,1.0,0.0,0.0,0.0,0.0,0.0,526.6666666666666,779.25,1.4699083571196156,1.0,0.0,0.0,1.0,1.0,0.0090828331379909,1.0,1.0,0.0,1.0,0.0878007203339128,120.10669736363634,1.34429800432184,0.9889313545743365,12.0,3
93.24423821880164,5594.654293128097,60.0,0.050831979363551,2.066666666666667,124.0,1.0,0.1,1.0,0.0,0.0,0.0,0.0,0.0,6.0,60.0,0.1,1.0,0.0,0.0,60.0,1.0,10.327022375215147,1.0,1.0,0.0,1.0,21.34251290877797,0.0984745762711864,0.0901564282623476,0.5220487295537887,1.0,2
305.8799136125895,428236.2067054556,1400.0173339054984,136.3453056854995,40194.66666666666,56273122.0,1.0,1.0,1.0,0.0,0.0,0.0,0.0,0.0,25680.0,56247442.0,2189.601899861728,1.0,0.0,0.0,1.0,1.0,0.0089020771513353,1.0,1.0,0.0,1.0,357.8160237388724,168.5,133.5,0.5579470198675496,3.0,5
12.521336209012564,1574.9266832190956,127.256216006216,1.078997481815091,11.6,1410.6,1.0,1.0,1.0,0.0,0.0,0.0,0.0,0.0,573.0,837.6,1.4652536059029502,1.0,0.0,0.0,1.0,1.0,0.005963139485364,1.0,1.0,0.0,1.0,0.0691724180302224,209.62112375,100.34140738468696,0.6762789133984521,5.0,3
132.6686427586924,7960.118565521543,60.0,0.0511518348646832,1.981818181818182,118.9090909090909,1.0,0.0545454545454545,1.0,0.0,0.0,0.0,0.0,0.0,3.272727272727273,60.0,0.0545454545454545,1.0,0.0,0.0,55.0,1.0,8.500772797527048,1.0,1.0,0.0,1.0,16.846986089644513,0.1198148148148148,0.1049954274267278,0.5329597691820567,1.0,2
8.947598350375918,1065.8954063507065,138.7368992118992,1.263520714038398,9.75,1246.0833333333333,1.0,1.0,1.0,0.0,0.0,0.0,0.0,0.0,495.4166666666667,750.6666666666666,1.543828918095597,1.0,0.0,0.0,1.0,1.0,0.0090802206599858,1.0,1.0,0.0,1.0,0.0885321514348624,120.14125336363637,1.457631138421906,0.9880127918575008,12.0,3
8.110127564108208,1231.778386388719,168.17141932141936,1.3135030072129694,9.11111111111111,1418.111111111111,1.0,1.0,1.0,0.0,0.0,0.0,0.0,0.0,545.3333333333334,872.7777777777778,1.6010095959311257,1.0,0.0,0.0,1.0,1.0,0.0093883152029649,1.0,1.0,0.0,1.0,0.0855379829603476,119.829807125,1.427666643722234,0.9882261554743812,9.0,3
9.16585268387826,1164.576273060799,133.10797139368566,1.341173731500783,11.571428571428571,1419.142857142857,1.0,1.0,1.0,0.0,0.0,0.0,0.0,0.0,576.0,843.1428571428571,1.484886006283275,1.0,0.0,0.0,1.0,1.0,0.0097301918710157,1.0,1.0,0.0,1.0,0.1125922202217534,119.90171233333332,1.5821261947154808,0.9869766529121468,7.0,3
304.02550320755864,425639.2618666185,1400.011700913242,230.5069780680744,70080.0,98112820.0,1.0,1.0,1.0,0.0,0.0,0.0,0.0,0.0,35923.0,98076897.0,2730.197839824068,1.0,0.0,0.0,1.0,1.0,1.0,1.0,1.0,0.0,1.0,70080.0,0.0,0.0,0.0,0.0,5
8.293723490642712,1442.5519881128305,186.45064935064931,1.1017284402863765,7.666666666666667,1362.3333333333333,1.0,1.0,1.0,0.0,0.0,0.0,0.0,0.0,529.6666666666666,832.6666666666666,1.565948429312863,1.0,0.0,0.0,1.0,1.0,0.0100092776161044,1.0,1.0,0.0,1.0,0.0767377950568011,119.8887718,1.1889846455317097,0.9901799911029356,6.0,3
449.4071442249171,417540.5857834703,784.0,25.939491404449456,217.4,201999.0,1.2,1.2,0.4,5.4,1.2650372859326016,0.0,0.2833333333333333,1.2,98673.0,103326.0,1.0742913192942312,0.4,0.6,0.0,4.0,3.0,0.0261780104712041,1.0,3.0,1.521928094887362,0.4,5.69109947643979,47.75,29.03769102390891,0.6218444566217309,1.0,0
15.771194003600812,20395.66921941893,1147.7142857142858,23.021090012863866,218.14285714285717,242320.14285714287,1.4285714285714286,1.1428571428571428,0.5714285714285714,6.142857142857143,1.3349066848524132,0.0,0.2821428571428571,1.2857142857142858,111407.0,130913.14285714286,1.1607138521511509,0.5714285714285714,0.4285714285714285,0.0,4.0,5.0,0.0338164251207729,1.0,5.0,2.235926350629033,0.2857142857142857,7.376811594202898,34.5,4.856267428111155,0.8766075203401416,1.0,0
12.93757639637611,1140.412379276976,98.25,0.2668672075419888,2.2857142857142856,205.57142857142856,0.0,0.0,0.0,58.642857142857146,4.705279264636295,0.2421018532496283,0.5061710618191028,3.0,61.142857142857146,143.42857142857142,2.3459615908150395,0.0,1.0,0.0,1.0,1.0,0.050179211469534,1.0,1.0,0.0,1.0,0.1146953405017921,21.46153846153846,14.60566478415078,0.595043045487691,14.0,4
8.663978152625637,834.0231711729677,112.87777777777778,0.3359099388302846,2.2,219.8,0.0,0.0,0.0,60.266666666666666,4.701137393616602,0.222976452647449,0.4932712267447899,3.0,65.6,153.33333333333334,2.3372873479996703,0.0,1.0,0.0,1.0,1.0,0.0590551181102362,1.0,1.0,0.0,1.0,0.1299212598425196,18.142857142857142,14.040030234283394,0.5637423681177839,15.0,4
7.753967327175069,11062.459812925856,1403.5,28.97045484343364,206.0,291578.0,1.5,1.0,0.75,6.0,1.6258145836939113,0.0,0.4166666666666667,1.5,139511.5,152066.5,1.1681396702195892,0.5,0.5,0.0,2.0,2.0,0.0112994350282485,1.0,2.0,1.0,0.5,2.327683615819209,177.0,0.0,1.0,1.0,0
11.580659521980737,14036.384490645643,1102.0,33.91174872886791,151.66666666666666,191379.8333333333,1.8333333333333333,1.8333333333333333,0.6666666666666666,4.0,1.0005430557959407,0.0,0.236111111111111,1.0,107018.66666666669,84361.16666666667,0.8671848782728991,0.6666666666666666,0.1666666666666666,0.1666666666666666,5.0,4.0,0.0350877192982456,0.8,5.0,2.2516291673878226,0.3333333333333333,5.321637426900585,34.2,29.25337587356372,0.538978415713396,1.0,0
10.8734641327135,1073.4080256627026,131.86217948717947,1.153460218051883,10.833333333333334,1138.0,1.0,1.0,1.0,0.0,0.0,0.0,0.0,0.0,472.0,666.0,1.3969685334219244,1.0,0.0,0.0,1.0,1.0,0.0100169022202994,1.0,1.0,0.0,1.0,0.1085164407199108,119.7975156,1.82391943297544,0.9850033060991188,6.0,3
10.34899935121692,1141.353123306846,115.98812615955474,1.2023205939590516,10.428571428571429,1201.142857142857,1.0,1.0,1.0,0.0,0.0,0.0,0.0,0.0,465.8571428571428,735.2857142857143,1.6022664103316564,1.0,0.0,0.0,1.0,1.0,0.0052982640529235,1.0,1.0,0.0,1.0,0.0552533251233451,220.19790916666668,106.90413224537367,0.6731780340352268,7.0,3
68.19771911197411,4091.8631467184455,60.0,0.0487779269439526,1.927927927927928,115.67567567567568,1.0,0.1081081081081081,1.0,0.0,0.0,0.0,0.0,0.0,6.486486486486487,60.0,0.1081081081081081,1.0,0.0,0.0,111.0,1.0,14.8,1.0,1.0,0.0,1.0,28.53333333333333,0.0681818181818181,0.058374680348462,0.5387460855319477,1.0,2
522.6042587792343,731670.1752808283,1400.0463349891766,43.77865604101689,22962.5,32148563.5,1.0,1.0,1.0,0.0,0.0,0.0,0.0,0.0,36987.5,32111576.0,863.6980486009386,1.0,0.0,0.0,1.0,1.0,0.0058823529411764,1.0,1.0,0.0,1.0,135.0735294117647,340.0,0.0,1.0,2.0,5
7.091400074208918,1043.259863205422,149.0974765974766,1.368124808102381,9.11111111111111,1302.888888888889,1.0,1.0,1.0,0.0,0.0,0.0,0.0,0.0,512.3333333333334,790.5555555555555,1.5434568621154867,1.0,0.0,0.0,1.0,1.0,0.0093741078876346,1.0,1.0,0.0,1.0,0.0854085385317825,120.011420125,1.7799035238237952,0.9853856295300968,9.0,3
1199.3594418492603,71961.56651095561,60.0,0.2508203719854235,119.04347826086956,7142.608695652174,116.97826086956522,2.065217391304348,75.56123188405797,0.0,0.0,0.0,0.0,0.0,123.91304347826087,7018.695652173913,55.88731884057971,1.0,0.0,0.0,1.0,1.0,50.49396267837541,0.0217391304347826,46.0,5.5235619560570095,1.0,6010.976948408343,0.0202444444444444,0.0177978220334905,0.5321566331014077,46.0,1
9.915745548770005,1382.04399570631,147.99349876314162,0.9929976759275112,9.071428571428571,1211.7857142857142,1.0,1.0,1.0,0.0,0.0,0.0,0.0,0.0,485.7857142857143,726.0,1.5208371371999243,1.0,0.0,0.0,1.0,1.0,0.0089709904996909,1.0,1.0,0.0,1.0,0.0813796995329107,120.0450582307692,1.649821539583793,0.9864429666827632,14.0,3
80.90361611643273,4854.216966985964,60.0,0.0497629076659382,1.8450704225352117,110.70422535211269,1.0,0.056338028169014,1.0,0.0,0.0,0.0,0.0,0.0,3.380281690140845,60.0,0.056338028169014,1.0,0.0,0.0,71.0,1.0,22.977346278317157,1.0,1.0,0.0,1.0,42.394822006472495,0.0441428571428571,0.0428783280971653,0.5072656390636596,1.0,2
10.085144848040358,1170.867577325545,137.55128205128204,0.250610420144156,1.8461538461538465,207.02564102564105,0.0,0.0,0.0,58.12820512820513,4.702474311678088,0.2367835573556785,0.5118644854164719,3.0,61.56410256410256,144.51282051282053,2.3471426870699705,0.0,1.0,0.0,1.0,1.0,0.1322033898305084,1.0,1.0,0.0,1.0,0.2440677966101695,7.763157894736842,7.009145193494732,0.5255211627035598,39.0,4
85.44006448122487,5126.403868873491,60.0,0.0505972869667113,2.042553191489361,122.55319148936172,1.0,0.0957446808510638,1.0,0.0,0.0,0.0,0.0,0.0,5.74468085106383,60.0,0.0957446808510638,1.0,0.0,0.0,94.0,1.0,14.461538461538462,1.0,1.0,0.0,1.0,29.53846153846154,0.0698924731182795,0.0718794484163336,0.4929923525175294,1.0,2
10.050398120596494,1090.4870384107255,135.30128205128204,0.2639275681935635,1.9615384615384612,217.03846153846155,0.0,0.0,0.0,61.19230769230769,4.70244968360754,0.2289834364684169,0.4883410461188603,3.0,64.57692307692308,151.5,2.3467028649290773,0.0,1.0,0.0,1.0,1.0,0.0869565217391304,1.0,1.0,0.0,1.0,0.1705685618729097,11.96,11.251595442425042,0.5152597127442643,26.0,4
101.6839132200538,6101.034793203228,60.0,0.0520354117429066,2.11731843575419,127.0391061452514,1.0,0.0782122905027933,1.0,0.0,0.0,0.0,0.0,0.0,4.692737430167598,60.0,0.0782122905027933,1.0,0.0,0.0,179.0,1.0,31.964285714285715,1.0,1.0,0.0,1.0,67.67857142857143,0.0314606741573033,0.028106961103379,0.5281504632444087,1.0,2
926.4592337705792,55587.55402623476,60.0,0.2494568222335976,137.2325581395349,8233.953488372093,134.3953488372093,2.8372093023255816,65.765503875969,0.0,0.0,0.0,0.0,0.0,170.2325581395349,8063.720930232558,40.04457364341085,1.0,0.0,0.0,1.0,1.0,44.46742502585315,0.0232558139534883,43.0,5.426264754702098,1.0,6102.378490175802,0.0230238095238095,0.026939516111925,0.4608141918267848,43.0,1
10.93078648290238,1136.4242323144556,100.53953823953825,1.2424854350105747,13.0,1302.5555555555557,1.0,1.0,1.0,0.0,0.0,0.0,0.0,0.0,517.7777777777778,784.7777777777778,1.5382352577873002,1.0,0.0,0.0,1.0,1.0,0.0093791058208118,1.0,1.0,0.0,1.0,0.1219283756705544,119.9474685,1.6724091248074595,0.9862488833448196,9.0,3
12.14215388295626,12863.470857022656,1095.2,24.843922353279567,186.2,210083.2,1.8,2.2,0.6,2.4,0.6503258334775646,0.0,0.1666666666666666,0.6,104755.0,105328.2,0.9814173147480412,0.8,0.2,0.0,2.0,3.0,0.0199203187250996,0.75,4.0,1.9219280948873625,0.6,3.7091633466135456,62.75,34.4483308739335,0.6455872177618658,2.0,0
134.7076296052702,8082.457776316212,60.0,0.0465798375540017,2.101449275362319,126.08695652173913,1.0,0.0652173913043478,1.0,0.0,0.0,0.0,0.0,0.0,3.9130434782608696,60.0,0.0652173913043478,1.0,0.0,0.0,138.0,1.0,16.0092807424594,1.0,1.0,0.0,1.0,33.64269141531323,0.0629197080291971,0.0578591365696575,0.5209497427978688,1.0,2
24.26789104375851,24197.268395644514,1017.6666666666666,12.122628905365112,201.66666666666663,180669.0,3.333333333333333,3.6666666666666665,0.6111111111111112,0.0,0.0,0.0,0.0,0.0,95850.33333333331,84818.66666666667,0.8706046529519414,0.6666666666666666,0.0,0.3333333333333333,3.0,2.0,0.0173410404624277,0.6666666666666666,3.0,1.584962500721156,0.6666666666666666,3.4971098265895955,86.5,19.5,0.8160377358490566,1.0,0
996.7616712951296,59805.70027770777,60.0,0.2450461681803603,135.41176470588235,8124.705882352941,132.8235294117647,2.588235294117647,68.4313725490196,0.0,0.0,0.0,0.0,0.0,155.2941176470588,7969.411764705882,50.63725490196078,1.0,0.0,0.0,1.0,1.0,36.17021276595745,0.0294117647058823,34.0,5.087462841250338,1.0,4897.8723404255325,0.0284848484848484,0.0362609408460074,0.439949049648445,34.0,1
7.756632203112296,1001.1826670156444,155.56547202797202,1.3218990609898915,9.428571428571429,1224.5,1.0,1.0,1.0,0.0,0.0,0.0,0.0,0.0,498.5,726.0,1.4713023704338997,1.0,0.0,0.0,1.0,1.0,0.008974763120599,1.0,1.0,0.0,1.0,0.0846191951370764,119.99459623076925,1.372894571010301,0.9886881193477705,14.0,3
24.34849088556584,18555.224118532296,879.3333333333334,26.752454275202165,321.3333333333333,262037.0,2.333333333333333,2.0,1.3333333333333333,9.0,2.08050908761737,0.0,0.4666666666666666,2.0,153656.66666666666,108380.33333333331,0.7036686606627165,1.0,0.0,0.0,3.0,3.0,0.0186335403726708,1.0,3.0,1.584962500721156,0.3333333333333333,5.987577639751553,80.5,69.5,0.5366666666666666,1.0,0
133.24312380642823,7994.587428385695,60.0,0.0481866377691716,1.838235294117647,110.29411764705884,1.0,0.1911764705882352,1.0,0.0,0.0,0.0,0.0,0.0,11.470588235294118,60.0,0.1911764705882352,1.0,0.0,0.0,68.0,1.0,12.12121212121212,1.0,1.0,0.0,1.0,22.281639928698752,0.083731343283582,0.0966735670689634,0.4641300678565516,1.0,2
978.780747202704,58726.84483216224,60.0,0.2516521516006235,125.06976744186046,7504.186046511628,122.72093023255816,2.3488372093023258,69.71434108527131,0.0,0.0,0.0,0.0,0.0,140.93023255813952,7363.255813953488,54.20271317829457,1.0,0.0,0.0,1.0,1.0,45.50264550264551,0.0232558139534883,43.0,5.426264754702098,1.0,5691.005291005291,0.0225,0.0189777438570753,0.5424595917639792,43.0,1
11.249429230763292,1131.619466310577,140.33823529411768,0.2734932330290106,1.9411764705882355,207.85294117647055,0.0,0.0,0.0,60.38235294117647,4.703053486108475,0.2218989329697911,0.4922036444927005,3.0,61.97058823529412,145.02941176470588,2.339906501734521,0.0,1.0,0.0,1.0,1.0,0.1144781144781144,1.0,1.0,0.0,1.0,0.2222222222222222,9.0,6.764434622167307,0.5709053458437745,34.0,4
7.80604325305782,1230.7404174496153,158.0518772893773,1.2533146561709587,9.666666666666666,1459.5,1.0,1.0,1.0,0.0,0.0,0.0,0.0,0.0,590.5,869.0,1.4716022576553285,1.0,0.0,0.0,1.0,1.0,0.0041688317436426,1.0,1.0,0.0,1.0,0.0402987068552126,287.8504276,123.50932544431484,0.6997535015755189,6.0,3
9.035915871310046,917.1699075131124,125.33854166666669,0.2884452928453178,2.09375,215.0625,0.0,0.0,0.0,61.875,4.714443510827111,0.2236224649275029,0.4892475440121092,3.0,64.125,150.09375,2.340692176237784,0.0,1.0,0.0,1.0,1.0,0.1107266435986159,1.0,1.0,0.0,1.0,0.231833910034602,9.32258064516129,8.501943219144719,0.523019897537345,32.0,4
905.9248302840502,54355.489817043024,60.0,0.2408153558777059,120.3974358974359,7223.846153846154,117.8076923076923,2.58974358974359,67.03611111111113,0.0,0.0,0.0,0.0,0.0,155.3846153846154,7068.461538461538,42.39508547008547,1.0,0.0,0.0,1.0,1.0,79.67313585291113,0.0128205128205128,78.0,6.285402218862257,1.0,9592.441266598573,0.0127142857142857,0.0119151296845182,0.5162236093879501,78.0,1
16.658346197279112,18250.415266829204,1054.6,25.77750684635506,351.4,383035.8,0.4,0.6,0.1333333333333333,11.0,2.5841304896793185,0.0,0.5871794871794872,2.4,189716.4,193319.4,1.0899288572110175,0.2,0.8,0.0,4.0,3.0,0.0326797385620915,0.6,5.0,2.321928094887362,0.4,11.483660130718954,38.25,29.08070666266554,0.5680914681563767,2.0,0
191.2565219447432,267764.62039912585,1400.0280233102617,195.86796707084815,36095.0,50534030.66666666,1.0,1.0,1.0,0.0,0.0,0.0,0.0,0.0,19261.33333333333,50514769.333333336,4131.171982933422,1.0,0.0,0.0,1.0,1.0,0.0059642147117296,1.0,1.0,0.0,1.0,215.2783300198807,251.5,132.5,0.6549479166666667,3.0,5
15.427593187406565,18650.186585751657,1226.0,29.53987135779832,359.3333333333333,425807.0,3.333333333333333,3.6666666666666665,0.6111111111111112,5.333333333333333,1.0676065103715944,0.0,0.2083333333333333,1.0,224884.0,200923.0,0.8853103402884112,0.6666666666666666,0.3333333333333333,0.0,3.0,2.0,0.06,0.6666666666666666,3.0,1.584962500721156,0.6666666666666666,21.56,25.0,8.0,0.7575757575757576,1.0,0
9.038350155362252,10068.714428341886,1090.5,15.537893435015736,139.0,149860.5,0.5,0.0,0.5,7.5,1.5949490477321435,0.0,0.3333333333333333,1.5,75760.5,74100.0,1.1164535205155055,0.5,0.5,0.0,2.0,2.0,0.0104166666666666,1.0,2.0,1.0,0.5,1.4479166666666667,192.0,0.0,1.0,1.0,0
102.64578360768672,6158.747016461203,60.0,0.0475811577653028,2.044198895027624,122.65193370165746,1.0,0.1160220994475138,1.0,0.0,0.0,0.0,0.0,0.0,6.961325966850829,60.0,0.1160220994475138,1.0,0.0,0.0,181.0,1.0,27.80337941628264,1.0,1.0,0.0,1.0,56.83563748079877,0.0361666666666666,0.029538581174081,0.5504380221550212,1.0,2
14.196637448499056,1456.287009323468,132.14583333333334,0.2285872552029813,2.0,208.5,0.0,0.0,0.0,60.125,4.729463150770842,0.2213136236382346,0.5116485255548235,3.0,62.1875,145.4375,2.338232487763755,0.0,1.0,0.0,1.0,1.0,0.0549828178694158,1.0,1.0,0.0,1.0,0.1099656357388316,19.4,19.496324439921143,0.498761779662884,16.0,4
912.0351098417782,54722.10659050668,60.0,0.2491887389474736,127.24,7634.4,124.68,2.56,60.48033333333333,0.0,0.0,0.0,0.0,0.0,153.6,7480.8,49.92033333333334,1.0,0.0,0.0,1.0,1.0,52.083333333333336,0.02,50.0,5.643856189774728,1.0,6627.083333333334,0.0195918367346938,0.0189380497749759,0.5084841537173207,50.0,1
102.60153099074256,6156.091859444557,60.0,0.0498882705164218,2.125,127.5,1.0,0.09375,1.0,0.0,0.0,0.0,0.0,0.0,5.625,60.0,0.09375,1.0,0.0,0.0,96.0,1.0,9.937888198757763,1.0,1.0,0.0,1.0,21.11801242236025,0.1016842105263158,0.0863853378345989,0.5406734445449872,1.0,2
135.89440024447626,8153.664014668575,60.0,0.0448238086532169,1.9,114.0,1.0,0.075,1.0,0.0,0.0,0.0,0.0,0.0,4.5,60.0,0.075,1.0,0.0,0.0,80.0,1.0,11.0803324099723,1.0,1.0,0.0,1.0,21.05263157894737,0.0913924050632911,0.0773080993221146,0.5417435199511913,1.0,2
21.778581811537272,23549.010886602096,991.0,27.316266218831935,320.85714285714283,320133.71428571426,1.8571428571428568,1.5714285714285714,1.0714285714285714,3.571428571428572,0.9272186319986362,0.0,0.2289377289377289,0.8571428571428571,182644.85714285716,137488.85714285713,0.8484587466056187,0.8571428571428571,0.1428571428571428,0.0,5.0,3.0,0.0286885245901639,0.6,5.0,2.235926350629033,0.4285714285714285,9.204918032786884,40.66666666666666,20.096987059977145,0.6692597329583398,1.0,0
8.053295987648834,1024.1879350002891,150.19044913419913,1.197640127107631,9.375,1221.25,1.0,1.0,1.0,0.0,0.0,0.0,0.0,0.0,468.875,752.375,1.598301932909536,1.0,0.0,0.0,1.0,1.0,0.0095259602474844,1.0,1.0,0.0,1.0,0.0893058773201662,119.972907,0.7007763174584094,0.9941927991406804,8.0,3
452.1258453680436,632982.5210959094,1400.023573657371,141.66964198639593,42031.66666666666,58845133.0,1.0,1.0,1.0,0.0,0.0,0.0,0.0,0.0,31196.33333333333,58813936.66666666,1859.8924875234168,1.0,0.0,0.0,1.0,1.0,0.0157894736842105,1.0,1.0,0.0,1.0,663.6578947368421,95.0,21.0,0.8189655172413793,3.0,5
83.2416412086888,4994.498472521329,60.0,0.050459380124175,1.9071428571428573,114.42857142857144,1.0,0.1071428571428571,1.0,0.0,0.0,0.0,0.0,0.0,6.428571428571429,60.0,0.1071428571428571,1.0,0.0,0.0,140.0,1.0,29.227557411273487,1.0,1.0,0.0,1.0,55.741127348643005,0.0344604316546762,0.0267998889150093,0.5625245074497514,1.0,2
90.890347647821,5453.420858869257,60.0,0.0506446555162891,2.246376811594203,134.7826086956522,1.0,0.1014492753623188,1.0,0.0,0.0,0.0,0.0,0.0,6.086956521739131,60.0,0.1014492753623188,1.0,0.0,0.0,69.0,1.0,8.801020408163266,1.0,1.0,0.0,1.0,19.770408163265305,0.1152941176470588,0.1032340371969737,0.5275938824878025,1.0,2
9.093088840241684,847.9260573538513,118.28424804362304,1.38414968877421,11.0,1127.125,1.0,1.0,1.0,0.0,0.0,0.0,0.0,0.0,428.125,699.0,1.6207355374635648,1.0,0.0,0.0,1.0,1.0,0.0047624244841548,1.0,1.0,0.0,1.0,0.0523866693257028,239.97380885714284,111.73534628805773,0.682307541178652,8.0,3
15.583619890639488,16619.953500471613,1171.6,32.43379007530323,269.2,290588.6,1.2,0.8,0.9,7.2,1.7924812503605778,0.0,0.4333333333333333,1.8,146595.0,143993.6,1.0963399631211268,0.6,0.2,0.2,4.0,3.0,0.0292397660818713,0.75,4.0,1.9219280948873625,0.4,7.871345029239766,42.75,26.28093415386904,0.6192875777214721,1.0,0
8.149089493510319,8912.87041348743,1054.6666666666667,27.90615779122483,261.6666666666667,313886.6666666667,2.0,2.333333333333333,0.6,0.0,0.0,0.0,0.0,0.0,152637.33333333334,161249.33333333334,1.1452838291220238,0.6666666666666666,0.3333333333333333,0.0,3.0,3.0,0.0294117647058823,1.0,3.0,1.584962500721156,0.3333333333333333,7.696078431372549,51.0,9.0,0.85,1.0,0
10.515402093996618,1086.6176135116468,136.91394226688342,1.22893087559931,10.294117647058824,1189.5882352941176,1.0,1.0,1.0,0.0,0.0,0.0,0.0,0.0,490.52941176470586,699.0588235294117,1.440826532111249,1.0,0.0,0.0,1.0,1.0,0.0088530156593573,1.0,1.0,0.0,1.0,0.0911339847286781,120.0156015625,1.966664399197312,0.9838774564180104,17.0,3
257.7665331529647,360875.6558086414,1400.011743049831,137.09567844427806,38722.0,54211192.0,1.0,1.0,1.0,0.0,0.0,0.0,0.0,0.0,19899.0,54191293.0,5420.734678961511,1.0,0.0,0.0,1.0,1.0,0.0084033613445378,1.0,1.0,0.0,1.0,325.39495798319325,178.5,46.5,0.7933333333333333,3.0,5
7.762373571942567,776.0212768901162,114.48550724637684,0.3207481279800734,2.1739130434782608,206.08695652173915,0.0,0.0,0.0,59.08695652173913,4.724674700056502,0.2427312034939926,0.5097603426169702,3.0,61.47826086956522,143.82608695652175,2.339765442760773,0.0,1.0,0.0,1.0,1.0,0.0793103448275862,1.0,1.0,0.0,1.0,0.1724137931034483,13.181818181818182,15.841936186866816,0.454173433745726,23.0,4
10.837411052294817,1036.7232460380956,107.78333333333332,0.2894751222293439,2.2,205.725,0.0,0.0,0.0,60.075,4.70978173673466,0.2412434306469257,0.5003568115519916,3.0,61.275,143.575,2.343869671297373,0.0,1.0,0.0,1.0,1.0,0.136518771331058,1.0,1.0,0.0,1.0,0.3003412969283277,7.512820512820513,7.7256542163332975,0.4930165680195801,40.0,4
104.25347354320142,6255.208412592086,60.0,0.052452680405852,1.9351351351351351,116.10810810810813,1.0,0.1405405405405405,1.0,0.0,0.0,0.0,0.0,0.0,8.432432432432432,60.0,0.1405405405405405,1.0,0.0,0.0,185.0,1.0,32.97682709447415,1.0,1.0,0.0,1.0,63.81461675579322,0.0304891304347826,0.0228720422488933,0.5713729459343337,1.0,2
5.672029071238746,816.2894314291249,143.75128205128206,1.5288175931493355,8.714285714285714,1166.2857142857142,1.0,1.0,1.0,0.0,0.0,0.0,0.0,0.0,445.7142857142857,720.5714285714286,1.6366688749732698,1.0,0.0,0.0,1.0,1.0,0.0064752476466556,1.0,1.0,0.0,1.0,0.0564271580637135,180.17328916666668,92.26074480579236,0.6613464791439413,7.0,3
7.89969677902846,6505.754343266712,744.25,38.70870235454667,279.0,219583.0,1.75,1.25,0.8125,7.5,1.6408638394348682,0.0,0.35,1.5,114229.75,105353.25,1.0318111306791935,0.5,0.25,0.25,2.0,4.0,0.0259740259740259,1.3333333333333333,3.0,1.5,0.25,7.246753246753247,51.333333333333336,31.71049598406741,0.6181474741143362,1.0,0
181.98905797494356,254787.49417426312,1400.0132489752148,155.75564159623937,27142.33333333333,37999662.333333336,1.0,1.0,1.0,0.0,0.0,0.0,0.0,0.0,29599.0,37970063.333333336,1730.644474955654,1.0,0.0,0.0,1.0,1.0,0.0084269662921348,1.0,1.0,0.0,1.0,228.72752808988764,178.0,49.0,0.7841409691629957,3.0,5
9.497089262358188,1083.507309740749,115.55541125541124,1.2536644519934148,9.090909090909092,1017.4545454545456,1.0,1.0,1.0,0.0,0.0,0.0,0.0,0.0,407.0,610.4545454545455,1.4984205659462342,1.0,0.0,0.0,1.0,1.0,0.0091740768054994,1.0,1.0,0.0,1.0,0.0834006982318132,119.90307289999998,0.884513435310559,0.9926771163979128,11.0,3
6.950882191337678,952.900858605484,146.24343989343987,1.547647117161934,10.4,1315.0,1.0,1.0,1.0,0.0,0.0,0.0,0.0,0.0,519.9,795.1,1.5597585328756318,1.0,0.0,0.0,1.0,1.0,0.0083269451854909,1.0,1.0,0.0,1.0,0.0866002299291062,133.43562211111112,38.638744496818106,0.7754532225891825,10.0,3
98.41429060829078,5904.857436497447,60.0,0.050559772184305,2.005181347150259,120.31088082901556,1.0,0.0880829015544041,1.0,0.0,0.0,0.0,0.0,0.0,5.284974093264249,60.0,0.0880829015544041,1.0,0.0,0.0,193.0,1.0,19.455645161290324,1.0,1.0,0.0,1.0,39.01209677419355,0.0516666666666666,0.0444917283198673,0.5373079144457646,1.0,2
1299.949242155836,77996.95452935017,60.0,0.1968792053157187,122.1219512195122,7327.317073170731,119.48780487804878,2.6341463414634148,59.8308943089431,0.0,0.0,0.0,0.0,0.0,158.0487804878049,7169.268292682927,42.221138211382105,1.0,0.0,0.0,1.0,1.0,41.372351160444,0.024390243902439,41.0,5.357552004618081,1.0,5052.472250252271,0.024775,0.0259610164477433,0.4883118883706124,41.0,1
5.59565948317794,6883.34232020225,1261.0,31.623134961553266,165.33333333333334,203670.3333333333,1.0,0.6666666666666666,0.5,0.0,0.0,0.0,0.0,0.0,98899.33333333331,104771.0,1.112575253248704,0.3333333333333333,0.3333333333333333,0.3333333333333333,2.0,2.0,0.0130434782608695,0.6666666666666666,3.0,1.584962500721156,0.6666666666666666,2.1565217391304348,115.0,56.0,0.672514619883041,1.0,0
100.80355414163748,6048.2132484982485,60.0,0.0491433356143793,1.9748427672955973,118.49056603773585,1.0,0.0754716981132075,1.0,0.0,0.0,0.0,0.0,0.0,4.528301886792453,60.0,0.0754716981132075,1.0,0.0,0.0,159.0,1.0,36.054421768707485,1.0,1.0,0.0,1.0,71.20181405895691,0.0279113924050632,0.0241580711535229,0.5360414818496958,1.0,2
8.121561769621694,794.0488092679797,116.40384615384616,0.3093723271229969,2.1923076923076925,212.34615384615384,0.0,0.0,0.0,63.53846153846154,4.703733027036265,0.2302938789808814,0.4713733830953038,3.0,63.23076923076923,148.1153846153846,2.341986983449812,0.0,1.0,0.0,1.0,1.0,0.0899653979238754,1.0,1.0,0.0,1.0,0.1972318339100346,11.56,19.231391005332924,0.3754296127121331,26.0,4
40.137480724360834,54520.86556158366,1115.3333333333333,23.617582258187426,229.66666666666663,255901.0,3.1666666666666665,3.0,0.875,7.0,1.5942350597674766,0.0,0.3472222222222221,1.5,124206.5,131694.5,1.1199073730836766,0.8333333333333334,0.1666666666666666,0.0,3.0,5.0,0.0251046025104602,1.0,5.0,2.2516291673878226,0.3333333333333333,5.7656903765690375,47.8,28.378865375486736,0.6274706214695257,1.0,0
61.61253152229752,3696.7518913378512,60.0,0.0571972505563634,1.9028571428571428,114.17142857142858,1.0,0.1485714285714285,1.0,0.0,0.0,0.0,0.0,0.0,8.914285714285715,60.0,0.1485714285714285,1.0,0.0,0.0,175.0,1.0,17.820773930753564,1.0,1.0,0.0,1.0,33.91038696537678,0.0564367816091954,0.0497459525643897,0.531506200593157,1.0,2
96.6721691969884,5800.330151819304,60.0,0.0454975286955297,2.0093457943925235,120.5607476635514,1.0,0.0467289719626168,1.0,0.0,0.0,0.0,0.0,0.0,2.803738317757009,60.0,0.0467289719626168,1.0,0.0,0.0,107.0,1.0,22.384937238493723,1.0,1.0,0.0,1.0,44.97907949790795,0.0450943396226415,0.0344839389199062,0.566666437733145,1.0,2
253.69928167048272,355193.594825997,1400.0474890829985,91.25745213368312,18295.0,25613787.0,1.0,1.0,1.0,0.0,0.0,0.0,0.0,0.0,19668.5,25594118.5,1291.2611279340697,1.0,0.0,0.0,1.0,1.0,0.008695652173913,1.0,1.0,0.0,1.0,159.08695652173913,230.0,0.0,1.0,2.0,5
88.5583900101427,5313.503400608562,60.0,0.0513429235301371,1.9426751592356688,116.56050955414013,1.0,0.0828025477707006,1.0,0.0,0.0,0.0,0.0,0.0,4.968152866242038,60.0,0.0828025477707006,1.0,0.0,0.0,157.0,1.0,17.922374429223744,1.0,1.0,0.0,1.0,34.81735159817352,0.0561538461538461,0.047897614341072,0.5396737910909828,1.0,2
16.317430247528634,17521.21791135667,1160.6,26.24457754829287,325.8,370480.6,2.8,2.8,0.8,5.4,1.2457891608965437,0.0,0.2799999999999999,1.2,183722.4,186758.2,0.9881017726943516,0.8,0.0,0.2,2.0,4.0,0.0205761316872428,1.3333333333333333,3.0,1.3709505944546687,0.4,6.703703703703703,60.75,39.88969165085136,0.6036385744380021,2.0,0
22.36474036721309,26852.10261292088,1295.5,27.18130187314344,200.25,245059.25,2.25,2.25,0.7291666666666666,3.25,0.8481868526121962,0.0,0.2115384615384615,0.75,123225.5,121833.75,1.2727526734662225,0.75,0.25,0.0,3.0,4.0,0.0231213872832369,1.0,4.0,2.0,0.25,4.630057803468208,57.66666666666666,9.46337971105226,0.8590291498116224,1.0,0
19.382109710069727,12354.284220288391,700.0,16.080382186246464,276.0,195140.0,1.0,1.0,0.5,7.5,1.6867786311375923,0.0,0.3666666666666666,1.5,97274.0,97866.0,0.960424093030682,0.5,0.5,0.0,2.0,2.0,0.037037037037037,1.0,2.0,1.0,0.5,10.22222222222222,54.0,0.0,1.0,1.0,0
70.12949715530712,4207.769829318427,60.0,0.0542984400000465,2.0144927536231885,120.8695652173913,1.0,0.0797101449275362,1.0,0.0,0.0,0.0,0.0,0.0,4.782608695652174,60.0,0.0797101449275362,1.0,0.0,0.0,138.0,1.0,17.96875,1.0,1.0,0.0,1.0,36.19791666666667,0.0560583941605839,0.0485310896551345,0.5359849969176256,1.0,2
4.773438864463004,3925.7900073190553,864.3333333333334,40.87781261982992,246.66666666666663,199819.3333333333,1.6666666666666667,1.6666666666666667,0.8333333333333334,0.0,0.0,0.0,0.0,0.0,103226.0,96593.33333333331,0.8697385590712915,1.0,0.0,0.0,2.0,2.0,0.0134529147982062,1.0,2.0,0.9182958340544896,0.6666666666666666,3.318385650224215,111.5,64.5,0.6335227272727272,1.0,0
89.15030692007608,109692.65094604652,1254.6,25.28817563977521,264.0,327019.0,2.4,2.2,0.7333333333333333,5.0,1.252191293095366,0.0,0.3038461538461538,1.2,167436.0,159583.0,0.8812721728581077,0.6,0.2,0.2,3.0,3.0,0.0226244343891402,1.0,3.0,1.521928094887362,0.4,5.972850678733032,55.25,46.38628568876797,0.5436050680677894,2.0,0
107.4534538703212,6447.2072322192735,60.0,0.045627384627699,1.9664804469273744,117.98882681564244,1.0,0.0782122905027933,1.0,0.0,0.0,0.0,0.0,0.0,4.692737430167598,60.0,0.0782122905027933,1.0,0.0,0.0,179.0,1.0,35.445544554455445,1.0,1.0,0.0,1.0,69.70297029702971,0.0283707865168539,0.0247035829737498,0.5345477824635615,1.0,2
25.67608668385591,31143.708618191697,1144.75,34.093325568214695,246.0,268429.5,2.25,2.5,0.8958333333333333,3.0,0.8129072918469556,0.0,0.2083333333333333,0.75,136111.5,132318.0,0.9621490748785564,1.0,0.0,0.0,3.0,3.0,0.0163265306122449,0.75,4.0,2.0,0.5,4.016326530612245,81.66666666666667,63.69894469734609,0.5618018312609276,2.0,0
8.20214292389069,927.5290928817536,132.88846903096905,1.442346848081205,9.9,1207.0,1.0,1.0,1.0,0.0,0.0,0.0,0.0,0.0,475.2,731.8,1.5321913942583294,1.0,0.0,0.0,1.0,1.0,0.0075903620764233,1.0,1.0,0.0,1.0,0.075144584556591,146.38446755555557,49.3469303007568,0.7478844434709311,10.0,3
8.84296998236576,1321.4175899166382,157.48868353868352,1.2098046996762952,9.583333333333334,1455.8333333333333,1.0,1.0,1.0,0.0,0.0,0.0,0.0,0.0,575.0833333333334,880.75,1.5303160086322471,1.0,0.0,0.0,1.0,1.0,0.0071369662272102,1.0,1.0,0.0,1.0,0.0683959263440986,152.8533351818182,53.50246754228117,0.7407270993303992,12.0,3
156.12459634408856,218580.82181386187,1400.048308897168,201.55627498235003,23650.666666666668,33111950.666666668,1.0,1.0,1.0,0.0,0.0,0.0,0.0,0.0,33125.0,33078825.666666668,3330.945209112307,1.0,0.0,0.0,1.0,1.0,0.0098360655737704,1.0,1.0,0.0,1.0,232.6295081967213,152.5,34.5,0.8155080213903743,3.0,5
177.32319942977415,248255.7401201464,1400.0163536132832,137.34816261037582,23347.0,32686213.0,1.0,1.0,1.0,0.0,0.0,0.0,0.0,0.0,23527.5,32662685.5,2876.9894486793946,1.0,0.0,0.0,1.0,1.0,0.0059523809523809,1.0,1.0,0.0,1.0,138.9702380952381,336.0,0.0,1.0,2.0,5
888.850378055179,53331.02268331075,60.0,0.2733067808349401,131.41666666666666,7885.0,129.31666666666666,2.1,83.60055555555556,0.0,0.0,0.0,0.0,0.0,126.0,7759.0,59.73388888888889,1.0,0.0,0.0,1.0,1.0,61.98347107438017,0.0169491525423728,59.0,5.873557262275184,1.0,8145.661157024793,0.0164067796610169,0.0155444890709496,0.5134938395921121,60.0,1
20.535456693182105,24554.77076912977,1106.6666666666667,23.58267678871475,181.66666666666663,197846.66666666663,1.6666666666666667,1.6666666666666667,0.9166666666666666,10.0,2.1034810192396747,0.0,0.4444444444444444,2.0,83615.0,114231.66666666669,1.3621804161253437,0.6666666666666666,0.3333333333333333,0.0,3.0,3.0,0.0365853658536585,1.5,2.0,0.9182958340544896,0.3333333333333333,6.646341463414634,41.0,14.0,0.7454545454545454,1.0,0
10.124513890682689,1007.945193293988,121.1919191919192,0.313458334368956,2.1818181818181817,216.27272727272728,0.0,0.0,0.0,62.72727272727273,4.720052081936048,0.229705997905507,0.4821984601677026,3.0,64.48484848484848,150.93939393939394,2.340444720704548,0.0,1.0,0.0,1.0,1.0,0.1174377224199288,1.0,1.0,0.0,1.0,0.2562277580071174,8.78125,8.458480858729894,0.5093612001229898,33.0,4
1210.9664827812069,72657.98896687239,60.0,0.2348886745916458,135.08474576271186,8105.084745762711,133.15254237288136,1.9322033898305084,87.60847457627118,0.0,0.0,0.0,0.0,0.0,115.9322033898305,7989.152542372882,57.23559322033899,1.0,0.0,0.0,1.0,1.0,60.08146639511202,0.0169491525423728,59.0,5.882643049361836,1.0,8116.089613034624,0.0169310344827586,0.0165663369402985,0.505443674040182,59.0,1
10.557893922816824,1386.4968986331005,149.5700396825397,1.0883331034248491,10.25,1350.3333333333333,1.0,1.0,1.0,0.0,0.0,0.0,0.0,0.0,534.25,816.0833333333334,1.5491706606898428,1.0,0.0,0.0,1.0,1.0,0.0066603144029054,1.0,1.0,0.0,1.0,0.0682682226297805,163.79243154545455,77.16564327352118,0.6797548978946096,12.0,3
10.600874289365825,1097.2036116648037,121.53333333333332,0.3013307233400693,2.2,217.33333333333331,0.0,0.0,0.0,62.06666666666667,4.695279995056652,0.2387260074393292,0.4756609507860602,3.0,64.86666666666666,151.6,2.33780563541838,0.0,1.0,0.0,1.0,1.0,0.0541516245487364,1.0,1.0,0.0,1.0,0.1191335740072202,19.785714285714285,15.283878394423,0.564184319623436,15.0,4
8.424640005650275,1204.432975906883,153.34127816627816,1.2283211462709358,9.083333333333334,1234.1666666666667,1.0,1.0,1.0,0.0,0.0,0.0,0.0,0.0,490.5,743.6666666666666,1.5475516889901206,1.0,0.0,0.0,1.0,1.0,0.0071487182578114,1.0,1.0,0.0,1.0,0.064934190841787,152.6020541818182,54.36938406645177,0.7373097248266997,12.0,3
875.9363982015917,52556.1838920955,60.0,0.2746621980835552,127.0,7620.0,124.75,2.25,71.93402777777777,0.0,0.0,0.0,0.0,0.0,135.0,7485.0,45.96180555555556,1.0,0.0,0.0,1.0,1.0,72.21664994984955,0.0138888888888888,72.0,6.1699250014423175,1.0,9171.514543630892,0.0140422535211267,0.013827342396084,0.503855655562447,72.0,1
92.4786735453364,5548.720412720185,60.0,0.0483720176338334,2.013333333333333,120.8,1.0,0.1333333333333333,1.0,0.0,0.0,0.0,0.0,0.0,8.0,60.0,0.1333333333333333,1.0,0.0,0.0,75.0,1.0,14.285714285714286,1.0,1.0,0.0,1.0,28.761904761904763,0.0709459459459459,0.0579647823861882,0.5503494306785396,1.0,2
24.877062485075253,32694.634433271654,980.7142857142856,32.76523492838926,320.7142857142857,366604.1428571429,3.0,2.4285714285714284,1.1666666666666663,3.857142857142857,0.9226456804280486,0.0,0.2119047619047619,0.8571428571428571,178273.85714285713,188330.2857142857,1.0457332963565438,0.8571428571428571,0.1428571428571428,0.0,5.0,3.0,0.027027027027027,0.75,4.0,1.6644977792004614,0.4285714285714285,8.667953667953668,43.16666666666666,62.073656964036594,0.4101723101702154,1.0,0
23.16684810006423,25758.439382619617,945.25,15.700840963061651,204.75,222726.25,2.0,2.0,0.5,4.5,0.8480368059161335,0.0,0.1527777777777778,0.75,129749.75,92976.5,0.8817763144218038,0.5,0.5,0.0,3.0,4.0,0.0251572327044025,1.3333333333333333,3.0,1.5,0.25,5.150943396226415,53.0,36.34097778908359,0.5932328178131487,1.0,0
1147.6913132652116,68861.4787959127,60.0,0.2278961433098816,128.375,7702.5,126.0,2.375,73.61833333333334,0.0,0.0,0.0,0.0,0.0,142.5,7560.0,51.76833333333334,1.0,0.0,0.0,1.0,1.0,40.69175991861648,0.025,40.0,5.321928094887364,1.0,5223.804679552391,0.0252051282051282,0.0287573219101692,0.4670864304951743,40.0,1
87.3699930114879,5242.199580689274,60.0,0.0497900810974513,1.9895287958115184,119.3717277486911,1.0,0.1099476439790576,1.0,0.0,0.0,0.0,0.0,0.0,6.596858638743456,60.0,0.1099476439790576,1.0,0.0,0.0,191.0,1.0,26.713286713286717,1.0,1.0,0.0,1.0,53.14685314685315,0.0376315789473684,0.0398836604537639,0.4854732983875514,1.0,2
6.797245895655409,1064.877693547454,175.625,0.2836328553147721,1.375,204.8125,0.0,0.0,0.0,61.5,4.737582435124368,0.2364851797116622,0.4998985020054426,3.0,61.0,143.0625,2.346224291524836,0.0,1.0,0.0,1.0,1.0,0.0569395017793594,1.0,1.0,0.0,1.0,0.0782918149466192,18.73333333333333,24.073406258543656,0.4376257923854629,16.0,4
3.1590288607079167,3231.994473183885,1115.25,42.470847225448885,124.25,124894.0,2.25,2.5,0.45,3.75,0.8100559822354629,0.0,0.1666666666666666,0.75,64152.5,60741.5,0.901564684767204,0.5,0.5,0.0,4.0,3.0,0.025,1.0,3.0,1.5,0.5,3.10625,53.333333333333336,42.24005471376928,0.5580353948219186,1.0,0
20.15533743191712,19244.80695382118,941.75,27.109296459185146,324.75,301007.5,2.25,2.25,0.7916666666666666,0.0,0.0,0.0,0.0,0.0,149835.25,151172.25,1.083322839437094,0.75,0.25,0.0,3.0,3.0,0.0202020202020202,1.0,3.0,1.5,0.5,6.5606060606060606,66.0,64.03644795479109,0.5075500064639246,1.0,0
21.017031543985343,14082.574900311662,709.25,16.86842827096566,262.5,182227.5,2.0,2.0,0.5833333333333334,3.0,0.7712406251802889,0.0,0.1875,0.75,88692.0,93535.5,1.0423762599789894,0.5,0.25,0.25,4.0,3.0,0.0588235294117647,0.75,4.0,2.0,0.5,15.441176470588236,22.666666666666668,1.247219128924647,0.9478454008024668,1.0,0
9.477190873225496,1107.293851547679,124.9236111111111,0.2743731214344276,2.0416666666666665,207.54166666666663,0.0,0.0,0.0,64.95833333333333,4.759857064728599,0.239523612860413,0.479761634661749,3.0,61.833333333333336,144.75,2.341843272987162,0.0,1.0,0.0,1.0,1.0,0.0819112627986348,1.0,1.0,0.0,1.0,0.167235494880546,12.73913043478261,8.31560811812889,0.6050481416698006,24.0,4
1392.407335571682,83544.44013430091,60.0,0.2534886414588617,137.15686274509804,8229.411764705883,134.9607843137255,2.196078431372549,79.6343137254902,0.0,0.0,0.0,0.0,0.0,131.76470588235293,8097.64705882353,47.57549019607844,1.0,0.0,0.0,1.0,1.0,53.06971904266389,0.0196078431372549,51.0,5.6724253419715005,1.0,7278.876170655567,0.01922,0.0161261154652941,0.5437655523666195,51.0,1
10.228999811721652,1009.072748770356,120.85555555555555,0.2769181757767006,2.066666666666667,208.13333333333333,0.0,0.0,0.0,63.0,4.717036914787096,0.2204792410170283,0.4802081322559906,3.0,62.06666666666667,145.13333333333333,2.338116325192307,0.0,1.0,0.0,1.0,1.0,0.0566037735849056,1.0,1.0,0.0,1.0,0.1169811320754717,18.928571428571427,21.103365627698498,0.4728367603587341,15.0,4
392.337695379681,549275.266119145,1400.0081188685374,149.2750487213893,48631.0,68083831.0,1.0,1.0,1.0,0.0,0.0,0.0,0.0,0.0,16319.666666666666,68067511.33333333,7759.884053568629,1.0,0.0,0.0,1.0,1.0,0.0236220472440944,1.0,1.0,0.0,1.0,1148.763779527559,63.5,58.5,0.5204918032786885,3.0,5
669.5695375279619,40174.17225167772,60.0,0.2696919124671091,122.45588235294116,7347.35294117647,120.04411764705884,2.411764705882353,64.02450980392156,0.0,0.0,0.0,0.0,0.0,144.7058823529412,7202.64705882353,46.93627450980392,1.0,0.0,0.0,1.0,1.0,71.72995780590718,0.0147058823529411,68.0,6.087462841250345,1.0,8783.755274261604,0.0141492537313432,0.0121437333895764,0.5381379326081062,68.0,1
12.296223523659208,1343.038765089652,128.14705882352942,0.2423229355025248,2.235294117647059,228.41176470588235,0.0,0.0,0.0,62.05882352941177,4.726541014477353,0.2169088061298124,0.4906575602997178,3.0,68.05882352941177,159.35294117647058,2.340797917014636,0.0,1.0,0.0,1.0,1.0,0.065891472868217,1.0,1.0,0.0,1.0,0.1472868217054263,16.125,14.486523910172515,0.5267624064492098,17.0,4
8.653634017857637,1217.2813380445782,151.03531746031746,1.3521770596264044,10.4,1470.0,1.0,1.0,1.0,0.0,0.0,0.0,0.0,0.0,592.0,878.0,1.4777150552646268,1.0,0.0,0.0,1.0,1.0,0.0046318214203919,1.0,1.0,0.0,1.0,0.048170942772076,269.87223525,131.0625358704661,0.6731075842980787,5.0,3
17.4284828206168,1785.4839919663364,135.78703703703707,0.1787746839670067,1.9444444444444444,220.05555555555557,0.0,0.0,0.0,62.66666666666666,4.745840041218929,0.2235895255170187,0.4904579028521055,3.0,65.55555555555556,153.61111111111111,2.3436299541017465,0.0,1.0,0.0,1.0,1.0,0.075,1.0,1.0,0.0,1.0,0.1458333333333333,14.117647058823527,13.762191826719771,0.5063747719913847,18.0,4
7.648742130376459,790.0045059329698,128.84444444444446,0.3470155285725076,2.0,215.66666666666663,0.0,0.0,0.0,61.6,4.737079743557739,0.229693738838891,0.4980584361780842,3.0,64.2,150.53333333333333,2.344954616821953,0.0,1.0,0.0,1.0,1.0,0.0570342205323193,1.0,1.0,0.0,1.0,0.1140684410646387,18.785714285714285,12.65011897983895,0.5975891946945557,15.0,4
88.5451238077631,5312.7074284657865,60.0,0.0505161090304033,1.9949238578680204,119.69543147208122,1.0,0.1065989847715736,1.0,0.0,0.0,0.0,0.0,0.0,6.395939086294416,60.0,0.1065989847715736,1.0,0.0,0.0,197.0,1.0,22.03579418344519,1.0,1.0,0.0,1.0,43.959731543624166,0.0456122448979591,0.045525644859336,0.5004751044755027,1.0,2
83.6711059495587,5020.266356973521,60.0,0.0500924667302235,2.090909090909091,125.45454545454544,1.0,0.1272727272727272,1.0,0.0,0.0,0.0,0.0,0.0,7.636363636363637,60.0,0.1272727272727272,1.0,0.0,0.0,55.0,1.0,6.410256410256411,1.0,1.0,0.0,1.0,13.403263403263404,0.1588888888888889,0.1476440497686877,0.5183419752041111,1.0,2
351.7340833385904,492429.6945626455,1400.0058820810543,206.51171728558677,67069.33333333333,93897462.33333331,1.0,1.0,1.0,0.0,0.0,0.0,0.0,0.0,20031.666666666668,93877430.66666669,11034.692815335213,1.0,0.0,0.0,1.0,1.0,0.0080862533692722,1.0,1.0,0.0,1.0,542.3396226415094,185.5,83.5,0.6895910780669146,3.0,5
12.01876395003982,8629.032284077884,977.0,29.892032134504227,205.42857142857144,185381.42857142855,1.8571428571428568,1.7142857142857142,0.8214285714285714,3.857142857142857,0.9011705613598252,0.0,0.2047619047619047,0.8571428571428571,91846.42857142857,93535.0,1.0199860392810944,0.7142857142857143,0.1428571428571428,0.1428571428571428,3.0,4.0,0.0246478873239436,1.3333333333333333,3.0,1.5566567074628228,0.2857142857142857,5.063380281690141,47.333333333333336,42.07004740773285,0.5294356090450553,1.0,0
10.599125214654228,937.1723455146004,97.47435897435898,0.2904545821559515,2.3846153846153846,206.3846153846154,0.0,0.0,0.0,64.84615384615384,4.714145058900734,0.2521195782033026,0.4714271524674638,3.0,61.53846153846154,143.84615384615384,2.337534092633839,0.0,1.0,0.0,1.0,1.0,0.0494296577946768,1.0,1.0,0.0,1.0,0.11787072243346,21.916666666666668,19.813540544003963,0.5251990855454574,13.0,4
10.953716622312474,1253.4706185458056,144.79166666666666,0.2559419409939795,1.8,212.15,0.0,0.0,0.0,62.0,4.717469447702199,0.2393887925469182,0.4902521870433624,3.0,63.1,148.05,2.346465432378932,0.0,1.0,0.0,1.0,1.0,0.0673400673400673,1.0,1.0,0.0,1.0,0.1212121212121212,15.63157894736842,12.014073003711278,0.5654263091725689,20.0,4
244.19287704932168,341874.6648671414,1400.018566675996,192.63935696668227,45821.5,64150948.0,1.0,1.0,1.0,0.0,0.0,0.0,0.0,0.0,22304.5,64128643.5,2927.927665203873,1.0,0.0,0.0,1.0,1.0,0.0118343195266272,1.0,1.0,0.0,1.0,542.2662721893491,169.0,0.0,1.0,2.0,5
1.8945473118481613,2203.0412239356783,1109.5,25.489738108208577,45.5,48939.5,2.0,2.5,0.4,6.5,1.6194506283013157,0.0,0.3846153846153846,1.5,22298.5,26641.0,1.1849506015475246,0.5,0.5,0.0,2.0,2.0,0.03125,1.0,2.0,1.0,0.5,1.421875,64.0,0.0,1.0,1.0,0
27.641939329591413,30975.06425257146,827.5714285714286,29.19480163231488,189.8571428571429,168490.57142857142,1.2857142857142858,1.4285714285714286,0.5952380952380952,6.142857142857143,1.4223146811697511,0.0,0.3208791208791209,1.2857142857142858,82374.71428571429,86115.85714285714,1.0925457404554848,0.7142857142857143,0.2857142857142857,0.0,4.0,4.0,0.0264150943396226,0.8,5.0,2.128085278891394,0.4285714285714285,5.0150943396226415,44.16666666666666,33.582816373192344,0.5680637984952801,1.0,0
1440.4114019926744,86424.68411956045,60.0,0.2388836329983674,119.85185185185183,7191.111111111111,117.37037037037037,2.4814814814814814,67.29722222222222,0.0,0.0,0.0,0.0,0.0,148.88888888888889,7042.222222222223,44.66759259259259,1.0,0.0,0.0,1.0,1.0,54.2713567839196,0.0185185185185185,54.0,5.7548875021634665,1.0,6504.522613065326,0.0187735849056603,0.0181883660820139,0.5079165034313468,54.0,1
13.252798558128564,1279.8766116206734,109.41676286676288,0.9460395075787672,10.333333333333334,971.6666666666666,1.0,1.0,1.0,0.0,0.0,0.0,0.0,0.0,386.22222222222223,585.4444444444445,1.5295868383330686,1.0,0.0,0.0,1.0,1.0,0.0093761358407226,1.0,1.0,0.0,1.0,0.0968867370208006,119.985463,1.906479732689088,0.9843592637056412,9.0,3
914.0607243407528,54843.64346044517,60.0,0.3035401051780921,131.26315789473685,7875.789473684211,128.23684210526315,3.026315789473684,65.23728070175439,0.0,0.0,0.0,0.0,0.0,181.57894736842104,7694.210526315789,52.60570175438596,1.0,0.0,0.0,1.0,1.0,42.0353982300885,0.0263157894736842,38.0,5.247927513443589,1.0,5517.699115044247,0.0244324324324324,0.0217287212351694,0.529285567868731,38.0,1
138.33084972482615,193666.13666134852,1400.0335566657704,212.7542412614065,31026.0,43437067.66666666,1.0,1.0,1.0,0.0,0.0,0.0,0.0,0.0,27984.0,43409083.66666666,2258.5631404562127,1.0,0.0,0.0,1.0,1.0,0.0084269662921348,1.0,1.0,0.0,1.0,261.4550561797753,178.0,115.0,0.6075085324232081,3.0,5
8.051483826420583,1313.9001901346212,178.5992648377264,1.257223715087395,8.153846153846153,1314.3076923076924,1.0,1.0,1.0,0.0,0.0,0.0,0.0,0.0,501.5384615384616,812.7692307692307,1.6094594467064691,1.0,0.0,0.0,1.0,1.0,0.0090352993005236,1.0,1.0,0.0,1.0,0.0736724404504239,119.90010483333332,1.7138862168124822,0.985907162473553,13.0,3
761.1092813582225,45666.55688149335,60.0,0.2497567836590109,119.6984126984127,7181.9047619047615,116.85714285714286,2.8412698412698414,55.94973544973545,0.0,0.0,0.0,0.0,0.0,170.47619047619048,7011.428571428572,47.076719576719576,1.0,0.0,0.0,1.0,1.0,63.57214934409687,0.0158730158730158,63.0,5.97727992349992,1.0,7609.485368314834,0.0159838709677419,0.0167375297205006,0.4884837027616994,63.0,1
10.590773064916988,1018.5411165546482,122.6625,0.2615606941390349,1.975,202.4,0.0,0.0,0.0,61.0,4.754871925809489,0.2314820041292345,0.5050316437292196,3.0,60.25,141.25,2.3443401258008523,0.0,1.0,0.0,1.0,1.0,0.1333333333333333,1.0,1.0,0.0,1.0,0.2633333333333333,7.6923076923076925,8.542964855406469,0.4738021902435341,40.0,4
7.974787386010593,1268.2400654289206,178.31135623635623,1.343998693403514,9.083333333333334,1497.0,1.0,1.0,1.0,0.0,0.0,0.0,0.0,0.0,616.4166666666666,880.5833333333334,1.4686297095160938,1.0,0.0,0.0,1.0,1.0,0.0090749796485073,1.0,1.0,0.0,1.0,0.0824310651406085,120.21063772727274,1.7831375170077002,0.985383372934913,12.0,3
9.679336261975337,946.8000515852028,121.3377192982456,0.286223325892274,2.1578947368421053,212.10526315789477,0.0,0.0,0.0,60.92105263157895,4.732857005141842,0.2309897978065913,0.5008454965774365,3.0,63.1578947368421,147.97368421052633,2.3430696653499568,0.0,1.0,0.0,1.0,1.0,0.1310344827586207,1.0,1.0,0.0,1.0,0.2827586206896552,7.837837837837838,7.164150667351591,0.5224532624542809,38.0,4
912.8699128841712,54772.19477305027,60.0,0.2654238609507331,123.78125,7426.875,121.078125,2.703125,67.33828125,0.0,0.0,0.0,0.0,0.0,162.1875,7264.6875,48.47890625,1.0,0.0,0.0,1.0,1.0,66.80584551148226,0.015625,64.0,6.0,1.0,8269.311064718164,0.0152063492063492,0.0161433643846576,0.4850554427620476,64.0,1
9.730800393339049,10825.410039341295,1085.5,32.22868689380151,299.5,290054.5,2.5,3.0,0.8333333333333333,0.0,0.0,0.0,0.0,0.0,155049.5,135005.0,0.8599211392336219,1.0,0.0,0.0,2.0,2.0,0.0235294117647058,1.0,2.0,1.0,0.5,7.047058823529412,85.0,0.0,1.0,1.0,0
84.3893335429866,5063.360012579195,60.0,0.0477748943541943,1.986206896551724,119.17241379310344,1.0,0.096551724137931,1.0,0.0,0.0,0.0,0.0,0.0,5.793103448275862,60.0,0.096551724137931,1.0,0.0,0.0,145.0,1.0,18.613607188703465,1.0,1.0,0.0,1.0,36.97047496790757,0.0540972222222222,0.048697096571625,0.5262666541982106,1.0,2
726.9338774005988,1017721.9486816764,1400.0320335321132,112.50828014170013,46759.66666666666,65464588.66666666,1.0,1.0,1.0,0.0,0.0,0.0,0.0,0.0,23738.666666666668,65440850.0,5717.287887961968,1.0,0.0,0.0,1.0,1.0,0.0066079295154185,1.0,1.0,0.0,1.0,308.98458149779736,227.0,108.0,0.6776119402985075,3.0,5
87.74529210344478,5264.717526206688,60.0,0.0544227349153886,1.9029850746268655,114.17910447761194,1.0,0.1343283582089552,1.0,0.0,0.0,0.0,0.0,0.0,8.059701492537313,60.0,0.1343283582089552,1.0,0.0,0.0,134.0,1.0,26.534653465346537,1.0,1.0,0.0,1.0,50.495049504950494,0.03796992481203,0.0317594198564521,0.5445329364925545,1.0,2
11.4581377729456,1131.1161511628911,133.30208333333334,0.2729327264959888,2.0625,219.875,0.0,0.0,0.0,60.78125,4.722856970869517,0.2347921157177797,0.5023125305167002,3.0,65.5,153.5,2.3444318417157493,0.0,1.0,0.0,1.0,1.0,0.1235521235521235,1.0,1.0,0.0,1.0,0.2548262548262548,8.35483870967742,7.965848018347123,0.5119171055058105,32.0,4
787.576077015766,47254.56462094596,60.0,0.2747560291954836,135.5,8130.0,132.93939393939394,2.560606060606061,72.23282828282828,0.0,0.0,0.0,0.0,0.0,153.63636363636363,7976.363636363636,44.36919191919191,1.0,0.0,0.0,1.0,1.0,66.13226452905812,0.0153846153846153,65.0,6.014091089055431,1.0,8960.921843687374,0.0153538461538461,0.0138956891701992,0.5249261563900501,66.0,1
86.78724887709781,5207.234932625867,60.0,0.0495442862930951,1.95,117.0,1.0,0.0944444444444444,1.0,0.0,0.0,0.0,0.0,0.0,5.666666666666667,60.0,0.0944444444444444,1.0,0.0,0.0,180.0,1.0,32.66787658802178,1.0,1.0,0.0,1.0,63.70235934664248,0.0307821229050279,0.025157659605656,0.5502724809333831,1.0,2
18.782366134309516,25656.471154748528,1208.0,23.924416888591743,174.4,211302.6,2.8,2.6,0.8,0.0,0.0,0.0,0.0,0.0,105881.8,105420.8,0.93811804824835,0.8,0.2,0.0,4.0,3.0,0.0181159420289855,1.0,3.0,1.521928094887362,0.4,3.1594202898550723,69.0,59.26634795564849,0.5379431245977206,1.0,0
6.112996017351058,868.8028248354549,151.3184704184704,1.3402977630784016,8.142857142857142,1090.7142857142858,1.0,1.0,1.0,0.0,0.0,0.0,0.0,0.0,452.1428571428572,638.5714285714286,1.4301464461853772,1.0,0.0,0.0,1.0,1.0,0.0097089628669355,1.0,1.0,0.0,1.0,0.079058697630761,120.16388183333332,0.986430968175406,0.991857792643164,7.0,3
88.24721703744429,5294.833022246656,60.0,0.0494717115851943,1.87248322147651,112.3489932885906,1.0,0.1208053691275167,1.0,0.0,0.0,0.0,0.0,0.0,7.248322147651007,60.0,0.1208053691275167,1.0,0.0,0.0,149.0,1.0,19.401041666666668,1.0,1.0,0.0,1.0,36.328125,0.0518918918918918,0.0455054399978037,0.5327855587528871,1.0,2
341.5586152485929,478185.4638659042,1400.0074321279767,144.35932002595922,37723.5,52813191.5,1.0,1.0,1.0,0.0,0.0,0.0,0.0,0.0,11458.0,52801733.5,4803.824202929158,1.0,0.0,0.0,1.0,1.0,0.0051679586563307,1.0,1.0,0.0,1.0,194.95348837209303,387.0,0.0,1.0,2.0,5
88.08588544715714,50275.43047448532,868.1666666666666,35.30383674483644,352.6666666666667,310342.6666666667,1.3333333333333333,1.0,0.4583333333333333,4.0,1.0838763891292742,0.0,0.2777777777777778,1.0,151860.66666666666,158482.0,1.0729430663329635,0.3333333333333333,0.6666666666666666,0.0,4.0,4.0,0.0327868852459016,1.3333333333333333,3.0,1.4591479170272448,0.5,11.562841530054644,36.6,35.56177723342859,0.5071937167180138,1.0,0
12.41633276500155,1208.3238286863077,110.08771929824564,0.2672407330202848,2.210526315789474,206.05263157894737,0.0,0.0,0.0,62.36842105263158,4.712305184992421,0.2300479176197087,0.4843282716205861,3.0,61.36842105263158,143.8421052631579,2.3445647567472534,0.0,1.0,0.0,1.0,1.0,0.0716981132075471,1.0,1.0,0.0,1.0,0.1584905660377358,14.72222222222222,16.254249207021243,0.4752711184632748,19.0,4
8.524347051017555,935.0356362149608,113.2948717948718,0.3264753559867864,2.1538461538461537,201.0,0.0,0.0,0.0,62.23076923076923,4.713914419951083,0.2492238694200617,0.4893066414143441,3.0,60.0,140.15384615384616,2.336063252969109,0.0,1.0,0.0,1.0,1.0,0.0456140350877193,1.0,1.0,0.0,1.0,0.0982456140350877,23.75,17.72063298342735,0.5726944175048175,13.0,4
91.98307423949282,5518.98445436957,60.0,0.048946099023789,1.9733333333333332,118.4,1.0,0.1133333333333333,1.0,0.0,0.0,0.0,0.0,0.0,6.8,60.0,0.1133333333333333,1.0,0.0,0.0,150.0,1.0,31.18503118503119,1.0,1.0,0.0,1.0,61.53846153846154,0.0322818791946308,0.02626966008086,0.5513412558249132,1.0,2
20.011596162114994,17618.416310577355,889.6,27.16104434589817,218.0,196956.4,2.8,2.8,0.7666666666666667,6.0,1.3126910715478943,0.0,0.2799999999999999,1.2,89196.6,107759.8,1.0703159180399529,0.8,0.2,0.0,4.0,4.0,0.087719298245614,1.0,4.0,1.9219280948873625,0.4,19.12280701754386,14.25,14.58380951603524,0.4942114912729516,1.0,0
113.20539935356064,6792.32396121364,60.0,0.050991553722037,2.096969696969697,125.8181818181818,1.0,0.103030303030303,1.0,0.0,0.0,0.0,0.0,0.0,6.181818181818182,60.0,0.103030303030303,1.0,0.0,0.0,165.0,1.0,32.416502946954814,1.0,1.0,0.0,1.0,67.97642436149313,0.0310365853658536,0.0252455961491433,0.551446026618276,1.0,2
103.73146334157325,6223.887800494393,60.0,0.0438255081766663,1.9516129032258065,117.09677419354838,1.0,0.1612903225806451,1.0,0.0,0.0,0.0,0.0,0.0,9.67741935483871,60.0,0.1612903225806451,1.0,0.0,0.0,62.0,1.0,8.062418725617684,1.0,1.0,0.0,1.0,15.734720416124835,0.1260655737704918,0.0952181049137153,0.5697011841094677,1.0,2
1170.7005244053955,70242.03146432372,60.0,0.2449404681561717,118.11904761904762,7087.142857142857,115.38095238095238,2.738095238095238,61.96785714285714,0.0,0.0,0.0,0.0,0.0,164.28571428571428,6922.857142857143,41.37261904761905,1.0,0.0,0.0,1.0,1.0,43.38842975206612,0.0238095238095238,42.0,5.3923174227787625,1.0,5125.0,0.0236097560975609,0.0196678244717789,0.5455424214330352,42.0,1
21.202992591420177,23407.76098900657,1086.2,10.8865903926159,156.6,163215.4,2.8,2.8,0.9666666666666668,0.0,0.0,0.0,0.0,0.0,82400.8,80814.6,0.9490059658231658,0.8,0.2,0.0,2.0,5.0,0.0316455696202531,2.5,2.0,0.9709505944546686,0.2,4.955696202531645,39.5,6.224949798994366,0.8638609812288679,1.0,0
42.35878054620213,47489.08919173502,1002.0,21.006504285808656,253.66666666666663,235286.5,1.8333333333333333,2.0,0.7444444444444445,6.5,1.5334458633132255,0.0,0.3583333333333333,1.5,123550.33333333331,111736.16666666669,0.9066896717719336,0.6666666666666666,0.3333333333333333,0.0,4.0,4.0,0.0233463035019455,1.0,4.0,1.9182958340544891,0.3333333333333333,5.9221789883268485,51.4,23.56777460856243,0.6856279283783003,1.0,0
81.16074203473796,4869.644522084279,60.0,0.0528829287695872,1.968253968253968,118.0952380952381,1.0,0.1111111111111111,1.0,0.0,0.0,0.0,0.0,0.0,6.666666666666667,60.0,0.1111111111111111,1.0,0.0,0.0,63.0,1.0,6.695005313496281,1.0,1.0,0.0,1.0,13.177470775770455,0.1517741935483871,0.137201572848461,0.5252142608385949,1.0,2
10.01564282443128,12703.284955948828,1227.2857142857142,36.08555136373927,258.85714285714283,325383.4285714286,1.8571428571428568,2.142857142857143,0.5666666666666667,3.857142857142857,0.8773610375503014,0.0,0.1928571428571428,0.8571428571428571,163196.42857142858,162187.0,1.092592426474781,0.7142857142857143,0.2857142857142857,0.0,4.0,4.0,0.0321100917431192,0.6666666666666666,6.0,2.5216406363433186,0.5714285714285714,8.311926605504587,36.333333333333336,20.685475312133605,0.6372166342381459,2.0,0
6.995183510365493,700.0681137999612,107.2443181818182,1.519071617361763,10.25,1075.75,1.0,1.0,1.0,0.0,0.0,0.0,0.0,0.0,439.625,636.125,1.4848024623304543,1.0,0.0,0.0,1.0,1.0,0.004159659866942,1.0,1.0,0.0,1.0,0.0426365136361564,274.7477388571428,104.03748693819,0.7253391107856881,8.0,3
108.22617685501434,6493.570611300859,60.0,0.0471577549241412,2.183673469387755,131.0204081632653,1.0,0.0714285714285714,1.0,0.0,0.0,0.0,0.0,0.0,4.285714285714286,60.0,0.0714285714285714,1.0,0.0,0.0,98.0,1.0,28.48837209302325,1.0,1.0,0.0,1.0,62.2093023255814,0.0354639175257732,0.0340715020912798,0.5100122746232189,1.0,2
9.17371884137937,9361.504129388177,1001.8571428571428,21.303085867881084,153.28571428571428,150677.85714285713,2.7142857142857144,3.0,0.5190476190476191,1.7142857142857142,0.4079126488867905,0.0,0.0952380952380952,0.4285714285714285,79566.57142857143,71111.28571428571,1.0624391640532524,0.5714285714285714,0.4285714285714285,0.0,5.0,5.0,0.0654205607476635,1.25,4.0,1.6644977792004614,0.2857142857142857,10.02803738317757,17.833333333333332,15.89986023698182,0.5286583168048007,1.0,0
8.408204836820206,1191.7709257375711,168.9520947802198,1.358439489934076,9.0,1404.0,1.0,1.0,1.0,0.0,0.0,0.0,0.0,0.0,548.25,855.75,1.573615561850899,1.0,0.0,0.0,1.0,1.0,0.0095156553661475,1.0,1.0,0.0,1.0,0.0856408982953277,120.10283042857142,0.8054882519137707,0.993338024540376,8.0,3
7.485055092487739,1031.5586266198702,141.88911591880344,1.3671678071911657,9.5,1224.0625,1.0,1.0,1.0,0.0,0.0,0.0,0.0,0.0,481.0,743.0625,1.5561624197502997,1.0,0.0,0.0,1.0,1.0,0.0088826449569864,1.0,1.0,0.0,1.0,0.0843851270913712,120.08435233333331,1.2278116293037051,0.9898789075291587,16.0,3
7.683493314134798,6902.71087242288,899.2,32.956313208977306,259.0,244818.4,2.4,1.8,1.1,11.8,2.5743685624247106,0.0,0.5455128205128205,2.4,130796.4,114022.0,0.973156852422631,1.0,0.0,0.0,3.0,4.0,0.0204081632653061,1.0,4.0,1.9219280948873625,0.4,5.285714285714286,61.25,45.80051855601637,0.5721597692957432,1.0,0
82.21845314460387,4933.107188676233,60.0,0.0533615267540219,1.9035087719298245,114.21052631578948,1.0,0.0526315789473684,1.0,0.0,0.0,0.0,0.0,0.0,3.1578947368421053,60.0,0.0526315789473684,1.0,0.0,0.0,114.0,1.0,13.71841155234657,1.0,1.0,0.0,1.0,26.113116726835138,0.0735398230088495,0.0680697241964521,0.5193140184413803,1.0,2
958.1490071781434,57488.9404306886,60.0,0.2640733906475032,120.67692307692307,7240.615384615385,118.6153846153846,2.0615384615384613,70.09666666666666,0.0,0.0,0.0,0.0,0.0,123.6923076923077,7116.923076923077,34.142820512820514,1.0,0.0,0.0,1.0,1.0,65.92292089249493,0.0153846153846153,65.0,6.022367813028458,1.0,7955.375253549696,0.01540625,0.0133190638161058,0.5363300849775905,65.0,1
225.8822404381808,316246.7245502467,1400.0502537887555,125.00109868015844,27450.5,38431823.5,1.0,1.0,1.0,0.0,0.0,0.0,0.0,0.0,32871.0,38398952.5,1376.6963576865346,1.0,0.0,0.0,1.0,1.0,0.006578947368421,1.0,1.0,0.0,1.0,180.5953947368421,304.0,0.0,1.0,2.0,5
124.89601812260176,174857.9616767016,1400.0667728349,222.1660157358509,22542.5,31560263.0,1.0,1.0,1.0,0.0,0.0,0.0,0.0,0.0,8593.5,31551669.5,3200.1153643997063,1.0,0.0,0.0,1.0,1.0,2.0,1.0,1.0,0.0,1.0,45085.0,0.0,0.0,1.0,2.0,5
139.36682307333186,195117.67769985631,1400.0399169093355,243.00104329381276,36625.0,51275956.333333336,1.0,1.0,1.0,0.0,0.0,0.0,0.0,0.0,28273.0,51247683.333333336,2323.4187554050272,1.0,0.0,0.0,1.0,1.0,0.0087209302325581,1.0,1.0,0.0,1.0,319.40406976744185,172.0,161.0,0.5165165165165165,3.0,5
852.6427238707392,1193715.254549253,1400.015213198036,39.95968481758402,30577.0,42808329.0,1.0,1.0,1.0,0.0,0.0,0.0,0.0,0.0,37530.0,42770799.0,1104.8353500636345,1.0,0.0,0.0,1.0,1.0,0.0204081632653061,1.0,1.0,0.0,1.0,624.0204081632653,98.0,0.0,1.0,2.0,5
28.554674146407827,18683.586036605604,585.0,24.46984412638708,289.0,180599.0,0.5,1.0,0.25,0.0,0.0,0.0,0.0,0.0,96377.0,84222.0,1.0606735677131625,0.5,0.0,0.5,2.0,2.0,0.04,1.0,2.0,1.0,0.5,11.56,50.0,0.0,1.0,1.0,0
6.540864094923905,841.7579646298663,163.08203463203466,1.520756352305949,8.714285714285714,1176.428571428571,1.0,1.0,1.0,0.0,0.0,0.0,0.0,0.0,482.8571428571428,693.5714285714286,1.4488203151518952,1.0,0.0,0.0,1.0,1.0,0.0053049391809033,1.0,1.0,0.0,1.0,0.0462287557193004,219.9208373333333,174.9019977344334,0.5570114436151762,7.0,3
68.85929633786945,4131.557780272166,60.0,0.0526426281816726,2.01025641025641,120.6153846153846,1.0,0.0974358974358974,1.0,0.0,0.0,0.0,0.0,0.0,5.846153846153846,60.0,0.0974358974358974,1.0,0.0,0.0,195.0,1.0,56.68604651162791,1.0,1.0,0.0,1.0,113.95348837209302,0.0177319587628866,0.0113523833402265,0.609673710342878,1.0,2
15.149794903467033,16086.46239912128,1009.6666666666666,28.28807506560904,320.6666666666667,325737.3333333333,2.6666666666666665,2.6666666666666665,1.222222222222222,0.0,0.0,0.0,0.0,0.0,159174.66666666666,166562.66666666666,0.9649104042099352,1.0,0.0,0.0,2.0,3.0,0.0198675496688741,1.5,2.0,0.9182958340544896,0.3333333333333333,6.370860927152318,75.5,18.5,0.8031914893617021,1.0,0
269.54412480888266,377362.1755216241,1400.004273919683,124.84888282744902,28845.0,40383060.0,1.0,1.0,1.0,0.0,0.0,0.0,0.0,0.0,44432.5,40338627.5,914.1909939198142,1.0,0.0,0.0,1.0,1.0,0.005524861878453,1.0,1.0,0.0,1.0,159.3646408839779,362.0,0.0,1.0,2.0,5
913.8455643703315,54830.73386221989,60.0,0.2436603023019223,127.77611940298507,7666.567164179104,125.77611940298507,2.0,84.37985074626866,0.0,0.0,0.0,0.0,0.0,120.0,7546.567164179104,49.752985074626864,1.0,0.0,0.0,1.0,1.0,69.86444212721585,0.0149253731343283,67.0,6.066089190457767,1.0,8927.007299270073,0.014530303030303,0.0136606265628627,0.515424756827656,67.0,1
8.677903523503607,881.5919400894946,134.35416666666666,0.3027682296055194,1.9375,210.8125,0.0,0.0,0.0,61.6875,4.693118098785895,0.2459003579325908,0.4801180062582262,3.0,62.6875,147.125,2.3465661656981847,0.0,1.0,0.0,1.0,1.0,0.0542372881355932,1.0,1.0,0.0,1.0,0.1050847457627118,19.666666666666668,25.816446093312088,0.4323949147994912,16.0,4
919.1976428166143,55151.85856899688,60.0,0.244034648156771,121.13333333333334,7268.0,118.71666666666668,2.4166666666666665,64.47305555555555,0.0,0.0,0.0,0.0,0.0,145.0,7123.0,39.723055555555554,1.0,0.0,0.0,1.0,1.0,63.35797254487856,0.0166666666666666,60.0,5.906890595608517,1.0,7674.762407602957,0.0160508474576271,0.0144661190710131,0.5259647102395757,60.0,1
8.831322788464098,985.1178987565368,124.43849206349203,1.4873154600886416,11.555555555555555,1372.4444444444443,1.0,1.0,1.0,0.0,0.0,0.0,0.0,0.0,553.4444444444445,819.0,1.5059408723334928,1.0,0.0,0.0,1.0,1.0,0.0075019015945193,1.0,1.0,0.0,1.0,0.0866886406477791,149.96197775000002,79.0614166532318,0.6547889054773518,9.0,3
2.188807126086906,1814.1512771261944,748.6666666666666,45.03864977957704,96.33333333333331,79928.0,1.6666666666666667,2.0,0.2777777777777778,10.0,2.204593730405678,0.0,0.4666666666666666,2.0,36926.0,43002.0,1.053587000983736,0.3333333333333333,0.6666666666666666,0.0,2.0,3.0,0.0545454545454545,1.0,3.0,1.584962500721156,0.3333333333333333,5.254545454545455,27.5,11.5,0.7051282051282051,1.0,0
1058.369059527202,63502.14357163209,60.0,0.2732412696742458,134.75714285714287,8085.428571428572,132.28571428571428,2.4714285714285715,74.26452380952381,0.0,0.0,0.0,0.0,0.0,148.28571428571428,7937.142857142857,55.96452380952381,1.0,0.0,0.0,1.0,1.0,70.77856420626895,0.0142857142857142,70.0,6.129283016944973,1.0,9537.917087967644,0.0143333333333333,0.015986105077709,0.4727440244444997,70.0,1
6.480777239185917,874.9281220291047,136.72206293706296,1.476803836291109,9.5,1117.9,1.0,1.0,1.0,0.0,0.0,0.0,0.0,0.0,452.9,665.0,1.4792314519772056,1.0,0.0,0.0,1.0,1.0,0.0092653663710799,1.0,1.0,0.0,1.0,0.0880209805252598,119.920904,1.903717940306634,0.984373290801268,10.0,3
101.14222862676256,6068.533717605752,60.0,0.0516422636270352,2.1040462427745665,126.24277456647398,1.0,0.0867052023121387,1.0,0.0,0.0,0.0,0.0,0.0,5.202312138728324,60.0,0.0867052023121387,1.0,0.0,0.0,173.0,1.0,24.26367461430575,1.0,1.0,0.0,1.0,51.051893408134646,0.041453488372093,0.0375357680510216,0.5247990707754335,1.0,2
12.815910387996537,1264.993091920726,131.12499999999997,0.2225892483797588,2.0,214.7142857142857,0.0,0.0,0.0,61.535714285714285,4.736773058740674,0.2291604676158434,0.4955109189032683,3.0,63.96428571428572,149.85714285714286,2.343096986068524,0.0,1.0,0.0,1.0,1.0,0.096551724137931,1.0,1.0,0.0,1.0,0.193103448275862,10.74074074074074,10.112671158987704,0.5150591563810528,28.0,4
12.5396674422353,16486.173529382086,1096.0,37.31154790795282,235.0,281938.3333333333,0.6666666666666666,0.3333333333333333,0.6666666666666666,0.0,0.0,0.0,0.0,0.0,128782.0,153156.33333333334,1.0713845130071629,0.6666666666666666,0.0,0.3333333333333333,3.0,3.0,0.0204081632653061,1.0,3.0,1.584962500721156,0.3333333333333333,4.795918367346939,73.5,52.5,0.5833333333333333,1.0,0
8.25020891107065,8684.516264909678,1086.3333333333333,33.82600713280757,290.6666666666667,287356.3333333333,1.0,0.3333333333333333,1.0,5.0,1.124519087425062,0.0,0.2444444444444444,1.0,148860.66666666666,138495.66666666666,1.0019694201485254,0.6666666666666666,0.3333333333333333,0.0,2.0,3.0,0.0120967741935483,1.0,3.0,1.584962500721156,0.3333333333333333,3.5161290322580645,124.0,76.0,0.62,1.0,0
10.888432048235686,1074.1269682588872,116.92105263157896,0.2676160169026258,2.1578947368421053,206.0,0.0,0.0,0.0,61.578947368421055,4.715455826814024,0.2039423835926302,0.4872829984826355,3.0,61.36842105263158,143.73684210526315,2.3426991762067537,0.0,1.0,0.0,1.0,1.0,0.0745098039215686,1.0,1.0,0.0,1.0,0.1607843137254902,14.166666666666666,17.468225121313527,0.4478177691143343,19.0,4
86.25541428018407,5175.324856811044,60.0,0.0560532278317877,2.055555555555556,123.33333333333331,1.0,0.1481481481481481,1.0,0.0,0.0,0.0,0.0,0.0,8.88888888888889,60.0,0.1481481481481481,1.0,0.0,0.0,54.0,1.0,16.9811320754717,1.0,1.0,0.0,1.0,34.90566037735849,0.0599999999999999,0.0552524224688768,0.5205964327231611,1.0,2
965.6267849411583,57937.60709646951,60.0,0.2488149887153212,128.7027027027027,7722.162162162162,126.08108108108108,2.621621621621621,68.47387387387387,0.0,0.0,0.0,0.0,0.0,157.2972972972973,7564.864864864865,49.7981981981982,1.0,0.0,0.0,1.0,1.0,37.37373737373738,0.027027027027027,37.0,5.209453365628954,1.0,4810.10101010101,0.0275,0.020978163249754,0.5672657162839083,37.0,1
28.20933405384385,22049.46775123155,959.0,28.07584091294104,364.4,374621.0,1.8,2.2,0.4933333333333333,4.8,1.2006516669551288,0.0,0.2833333333333333,1.2,186120.6,188500.4,0.971082283570588,0.6,0.4,0.0,3.0,5.0,0.0267379679144385,1.25,4.0,1.9219280948873625,0.2,9.743315508021391,46.75,42.8624252696928,0.5216910474111562,1.0,0
1090.1601172300166,65409.60703380101,60.0,0.2319583321557229,130.52380952380952,7831.428571428572,127.9047619047619,2.619047619047619,66.45370370370371,0.0,0.0,0.0,0.0,0.0,157.14285714285714,7674.285714285715,39.67592592592593,1.0,0.0,0.0,1.0,1.0,64.54918032786885,0.0158730158730158,63.0,5.97727992349992,1.0,8425.204918032787,0.0157419354838709,0.0150589545581004,0.5110870323039339,63.0,1
9.877501816132089,1116.215290609356,131.54166666666666,0.2813013781499248,2.125,225.4375,0.0,0.0,0.0,61.125,4.740286442808841,0.2330975642184699,0.503970969798756,3.0,67.3125,157.25,2.3363657396961743,0.0,1.0,0.0,1.0,1.0,0.0613026819923371,1.0,1.0,0.0,1.0,0.1302681992337164,17.4,9.18549581314658,0.6544922134345024,16.0,4
34.4976612074603,33053.974952705874,1179.6,27.328748860046858,190.8,209382.8,2.6,2.4,0.7,8.8,1.952990443303007,0.0,0.4255128205128205,1.8,104409.2,104973.6,1.0870270490969811,0.6,0.4,0.0,4.0,3.0,0.0328947368421052,0.6,5.0,2.321928094887362,0.4,6.276315789473684,38.0,16.792855623746664,0.6935210725452897,1.0,0
8.706560145829242,1096.9742236260977,138.3,0.253928540829087,1.9,207.7,0.0,0.0,0.0,60.3,4.702835834771894,0.2154386818045608,0.4920878183848576,3.0,61.9,144.9,2.3413528207187557,0.0,1.0,0.0,1.0,1.0,0.0346020761245674,1.0,1.0,0.0,1.0,0.0657439446366782,32.111111111111114,17.885092764922312,0.6422709850278082,10.0,4
1247.917439500718,74875.0463700431,60.0,0.2710229923163793,135.29787234042553,8117.872340425532,132.7872340425532,2.5106382978723403,69.57163120567375,0.0,0.0,0.0,0.0,0.0,150.63829787234042,7967.234042553191,53.8482269503546,1.0,0.0,0.0,1.0,1.0,48.65424430641822,0.0212765957446808,47.0,5.55458885167764,1.0,6582.815734989648,0.021,0.0178630052488862,0.5403596522068197,47.0,1
1094.0276312039086,65641.65787223453,60.0,0.29278597960755,123.94285714285714,7436.571428571428,121.85714285714286,2.085714285714286,71.27,0.0,0.0,0.0,0.0,0.0,125.14285714285714,7311.428571428572,29.52714285714286,1.0,0.0,0.0,1.0,1.0,35.28225806451613,0.0285714285714285,35.0,5.129283016944964,1.0,4372.983870967742,0.0291764705882352,0.0260095803483292,0.5286928506947014,35.0,1
866.7334462375168,52004.006774251,60.0,0.2709640343903542,140.55,8433.0,137.3,3.25,57.86500000000001,0.0,0.0,0.0,0.0,0.0,195.0,8238.0,42.015,1.0,0.0,0.0,1.0,1.0,21.253985122210416,0.05,20.0,4.321928094887363,1.0,2987.247608926674,0.0495263157894736,0.0456628011924628,0.520293888206485,20.0,1
11.505486731359175,10813.069364120398,1087.25,19.463168267164328,152.75,154902.0,2.5,2.5,1.0,0.0,0.0,0.0,0.0,0.0,79449.25,75452.75,0.9964252401695066,1.0,0.0,0.0,3.0,3.0,0.03125,0.75,4.0,2.0,0.5,4.7734375,42.66666666666666,14.337208778404378,0.7484871218585881,1.0,0
22.397218017951296,24740.25178187448,1223.5,31.16542905921513,370.5,460075.5,3.5,4.5,0.775,0.0,0.0,0.0,0.0,0.0,241298.0,218777.5,0.8788129641751875,1.0,0.0,0.0,2.0,2.0,0.048780487804878,1.0,2.0,1.0,0.5,18.07317073170732,41.0,0.0,1.0,1.0,0
82.14783673035438,4928.870203821264,60.0,0.0499078548524873,2.1333333333333333,128.0,1.0,0.1,1.0,0.0,0.0,0.0,0.0,0.0,6.0,60.0,0.1,1.0,0.0,0.0,120.0,1.0,19.35483870967742,1.0,1.0,0.0,1.0,41.29032258064516,0.0521008403361344,0.0433061012174402,0.5460906668607316,1.0,2
89.54333126573651,5372.59987594419,60.0,0.0491670411702793,2.051948051948052,123.11688311688312,1.0,0.0909090909090909,1.0,0.0,0.0,0.0,0.0,0.0,5.454545454545454,60.0,0.0909090909090909,1.0,0.0,0.0,154.0,1.0,20.6989247311828,1.0,1.0,0.0,1.0,42.47311827956989,0.0486274509803921,0.0453895099384951,0.5172199835553638,1.0,2
206.76016370915693,289464.9756159097,1400.0030449748429,237.28684067996056,45825.5,64155856.5,1.0,1.0,1.0,0.0,0.0,0.0,0.0,0.0,42651.5,64113205.0,1479.9902790704164,1.0,0.0,0.0,1.0,1.0,0.0051020408163265,1.0,1.0,0.0,1.0,233.80357142857144,392.0,0.0,1.0,2.0,5
80.0528676329086,4803.172057974516,60.0,0.0501792880499966,2.036363636363636,122.1818181818182,1.0,0.1,1.0,0.0,0.0,0.0,0.0,0.0,6.0,60.0,0.1,1.0,0.0,0.0,110.0,1.0,12.956419316843345,1.0,1.0,0.0,1.0,26.38398115429917,0.0778899082568807,0.0739709017237619,0.5129032847039943,1.0,2
16.423254752231305,17512.637116464743,1027.857142857143,29.64162554376781,325.85714285714283,338363.14285714284,2.7142857142857144,2.7142857142857144,0.8571428571428571,6.142857142857143,1.3349066848524132,0.0,0.2821428571428571,1.2857142857142858,178183.7142857143,160179.42857142858,1.0071609889558724,0.8571428571428571,0.0,0.1428571428571428,3.0,5.0,0.0286885245901639,1.25,4.0,1.8423709931771084,0.2857142857142857,9.348360655737704,40.66666666666666,38.6336065564109,0.5128187459363261,1.0,0
889.7463892029097,53384.783352174585,60.0,0.253135197259626,144.79166666666666,8687.5,142.0,2.7916666666666665,66.69861111111112,0.0,0.0,0.0,0.0,0.0,167.5,8520.0,48.406944444444456,1.0,0.0,0.0,1.0,1.0,28.43601895734597,0.0416666666666666,24.0,4.584962500721156,1.0,4117.298578199052,0.036695652173913,0.0288691723388667,0.5596850513457924,24.0,1
1570.4042863838654,94224.25718303194,60.0,0.2308055756395406,136.575,8194.5,134.375,2.2,79.53833333333333,0.0,0.0,0.0,0.0,0.0,132.0,8062.5,60.33833333333333,1.0,0.0,0.0,1.0,1.0,40.81632653061224,0.025,40.0,5.321928094887364,1.0,5574.489795918367,0.0251282051282051,0.0242573589015993,0.5088168095648382,40.0,1
827.023477791019,49621.40866746113,60.0,0.2836663343725905,134.82142857142858,8089.285714285715,132.35714285714286,2.4642857142857144,71.7922619047619,0.0,0.0,0.0,0.0,0.0,147.85714285714286,7941.428571428572,53.97083333333333,1.0,0.0,0.0,1.0,1.0,32.78688524590164,0.0357142857142857,28.0,4.807354922057606,1.0,4420.3747072599535,0.0316296296296296,0.031137863277567,0.5039173649391232,28.0,1
12.78453124108742,1632.9186146302557,122.92541717541718,0.975180763643221,11.0,1386.3333333333333,1.0,1.0,1.0,0.0,0.0,0.0,0.0,0.0,577.8333333333334,808.5,1.458342511205296,1.0,0.0,0.0,1.0,1.0,0.0071284634343531,1.0,1.0,0.0,1.0,0.0784130977778847,168.33922360000005,96.87310315562353,0.6347337835285236,6.0,3
13.3809815971221,1501.8227045438878,132.34375,0.2489776506264641,1.9375,208.4375,0.0,0.0,0.0,64.25,4.742603077493962,0.2483961434349451,0.4849408166463704,3.0,62.0,145.5,2.3471756689528678,0.0,1.0,0.0,1.0,1.0,0.0620155038759689,1.0,1.0,0.0,1.0,0.1201550387596899,17.2,14.615972997603228,0.5406089576859937,16.0,4
9.065494614485672,1104.418886132727,141.47222222222223,0.2857341238600853,1.7916666666666667,208.25,0.0,0.0,0.0,63.41666666666666,4.787811852593742,0.2386213643632158,0.4933996143301368,3.0,62.04166666666666,145.20833333333334,2.339894690156323,0.0,1.0,0.0,1.0,1.0,0.0833333333333333,1.0,1.0,0.0,1.0,0.1493055555555555,12.521739130434783,11.772737723111156,0.5154150552785891,24.0,4
1150.4339023042885,69026.0341382573,60.0,0.2468506050550257,133.05405405405406,7983.243243243243,130.59459459459458,2.45945945945946,73.57387387387388,0.0,0.0,0.0,0.0,0.0,147.56756756756758,7835.675675675676,47.76306306306306,1.0,0.0,0.0,1.0,1.0,77.00312174817898,0.0135135135135135,74.0,6.2094533656289554,1.0,10245.577523413112,0.0131643835616438,0.013248947953716,0.498399210034844,74.0,1
9.495219069677214,1404.4385481050651,155.0541285103785,1.1951263840773911,10.25,1442.75,1.0,1.0,1.0,0.0,0.0,0.0,0.0,0.0,583.4166666666666,859.3333333333334,1.466407624814965,1.0,0.0,0.0,1.0,1.0,0.0066647460423679,1.0,1.0,0.0,1.0,0.0683136469342719,163.6835198181818,106.08801830950354,0.6067486620501414,12.0,3
81.25197356317904,4875.118413790743,60.0,0.0512718133995217,1.98019801980198,118.81188118811882,1.0,0.1089108910891089,1.0,0.0,0.0,0.0,0.0,0.0,6.534653465346534,60.0,0.1089108910891089,1.0,0.0,0.0,101.0,1.0,16.05723370429253,1.0,1.0,0.0,1.0,31.79650238473768,0.0629,0.052636394253406,0.5444171977709584,1.0,2
560.8830887370574,785252.0011181701,1400.0420230814798,78.313832177804,33725.0,47215967.333333336,1.0,1.0,1.0,0.0,0.0,0.0,0.0,0.0,36103.0,47179864.333333336,1310.1690683235986,1.0,0.0,0.0,1.0,1.0,0.007125890736342,1.0,1.0,0.0,1.0,240.3206650831354,210.5,59.5,0.7796296296296296,3.0,5
10.788326869736576,1085.29878863455,104.01282051282053,0.2831929794846424,2.3846153846153846,220.84615384615384,0.0,0.0,0.0,62.30769230769231,4.71808427942789,0.2204420341442212,0.4830851738521767,3.0,65.92307692307692,154.23076923076923,2.3394182108592787,0.0,1.0,0.0,1.0,1.0,0.0560344827586206,1.0,1.0,0.0,1.0,0.1336206896551724,19.33333333333333,19.984716382498124,0.4917164883066096,13.0,4
822.4527734405543,49347.16640643327,60.0,0.2603583650141072,116.97368421052632,7018.421052631579,114.23684210526316,2.736842105263158,58.59473684210526,0.0,0.0,0.0,0.0,0.0,164.21052631578948,6854.210526315789,46.0421052631579,1.0,0.0,0.0,1.0,1.0,38.854805725971374,0.0263157894736842,38.0,5.247927513443589,1.0,4544.9897750511245,0.0264324324324324,0.0271328468939357,0.4934620478945349,38.0,1
763.4133372886917,45804.8002373215,60.0,0.2485209981465767,131.14285714285714,7868.571428571428,127.76190476190476,3.380952380952381,48.38333333333333,0.0,0.0,0.0,0.0,0.0,202.8571428571429,7665.714285714285,43.14523809523809,1.0,0.0,0.0,1.0,1.0,24.41860465116279,0.0476190476190476,21.0,4.39231742277876,1.0,3202.3255813953488,0.043,0.0434856298103178,0.497192424849175,21.0,1
8.885442814880133,1180.974406389096,154.64158390628978,1.2839484810289643,10.411764705882351,1390.764705882353,1.0,1.0,1.0,0.0,0.0,0.0,0.0,0.0,539.1176470588235,851.6470588235294,1.5855286168709162,1.0,0.0,0.0,1.0,1.0,0.0088584541030872,1.0,1.0,0.0,1.0,0.0922321397792022,119.94192075,1.3651535086810067,0.9887462992820196,17.0,3
58.71038126433209,74922.18575730054,1021.0,16.021935497981996,244.8,257626.2,1.8,1.8,0.5833333333333333,7.8,1.875363119410166,0.0,0.43,1.8,125330.8,132295.4,1.075752144618805,0.6,0.4,0.0,3.0,4.0,0.0282485875706214,0.8,5.0,2.321928094887362,0.4,6.915254237288136,44.25,39.65712420234226,0.5273688071264485,1.0,0
15.71918160847754,10828.719803041256,788.5,29.679240826318136,333.0,252371.5,4.5,5.0,0.9166666666666669,6.0,1.4591479170272446,0.0,0.3333333333333333,1.5,139255.0,113116.5,0.8178997126235936,1.0,0.0,0.0,1.0,2.0,0.0085470085470085,1.0,2.0,1.0,0.5,2.8461538461538463,234.0,0.0,1.0,1.0,0
10.005874251682878,1325.0103974692768,162.04558404558406,1.198916847706065,10.166666666666666,1337.9166666666667,1.0,1.0,1.0,0.0,0.0,0.0,0.0,0.0,519.3333333333334,818.5833333333334,1.5817310493581438,1.0,0.0,0.0,1.0,1.0,0.0071425431770663,1.0,1.0,0.0,1.0,0.0726158556335078,152.73398618181815,53.43100391031394,0.7408337667494543,12.0,3
7.209343032057356,7782.721702978304,1128.5,38.071521259831286,245.5,259798.5,4.0,3.25,1.25,3.0,0.7295739585136223,0.0,0.1666666666666666,0.75,117887.0,141911.5,1.187372985395308,1.0,0.0,0.0,4.0,3.0,0.0285714285714285,1.0,3.0,1.5,0.5,7.014285714285714,46.66666666666666,28.405789707186266,0.6216216828482549,1.0,0
9.86137030031786,1172.6384890274726,121.85272727272726,1.176584470122355,9.8,1057.8,1.0,1.0,1.0,0.0,0.0,0.0,0.0,0.0,430.2,627.6,1.40914193279673,1.0,0.0,0.0,1.0,1.0,0.0052101147312591,1.0,1.0,0.0,1.0,0.0510591243663399,239.91794125,145.7088717065263,0.62215056938234,5.0,3
9.825736105616995,1069.3743124896212,137.91293983793986,1.290891527138568,10.375,1202.0,1.0,1.0,1.0,0.0,0.0,0.0,0.0,0.0,465.25,736.75,1.56737731894134,1.0,0.0,0.0,1.0,1.0,0.0066670317811062,1.0,1.0,0.0,1.0,0.0691704547289778,171.4191832857143,87.77335739049671,0.6613584744317735,8.0,3
8.440207647322127,902.3406881104304,106.75794304901449,1.3710639430383895,9.928571428571429,1011.0,1.0,1.0,1.0,0.0,0.0,0.0,0.0,0.0,387.1428571428572,623.8571428571429,1.6255036281839708,1.0,0.0,0.0,1.0,1.0,0.0089569412891032,1.0,1.0,0.0,1.0,0.0889296313703827,120.23335223076924,1.5148018178069051,0.9875579073075512,14.0,3
385.2146859752541,539308.8211848954,1400.0396741227723,112.57873540340904,47535.66666666666,66550809.66666666,1.0,1.0,1.0,0.0,0.0,0.0,0.0,0.0,34558.333333333336,66516251.333333336,1816.272128538142,1.0,0.0,0.0,1.0,1.0,0.0172413793103448,1.0,1.0,0.0,1.0,819.580459770115,87.0,65.0,0.5723684210526315,3.0,5
1146.8156214987844,68808.93728992707,60.0,0.259971903814662,139.82456140350877,8389.473684210527,137.40350877192984,2.421052631578948,75.56608187134503,0.0,0.0,0.0,0.0,0.0,145.26315789473685,8244.21052631579,46.40818713450292,1.0,0.0,0.0,1.0,1.0,60.70287539936103,0.0175438596491228,57.0,5.832890014164737,1.0,8487.752928647498,0.0167678571428571,0.0184864729227197,0.4756254653447426,57.0,1
10.506916789677872,10489.58780378724,963.2857142857144,30.57024982972421,186.57142857142856,179229.57142857142,1.4285714285714286,1.4285714285714286,0.6428571428571429,3.857142857142857,0.9202181804074442,0.0,0.2142857142857142,0.8571428571428571,84675.0,94554.57142857143,1.1765935609171254,0.5714285714285714,0.4285714285714285,0.0,3.0,5.0,0.0264150943396226,1.0,5.0,2.235926350629033,0.2857142857142857,4.928301886792453,44.16666666666666,20.691517317221784,0.6809729158873488,1.0,0
982.4010396963416,58944.06238178048,60.0,0.2611326547122752,124.95652173913044,7497.391304347826,122.93478260869566,2.0217391304347827,78.91449275362318,0.0,0.0,0.0,0.0,0.0,121.30434782608695,7376.086956521739,47.95797101449275,1.0,0.0,0.0,1.0,1.0,46.65314401622718,0.0217391304347826,46.0,5.5235619560570095,1.0,5829.614604462475,0.0219111111111111,0.0227916380594308,0.4901513109969976,46.0,1
451.7254860488594,632423.4687546955,1400.0192250140394,166.9967261723307,39781.5,55694821.75,1.0,1.0,1.0,0.0,0.0,0.0,0.0,0.0,28980.25,55665841.5,2792.2573755767926,1.0,0.0,0.0,1.0,1.0,0.0119402985074626,1.0,1.0,0.0,1.0,475.0029850746269,111.66666666666669,87.23276652471567,0.5614227495521331,4.0,5
12.332012263198804,1330.2430399415082,125.38541666666669,0.2215638683837992,2.0,218.1875,0.0,0.0,0.0,62.1875,4.7589060549446245,0.2333502696942971,0.4958341232959382,3.0,64.9375,152.25,2.343765547027326,0.0,1.0,0.0,1.0,1.0,0.059040590405904,1.0,1.0,0.0,1.0,0.1180811808118081,18.066666666666663,15.202923695424143,0.5430384465224078,16.0,4
10.121019071620251,1028.1619221272408,128.27777777777777,0.2703962876483327,2.0,213.04761904761904,0.0,0.0,0.0,61.80952380952381,4.742329130558251,0.2265885580363348,0.4908729243311394,3.0,63.47619047619048,148.76190476190476,2.343813340871621,0.0,1.0,0.0,1.0,1.0,0.0702341137123745,1.0,1.0,0.0,1.0,0.1404682274247491,14.95,12.326698665904022,0.5480868554920671,21.0,4
7.563054802686537,1205.9601010975607,159.52189393939392,1.328632772728081,9.7,1422.7,1.0,1.0,1.0,0.0,0.0,0.0,0.0,0.0,548.9,873.8,1.5963253962651345,1.0,0.0,0.0,1.0,1.0,0.0092452487353923,1.0,1.0,0.0,1.0,0.0896789127333057,120.18185155555554,1.5410984220260358,0.9873392945019006,10.0,3
7.292873097992715,7589.460565042841,1009.5714285714286,36.73429586313174,241.14285714285717,254201.42857142855,2.0,1.4285714285714286,1.2619047619047616,6.0,1.359297789303899,0.0,0.2976190476190475,1.2857142857142858,121033.57142857143,133167.85714285713,1.053981870132494,0.8571428571428571,0.1428571428571428,0.0,4.0,4.0,0.0309734513274336,0.8,5.0,2.1280852788913944,0.2857142857142857,7.469026548672566,37.66666666666666,33.648509955453044,0.5281718205123769,1.0,0
82.99993533789272,4979.996120273563,60.0,0.0508099966481226,1.8541666666666667,111.25,1.0,0.15625,1.0,0.0,0.0,0.0,0.0,0.0,9.375,60.0,0.15625,1.0,0.0,0.0,96.0,1.0,31.8936877076412,1.0,1.0,0.0,1.0,59.13621262458472,0.0316842105263157,0.0270536555202491,0.5394171198047583,1.0,2
11.243030324273173,1210.1790438619705,138.87121212121212,0.2662817372549832,1.9545454545454544,212.6818181818182,0.0,0.0,0.0,60.31818181818182,4.689971788154446,0.2425838225182293,0.4933034949584604,3.0,63.18181818181818,148.5909090909091,2.353008713607849,0.0,1.0,0.0,1.0,1.0,0.0780141843971631,1.0,1.0,0.0,1.0,0.1524822695035461,13.428571428571429,8.033094811148313,0.6257003197505129,22.0,4
91.49476733208476,5489.686039925085,60.0,0.052883855980871,2.0660377358490565,123.9622641509434,1.0,0.1132075471698113,1.0,0.0,0.0,0.0,0.0,0.0,6.79245283018868,60.0,0.1132075471698113,1.0,0.0,0.0,106.0,1.0,17.520661157024794,1.0,1.0,0.0,1.0,36.19834710743802,0.0576190476190476,0.0571134845144181,0.5022032247315928,1.0,2
9.91370426992918,976.2487810443716,96.793699009324,1.25128418007269,11.25,1045.25,1.0,1.0,1.0,0.0,0.0,0.0,0.0,0.0,416.625,628.625,1.536006368458362,1.0,0.0,0.0,1.0,1.0,0.0083295500560361,1.0,1.0,0.0,1.0,0.0937074381304071,128.05813753333334,30.35806312012064,0.8083651609185419,16.0,3
7.381729606709431,800.7349435677181,119.87777777777777,0.3273405574256154,2.2666666666666666,226.53333333333333,0.0,0.0,0.0,60.93333333333333,4.688766676970044,0.2085481759061228,0.4867464668433972,3.0,67.6,158.2,2.3399964306683274,0.0,1.0,0.0,1.0,1.0,0.0568181818181818,1.0,1.0,0.0,1.0,0.1287878787878787,18.857142857142858,17.79589496347459,0.5144769432053912,15.0,4
78.97855611198315,4738.71336671899,60.0,0.0572853486464382,2.0454545454545454,122.72727272727272,1.0,0.0454545454545454,1.0,0.0,0.0,0.0,0.0,0.0,2.727272727272727,60.0,0.0454545454545454,1.0,0.0,0.0,66.0,1.0,17.1875,1.0,1.0,0.0,1.0,35.15625,0.059076923076923,0.0601209825633172,0.4956204788968972,1.0,2
1266.1737646909014,75970.4258814541,60.0,0.2393905448800551,132.21951219512195,7933.170731707317,129.21951219512195,3.0,55.471951219512206,0.0,0.0,0.0,0.0,0.0,180.0,7753.170731707317,42.54512195121951,1.0,0.0,0.0,1.0,1.0,41.6243654822335,0.024390243902439,41.0,5.357552004618081,1.0,5503.553299492386,0.0246249999999999,0.0251711019822335,0.4945166191680189,41.0,1
7.076474824422228,7199.273689675414,1087.8,38.15776510705154,256.6,259897.8,2.2,2.6,0.4666666666666667,2.4,0.6169925001442311,0.0,0.15,0.6,133187.8,126710.0,0.9952294386681928,0.6,0.4,0.0,4.0,2.0,0.0520833333333333,0.4,5.0,2.321928094887362,0.8,13.364583333333334,24.0,25.990382836734053,0.4800923425288166,2.0,0
108.50394765101927,6510.236859061155,60.0,0.0464892524142686,2.125,127.5,1.0,0.140625,1.0,0.0,0.0,0.0,0.0,0.0,8.4375,60.0,0.140625,1.0,0.0,0.0,64.0,1.0,15.165876777251183,1.0,1.0,0.0,1.0,32.22748815165877,0.0669841269841269,0.0590838769035354,0.5313332877374316,1.0,2
13.320471453955456,8568.454921794173,642.5,16.95268014875337,233.0,149989.5,0.0,0.0,0.0,15.0,3.215061012203069,0.0,0.6666666666666666,3.0,63370.5,86619.0,1.3381157519971865,0.0,1.0,0.0,1.0,2.0,0.0144927536231884,1.0,2.0,1.0,0.5,3.3768115942028984,138.0,0.0,1.0,1.0,0
8.026564456450938,1263.2800256782807,171.7628205128205,1.407249765519139,9.4,1458.0,1.0,1.0,1.0,0.0,0.0,0.0,0.0,0.0,575.6,882.4,1.538616681261613,1.0,0.0,0.0,1.0,1.0,0.004169955934858,1.0,1.0,0.0,1.0,0.0391975857876652,299.7633595,135.21507087588105,0.6891453427724297,5.0,3
1394.8018110437313,83688.10866262387,60.0,0.2543911924858171,125.96428571428572,7557.857142857143,123.17857142857144,2.7857142857142856,65.03154761904763,0.0,0.0,0.0,0.0,0.0,167.14285714285714,7390.714285714285,49.17440476190477,1.0,0.0,0.0,1.0,1.0,29.227557411273487,0.0357142857142857,28.0,4.807354922057606,1.0,3681.6283924843424,0.0354814814814814,0.024867605538383,0.5879373364803742,28.0,1
77.38681887760488,74167.05897299797,952.0,9.123501973928908,464.0,441662.0,1.0,1.5,0.3333333333333333,0.0,0.0,0.0,0.0,0.0,218988.0,222674.0,1.059981804910918,0.5,0.5,0.0,2.0,2.0,0.0111111111111111,1.0,2.0,1.0,0.5,5.155555555555556,180.0,0.0,1.0,1.0,0
7.601455742140572,859.4203918502689,139.4722222222222,0.3274664977576862,2.0,224.16666666666663,0.0,0.0,0.0,61.75,4.755722827299711,0.215125439670756,0.4981143845509821,3.0,66.83333333333333,156.41666666666666,2.3407832015378447,0.0,1.0,0.0,1.0,1.0,0.0502092050209205,1.0,1.0,0.0,1.0,0.100418410041841,21.727272727272727,25.18690463890424,0.463128076565979,12.0,4
10.0351741756816,11209.839024835448,1135.8,33.891166570448014,256.6,315917.8,3.2,2.8,0.9766666666666666,2.4,0.5710777084415067,0.0,0.1333333333333333,0.6,170365.6,145552.2,0.906200021184393,0.8,0.2,0.0,3.0,5.0,0.0230414746543778,1.25,4.0,1.9219280948873625,0.2,5.912442396313364,54.25,32.84337832805876,0.6228946567631577,1.0,0
6.93189480779084,995.190733041014,150.6018759018759,1.2624761908063729,7.714285714285714,1050.571428571429,1.0,1.0,1.0,0.0,0.0,0.0,0.0,0.0,429.4285714285714,621.1428571428571,1.4770680292930911,1.0,0.0,0.0,1.0,1.0,0.0053050226002488,1.0,1.0,0.0,1.0,0.0409244600590627,219.9173791666667,81.65038746967508,0.7292469670071315,7.0,3
1172.9104001778326,70374.62401066996,60.0,0.2406623204654601,118.41304347826087,7104.782608695652,115.56521739130434,2.847826086956522,58.03623188405797,0.0,0.0,0.0,0.0,0.0,170.8695652173913,6933.913043478261,44.38405797101449,1.0,0.0,0.0,1.0,1.0,46.464646464646464,0.0217391304347826,46.0,5.5235619560570095,1.0,5502.020202020202,0.022,0.0182488964658749,0.5465988370302953,46.0,1
7.381317006462296,6961.31857264941,957.5,50.947228798248176,380.0,342862.0,3.5,4.0,0.9,7.5,1.528282381065477,0.0,0.3,1.5,154110.0,188752.0,1.2309405087619305,1.0,0.0,0.0,2.0,2.0,0.0111731843575419,1.0,2.0,1.0,0.5,4.245810055865922,179.0,0.0,1.0,1.0,0
6.987646497161298,4353.304577614599,777.2,27.285229400118613,149.8,94209.2,2.4,2.4,0.8166666666666668,5.4,1.1823906608676975,0.0,0.2533333333333333,1.2,46009.8,48199.4,1.1441934582556228,0.8,0.2,0.0,4.0,3.0,0.0308641975308641,0.75,4.0,1.9219280948873625,0.4,4.6234567901234565,40.5,37.05738792737556,0.5221939660722463,2.0,0
9.103858537879002,1048.0856498142175,132.3454254079254,1.3233995307541595,10.125,1289.0,1.0,1.0,1.0,0.0,0.0,0.0,0.0,0.0,537.625,751.375,1.417690544832792,1.0,0.0,0.0,1.0,1.0,0.0095398540819694,1.0,1.0,0.0,1.0,0.0965910225799402,119.79817857142858,1.4448534853930792,0.9880829977535044,8.0,3
11.595372768161784,1233.6559804095125,139.57751937984497,0.2464269815898458,1.930232558139535,217.72093023255812,0.0,0.0,0.0,61.11627906976744,4.686539928116215,0.2343034438367867,0.4827134094911033,3.0,64.86046511627907,151.90697674418604,2.342233932569999,0.0,1.0,0.0,1.0,1.0,0.1530249110320284,1.0,1.0,0.0,1.0,0.295373665480427,6.690476190476191,5.637831798864725,0.5426921679974894,43.0,4
38.38404416857469,40033.12084214055,1105.0,20.719148946548888,222.0,249456.75,1.5,1.75,0.4583333333333333,3.0,0.8129072918469556,0.0,0.2083333333333333,0.75,132919.25,116537.5,0.9716481398604896,0.5,0.5,0.0,3.0,4.0,0.0137457044673539,1.3333333333333333,3.0,1.5,0.25,3.051546391752577,97.0,12.083045973594572,0.8892307611531174,1.0,0
11.302962765610756,12548.205034062756,1025.0,31.32433967399527,276.6666666666667,258365.0,2.833333333333333,2.6666666666666665,0.9166666666666666,2.0,0.5141604167868593,0.0,0.125,0.5,120002.16666666669,138362.83333333334,1.1655238491368716,0.8333333333333334,0.1666666666666666,0.0,3.0,4.0,0.0458015267175572,0.8,5.0,2.251629167387823,0.5,12.67175572519084,26.2,14.620533505997653,0.641833845609845,2.0,0
9.575979446338035,1061.7274616138573,122.88136363636366,1.3046008163839646,9.9,1136.1,1.0,1.0,1.0,0.0,0.0,0.0,0.0,0.0,464.2,671.9,1.4783659345461897,1.0,0.0,0.0,1.0,1.0,0.0092659795911295,1.0,1.0,0.0,1.0,0.0917331979521825,119.91296766666667,1.324050102404237,0.9890788298263304,10.0,3
64.04113711803318,65492.09708448709,1053.0,33.32594386710208,311.0,325248.3333333333,1.3333333333333333,2.0,0.4166666666666667,0.0,0.0,0.0,0.0,0.0,162072.33333333334,163176.0,1.1045762478998495,0.6666666666666666,0.3333333333333333,0.0,2.0,3.0,0.0192307692307692,1.5,2.0,0.9182958340544896,0.3333333333333333,5.980769230769231,78.0,46.0,0.6290322580645161,1.0,0
8.780968651674735,966.697089405104,127.91358024691355,0.2689253165173362,1.851851851851852,208.07407407407408,0.0,0.0,0.0,61.25925925925926,4.68258466477909,0.2299442664608228,0.4850792319632606,3.0,62.0,145.14814814814815,2.3416614903792787,0.0,1.0,0.0,1.0,1.0,0.09375,1.0,1.0,0.0,1.0,0.1736111111111111,11.076923076923077,9.046559383897865,0.5504476224972042,27.0,4
9.656596881644512,1527.922419871907,190.67270705484992,1.099970134797156,8.785714285714286,1431.071428571429,1.0,1.0,1.0,0.0,0.0,0.0,0.0,0.0,574.2857142857143,856.7857142857143,1.523746700406294,1.0,0.0,0.0,1.0,1.0,0.0089764832188336,1.0,1.0,0.0,1.0,0.078864816851181,119.97160253846155,1.5315234951445025,0.9873951926576696,14.0,3
10.800714021720127,1137.7536931135091,124.19607843137256,0.274276821412351,2.0,211.23529411764707,0.0,0.0,0.0,58.88235294117647,4.749567310470403,0.2351752826096555,0.522152421544568,3.0,62.88235294117647,147.41176470588235,2.3442416366995222,0.0,1.0,0.0,1.0,1.0,0.0625,1.0,1.0,0.0,1.0,0.125,17.0,12.947007376224052,0.5676694097152719,17.0,4
203.98836869060628,285588.0194983448,1400.0296472564933,238.52873005719331,39619.66666666666,55468409.0,1.0,1.0,1.0,0.0,0.0,0.0,0.0,0.0,25907.33333333333,55442501.66666666,4837.262714798403,1.0,0.0,0.0,1.0,1.0,0.0069284064665127,1.0,1.0,0.0,1.0,274.5011547344111,216.5,96.5,0.6916932907348242,3.0,5
4.452463735394363,5372.353964249004,1157.0,41.67677028932783,177.0,209733.5,4.0,4.333333333333333,0.925,4.5,1.054197738277168,0.0,0.236111111111111,1.0,106223.83333333331,103509.66666666669,1.0166829844662697,1.0,0.0,0.0,4.0,5.0,0.0292682926829268,1.0,5.0,2.2516291673878226,0.3333333333333333,5.180487804878049,41.0,28.078461496314212,0.593527984148686,1.0,0
13.616702178596254,11426.21088558973,1015.75,13.441147490273432,161.5,154624.0,0.75,0.5,0.75,0.0,0.0,0.0,0.0,0.0,80143.75,74480.25,0.8860061201476351,0.5,0.25,0.25,3.0,3.0,0.0227272727272727,1.0,3.0,1.5,0.5,3.6704545454545454,58.66666666666666,44.723844000960185,0.567427961113999,1.0,0
993.0025913618498,59580.15548171099,60.0,0.2509311960933196,126.07407407407408,7564.444444444444,123.4074074074074,2.6666666666666665,67.39320987654321,0.0,0.0,0.0,0.0,0.0,160.0,7404.444444444444,53.87469135802469,1.0,0.0,0.0,1.0,1.0,29.90033222591362,0.037037037037037,27.0,4.754887502163471,1.0,3769.656699889258,0.0347307692307692,0.0437207552298656,0.4427035608236819,27.0,1
1080.6395855253002,64838.375131518,60.0,0.2359142899246951,131.32432432432432,7879.459459459459,129.05405405405406,2.27027027027027,78.44504504504506,0.0,0.0,0.0,0.0,0.0,136.21621621621622,7743.243243243243,55.82342342342342,1.0,0.0,0.0,1.0,1.0,74.14829659318637,0.0135135135135135,74.0,6.2094533656289554,1.0,9737.4749498998,0.0136712328767123,0.0144355485820101,0.4864033577373429,74.0,1
43.99181286551384,62390.08234727368,1380.5,12.03258216457539,454.0,626138.0,0.0,0.0,0.0,0.0,0.0,0.0,0.0,0.0,314976.5,311161.5,0.9885675432611256,0.0,1.0,0.0,2.0,2.0,0.0068728522336769,1.0,2.0,1.0,0.5,3.120274914089347,291.0,0.0,1.0,1.0,0
947.6611013108392,56859.66607865036,60.0,0.2310561891097995,120.5,7230.0,117.59615384615384,2.9038461538461537,58.76826923076923,0.0,0.0,0.0,0.0,0.0,174.23076923076923,7055.769230769231,50.24903846153846,1.0,0.0,0.0,1.0,1.0,53.94190871369295,0.0192307692307692,52.0,5.700439718141095,1.0,6500.0,0.0189019607843137,0.0209455455528918,0.4743574321654603,52.0,1
10.876263425465112,1153.9102512369425,125.23015873015872,0.2582643695613707,2.0476190476190474,216.57142857142856,0.0,0.0,0.0,62.47619047619048,4.724409639754323,0.2182491314941478,0.4862261310267479,3.0,64.52380952380952,151.0952380952381,2.34144407358259,0.0,1.0,0.0,1.0,1.0,0.0716723549488054,1.0,1.0,0.0,1.0,0.1467576791808873,14.65,10.238530167948914,0.588624555212427,21.0,4
29.98131747222688,27564.19839482432,958.1666666666666,15.490012263794474,318.8333333333333,311660.0,2.833333333333333,2.333333333333333,1.3333333333333333,2.0,0.5141604167868593,0.0,0.125,0.5,146297.16666666666,165362.83333333334,1.131486485933861,1.0,0.0,0.0,3.0,4.0,0.024793388429752,0.6666666666666666,6.0,2.584962500721156,0.3333333333333333,7.904958677685951,48.4,35.30212458195682,0.5782409973669091,1.0,0
255.784592725167,358098.6267094127,1400.000769765594,157.4449796640843,40272.0,56380831.0,1.0,1.0,1.0,0.0,0.0,0.0,0.0,0.0,27705.0,56353126.0,2034.0417253203395,1.0,0.0,0.0,1.0,1.0,1.0,1.0,1.0,0.0,1.0,40272.0,0.0,0.0,0.0,0.0,5
19.978475577563916,23748.22018372485,1028.25,28.310877338898628,211.25,186713.75,1.75,2.0,0.8541666666666666,3.75,0.7641411905327384,0.0,0.15,0.75,102766.0,83947.75,0.8888587117552721,0.75,0.25,0.0,4.0,2.0,0.0272108843537414,1.0,2.0,0.8112781244591328,0.5,5.748299319727892,49.0,38.05259518088089,0.5628781071740148,1.0,0
11.973090075417565,1259.0564252588467,122.28675213675216,1.087271878844707,10.88888888888889,1188.5555555555557,1.0,1.0,1.0,0.0,0.0,0.0,0.0,0.0,497.0,691.5555555555555,1.3942173992353433,1.0,0.0,0.0,1.0,1.0,0.0083136678984661,1.0,1.0,0.0,1.0,0.0905266060055208,135.319333625,40.604135027206574,0.769194324450939,9.0,3
7.869550473192914,8602.099238861168,1156.0,30.25896135678549,180.6,197906.2,3.6,4.2,0.8266666666666668,3.2,0.6405639062229567,0.0,0.125,0.6,95816.2,102090.0,1.084663570415639,1.0,0.0,0.0,3.0,3.0,0.0862068965517241,0.75,4.0,1.9219280948873625,0.4,15.56896551724138,14.5,7.697402159170326,0.6532295939869555,1.0,0
17.872472346217172,17019.457706791516,1178.0,35.56982240406062,205.6,231675.0,3.6,3.4,0.8833333333333334,6.0,1.286024404881228,0.0,0.2666666666666666,1.2,112050.0,119625.0,1.1025678026463652,0.8,0.2,0.0,4.0,3.0,0.0347222222222222,0.6,5.0,2.321928094887362,0.6,7.138888888888889,36.0,43.49137845596527,0.452879302123845,2.0,0
9.010601190897326,1085.8658273148517,160.79940476190478,1.3039436532077298,9.583333333333334,1247.75,1.0,1.0,1.0,0.0,0.0,0.0,0.0,0.0,495.8333333333333,751.9166666666666,1.5478959817471063,1.0,0.0,0.0,1.0,1.0,0.0090812608291765,1.0,1.0,0.0,1.0,0.0870287496129415,120.12749236363636,1.589641430820417,0.9869398713125724,12.0,3
7.877458635105479,866.6219977816193,153.40079365079367,1.5824117397000903,9.625,1307.0,1.0,1.0,1.0,0.0,0.0,0.0,0.0,0.0,535.625,771.375,1.4448636942038209,1.0,0.0,0.0,1.0,1.0,0.0066868823155453,1.0,1.0,0.0,1.0,0.0643612422871242,170.910312,88.16645491242376,0.6596898441988553,8.0,3
7.532909905202327,9537.04988341596,1155.0,31.472043645533702,256.0,341925.0,4.333333333333333,4.0,1.0833333333333333,10.0,2.14337400813538,0.0,0.4444444444444444,2.0,173797.66666666666,168127.33333333334,0.9655381636818616,1.0,0.0,0.0,2.0,3.0,0.0201342281879194,1.0,3.0,1.584962500721156,0.3333333333333333,5.154362416107382,74.5,10.5,0.8764705882352942,1.0,0
108.60107424027647,6516.06445441659,60.0,0.0434740615172756,2.1,126.0,1.0,0.1,1.0,0.0,0.0,0.0,0.0,0.0,6.0,60.0,0.1,1.0,0.0,0.0,50.0,1.0,10.989010989010987,1.0,1.0,0.0,1.0,23.07692307692308,0.0928571428571428,0.0990979725487121,0.4837440391250471,1.0,2
59.437345749589696,3566.2407449753814,60.0,0.0602979531002666,2.2115384615384617,132.69230769230768,1.0,0.1346153846153846,1.0,0.0,0.0,0.0,0.0,0.0,8.076923076923077,60.0,0.1346153846153846,1.0,0.0,0.0,52.0,1.0,12.71393643031785,1.0,1.0,0.0,1.0,28.117359413202934,0.0801960784313725,0.0737374833799576,0.5209785149366286,1.0,2
87.22555734374976,5233.533440624984,60.0,0.0534996305504982,1.9710982658959535,118.26589595375722,1.0,0.1213872832369942,1.0,0.0,0.0,0.0,0.0,0.0,7.283236994219653,60.0,0.1213872832369942,1.0,0.0,0.0,173.0,1.0,24.820659971305595,1.0,1.0,0.0,1.0,48.92395982783358,0.0405232558139534,0.0306568504974488,0.5693059186603386,1.0,2
4.225460956088497,5652.717838189779,1288.0,38.084815419058565,149.0,196472.0,3.5,3.5,1.4166666666666667,0.0,0.0,0.0,0.0,0.0,100613.0,95859.0,1.1070267443854511,1.0,0.0,0.0,2.0,2.0,0.0102564102564102,1.0,2.0,1.0,0.5,1.528205128205128,195.0,0.0,1.0,1.0,0
993.4368844268988,59606.21306561394,60.0,0.2227960340687309,125.44827586206895,7526.896551724138,122.72413793103448,2.7241379310344827,61.286206896551725,0.0,0.0,0.0,0.0,0.0,163.44827586206895,7363.448275862069,44.38965517241379,1.0,0.0,0.0,1.0,1.0,29.59183673469388,0.0344827586206896,29.0,4.857980995127571,1.0,3712.244897959184,0.035,0.0323695182893677,0.5195227884763381,29.0,1
17.061642108355503,15330.545076731223,976.0,27.135015193962253,287.6,248200.8,3.2,2.4,1.0833333333333333,6.0,1.349422904910074,0.0,0.2933333333333333,1.2,120592.0,127608.8,1.0808501329718316,0.8,0.2,0.0,5.0,4.0,0.0289017341040462,1.0,4.0,1.9219280948873625,0.4,8.3121387283237,43.25,37.35220877003126,0.5365857916300775,1.0,0
848.614810206075,50916.888612364506,60.0,0.2980476915939696,137.6326530612245,8257.959183673469,135.57142857142858,2.061224489795918,82.85714285714286,0.0,0.0,0.0,0.0,0.0,123.6734693877551,8134.285714285715,44.06122448979592,1.0,0.0,0.0,1.0,1.0,50.67218200620476,0.0204081632653061,49.0,5.614709844115208,1.0,6974.146845915202,0.0201458333333333,0.0162916000638024,0.5528883748139327,49.0,1
242.89897792899052,340072.9421268933,1400.0711478345693,108.23128337423655,27403.33333333333,38365639.0,1.0,1.0,1.0,0.0,0.0,0.0,0.0,0.0,19660.666666666668,38345978.333333336,2667.209702407601,1.0,0.0,0.0,1.0,1.0,0.0069284064665127,1.0,1.0,0.0,1.0,189.86143187066972,216.5,198.5,0.5216867469879518,3.0,5
73.96463818746275,4437.878291247765,60.0,0.0517088598889962,1.9651162790697676,117.90697674418604,1.0,0.127906976744186,1.0,0.0,0.0,0.0,0.0,0.0,7.674418604651163,60.0,0.127906976744186,1.0,0.0,0.0,86.0,1.0,26.46153846153846,1.0,1.0,0.0,1.0,52.0,0.038235294117647,0.0308383439926273,0.5535439447478553,1.0,2
11.813015848923536,1131.9565982006925,125.66025641025642,0.2607128001624627,2.076923076923077,211.65384615384616,0.0,0.0,0.0,62.65384615384615,4.723826590446035,0.2514119438192235,0.4860025254734951,3.0,63.07692307692308,147.69230769230768,2.341784600735045,0.0,1.0,0.0,1.0,1.0,0.0909090909090909,1.0,1.0,0.0,1.0,0.1888111888111888,11.44,10.958394042924356,0.5107509037512398,26.0,4
6.854213722772967,776.4907886690631,148.53411255411257,1.4740176947148227,9.4,1130.2,1.0,1.0,1.0,0.0,0.0,0.0,0.0,0.0,465.0,665.2,1.4353914035788518,1.0,0.0,0.0,1.0,1.0,0.0026029912100651,1.0,1.0,0.0,1.0,0.0244681173746127,480.216758,253.52319285014067,0.6544781396237203,5.0,3
87.96340891601886,5277.804534961133,60.0,0.0499547935522308,2.088888888888889,125.33333333333331,1.0,0.0555555555555555,1.0,0.0,0.0,0.0,0.0,0.0,3.333333333333333,60.0,0.0555555555555555,1.0,0.0,0.0,90.0,1.0,16.605166051660518,1.0,1.0,0.0,1.0,34.68634686346864,0.0608988764044943,0.0562426614326675,0.5198743121261539,1.0,2
82.46761074057278,115457.42541030027,1400.058130955166,288.843511039502,23494.5,32893112.5,1.0,1.0,1.0,0.0,0.0,0.0,0.0,0.0,21093.5,32872019.0,1527.1640221859457,1.0,0.0,0.0,1.0,1.0,0.0132450331125827,1.0,1.0,0.0,1.0,311.1854304635761,151.0,0.0,1.0,2.0,5
121.50705208198,170115.33871707338,1400.044983416252,238.20839617170265,28944.0,40522902.0,1.0,1.0,1.0,0.0,0.0,0.0,0.0,0.0,11348.0,40511554.0,3569.9289742685937,1.0,0.0,0.0,1.0,1.0,1.0,1.0,1.0,0.0,1.0,28944.0,0.0,0.0,0.0,0.0,5
9.60694993499909,1119.8640221770595,130.13095238095238,0.2959083217720301,2.0,206.89285714285717,0.0,0.0,0.0,60.96428571428572,4.736471440177115,0.2448458504348582,0.5007084850334437,3.0,61.57142857142857,144.35714285714286,2.344044132315452,0.0,1.0,0.0,1.0,1.0,0.0945945945945946,1.0,1.0,0.0,1.0,0.1891891891891892,10.962962962962964,11.811737669640571,0.4813658427311547,28.0,4
9.435105923315165,1059.0977146553942,133.93998992460533,1.2587206041759738,9.615384615384617,1152.2307692307693,1.0,1.0,1.0,0.0,0.0,0.0,0.0,0.0,456.9230769230769,695.3076923076923,1.509314694093575,1.0,0.0,0.0,1.0,1.0,0.009030937721701,1.0,1.0,0.0,1.0,0.0868359396317409,119.95801174999998,1.605227718771604,0.986795122227851,13.0,3
10.52460325646262,1209.6626123195365,132.97916666666666,0.2585818003937492,1.875,213.625,0.0,0.0,0.0,62.375,4.711310797702366,0.2364164847280969,0.4840174366335703,3.0,63.6875,149.1875,2.343037702090018,0.0,1.0,0.0,1.0,1.0,0.0672268907563025,1.0,1.0,0.0,1.0,0.1260504201680672,15.866666666666667,13.43064489226866,0.5415741521111525,16.0,4
86.40137822814033,5184.08269368842,60.0,0.0543276522678626,2.0069444444444446,120.41666666666669,1.0,0.1041666666666666,1.0,0.0,0.0,0.0,0.0,0.0,6.25,60.0,0.1041666666666666,1.0,0.0,0.0,144.0,1.0,31.30434782608696,1.0,1.0,0.0,1.0,62.82608695652174,0.0321678321678321,0.0319776989629466,0.5014820456042204,1.0,2
92.51517427417318,5550.910456450392,60.0,0.0546174383547558,2.118181818181818,127.0909090909091,1.0,0.1363636363636363,1.0,0.0,0.0,0.0,0.0,0.0,8.181818181818182,60.0,0.1363636363636363,1.0,0.0,0.0,110.0,1.0,14.884979702300406,1.0,1.0,0.0,1.0,31.52909336941813,0.0677981651376146,0.071361051209051,0.4871985263895109,1.0,2
94.8489829944751,5690.9389796685045,60.0,0.05336679809279,2.1123595505617976,126.74157303370788,1.0,0.0898876404494382,1.0,0.0,0.0,0.0,0.0,0.0,5.393258426966292,60.0,0.0898876404494382,1.0,0.0,0.0,89.0,1.0,22.997416020671835,1.0,1.0,0.0,1.0,48.57881136950904,0.0439772727272727,0.0324926485646184,0.5750924282948889,1.0,2
692.5715480765571,41554.29288459343,60.0,0.2821143889714669,136.47222222222223,8188.333333333333,133.55555555555554,2.9166666666666665,58.06898148148147,0.0,0.0,0.0,0.0,0.0,175.0,8013.333333333333,39.0412037037037,1.0,0.0,0.0,1.0,1.0,37.22854188210962,0.0277777777777777,36.0,5.1699250014423095,1.0,5080.661840744571,0.0276285714285714,0.0270830318141248,0.5049855933852516,36.0,1
11.42764298103426,1278.301312104825,133.29545454545453,0.240164592012394,1.9545454545454544,215.3636363636364,0.0,0.0,0.0,60.63636363636363,4.693438945703317,0.2454499558157261,0.4927252162915788,3.0,64.0909090909091,150.3181818181818,2.3459608336813504,0.0,1.0,0.0,1.0,1.0,0.0802919708029197,1.0,1.0,0.0,1.0,0.156934306569343,13.047619047619047,11.387027667173314,0.5339802617125714,22.0,4
8.633110950797057,1349.8978984754312,154.69189514189512,1.339401111491978,10.333333333333334,1525.888888888889,1.0,1.0,1.0,0.0,0.0,0.0,0.0,0.0,580.2222222222222,945.6666666666666,1.6122987115455727,1.0,0.0,0.0,1.0,1.0,0.0093570041709688,1.0,1.0,0.0,1.0,0.0966890431000111,120.230789625,1.355066961872912,0.9888550609428431,9.0,3
10.14867914485935,947.0692496273368,105.76409451659454,1.2574985259126708,11.4,1105.2,1.0,1.0,1.0,0.0,0.0,0.0,0.0,0.0,432.7,672.5,1.5326561508005985,1.0,0.0,0.0,1.0,1.0,0.0092545107697832,1.0,1.0,0.0,1.0,0.1055014227755294,120.061572,1.569401913984292,0.9870970209027994,10.0,3
11.62635991702451,11543.610436820189,1132.428571428571,35.16923358600731,230.28571428571428,249268.57142857145,2.571428571428572,2.4285714285714284,0.8761904761904761,2.142857142857143,0.4819367517535978,0.0,0.1047619047619047,0.4285714285714285,122079.42857142857,127189.14285714286,1.056866854521348,0.8571428571428571,0.1428571428571428,0.0,4.0,5.0,0.0316742081447963,1.25,4.0,1.8423709931771088,0.2857142857142857,7.294117647058823,36.833333333333336,36.907165820323954,0.499499376273296,1.0,0
104.6866094582307,146563.389438197,1400.0262117185648,254.89085073860568,25512.0,35717423.0,1.0,1.0,1.0,0.0,0.0,0.0,0.0,0.0,19044.5,35698378.5,2604.6427564477626,1.0,0.0,0.0,1.0,1.0,0.0036697247706422,1.0,1.0,0.0,1.0,93.62201834862384,545.0,0.0,1.0,2.0,5
78.90761986650249,4734.45719199015,60.0,0.0510096786636161,2.036144578313253,122.1686746987952,1.0,0.1204819277108433,1.0,0.0,0.0,0.0,0.0,0.0,7.228915662650603,60.0,0.1204819277108433,1.0,0.0,0.0,83.0,1.0,14.690265486725664,1.0,1.0,0.0,1.0,29.91150442477876,0.0689024390243902,0.0736174372497568,0.4834584538359514,1.0,2
9.287904469505731,1073.6579427773447,122.09328171828172,1.3025807045494782,10.0,1179.6363636363635,1.0,1.0,1.0,0.0,0.0,0.0,0.0,0.0,470.09090909090907,709.5454545454545,1.5226064137477089,1.0,0.0,0.0,1.0,1.0,0.0091722633065684,1.0,1.0,0.0,1.0,0.0917226330656843,119.9267796,1.7608857324388878,0.9855294640781518,11.0,3
108.54323311287304,6512.593986772384,60.0,0.0539940893693792,2.0904255319148937,125.4255319148936,1.0,0.1223404255319148,1.0,0.0,0.0,0.0,0.0,0.0,7.340425531914893,60.0,0.1223404255319148,1.0,0.0,0.0,188.0,1.0,42.15246636771301,1.0,1.0,0.0,1.0,88.11659192825113,0.0238502673796791,0.0174017958822791,0.5781593814647644,1.0,2
994.3962530843884,59663.77518506331,60.0,0.2543218490873647,116.25925925925924,6975.555555555556,113.70370370370372,2.555555555555556,70.69259259259259,0.0,0.0,0.0,0.0,0.0,153.33333333333334,6822.222222222223,48.3962962962963,1.0,0.0,0.0,1.0,1.0,28.272251308900525,0.037037037037037,27.0,4.754887502163471,1.0,3286.910994764398,0.0367307692307692,0.0340469785085568,0.518959283164087,27.0,1
87.1137963507769,5226.827781046614,60.0,0.0472100047247187,1.8455882352941175,110.73529411764706,1.0,0.0735294117647058,1.0,0.0,0.0,0.0,0.0,0.0,4.411764705882353,60.0,0.0735294117647058,1.0,0.0,0.0,136.0,1.0,30.022075055187635,1.0,1.0,0.0,1.0,55.4083885209713,0.0335555555555555,0.0256028547790965,0.5672153015224001,1.0,2
7.7351064597372,895.441923261253,119.37316017316016,1.2098183899460355,9.166666666666666,1079.6666666666667,1.0,1.0,1.0,0.0,0.0,0.0,0.0,0.0,436.6666666666667,643.0,1.4988776417697902,1.0,0.0,0.0,1.0,1.0,0.0100290978729682,1.0,1.0,0.0,1.0,0.0919333971688756,119.6518386,1.2363650356519431,0.9897726577245016,6.0,3
10.607886083607015,1232.1521248360327,133.9528811928812,1.0254731519454097,9.933333333333334,1214.0,1.0,1.0,1.0,0.0,0.0,0.0,0.0,0.0,487.3333333333333,726.6666666666666,1.50083165296105,1.0,0.0,0.0,1.0,1.0,0.0089231459009166,1.0,1.0,0.0,1.0,0.088636582615772,120.0729634285714,1.5182621550171247,0.9875133904792054,15.0,3
10.779188542962874,927.4930147298608,95.2156862745098,0.2720797923044176,2.3529411764705883,197.11764705882356,0.0,0.0,0.0,59.05882352941177,4.728216747366113,0.2489214939197868,0.5088252372490717,3.0,58.76470588235294,137.47058823529412,2.339265656036094,0.0,1.0,0.0,1.0,1.0,0.0600706713780918,1.0,1.0,0.0,1.0,0.1413427561837456,17.6875,9.537549147972976,0.64967743139288,17.0,4
1233.6944647169184,74021.6678830151,60.0,0.2444468441838247,140.15151515151516,8409.09090909091,137.33333333333334,2.8181818181818183,68.12222222222222,0.0,0.0,0.0,0.0,0.0,169.0909090909091,8240.0,50.21313131313131,1.0,0.0,0.0,1.0,1.0,34.267912772585674,0.0303030303030303,33.0,5.044394119358456,1.0,4802.69989615784,0.03009375,0.0363243714458695,0.4530954707071364,33.0,1
8.18871792448483,6044.234037431033,704.5,31.011524479260355,268.0,213817.0,2.0,1.5,0.6666666666666666,0.0,0.0,0.0,0.0,0.0,96319.0,117498.0,1.0272356565286374,0.5,0.5,0.0,2.0,2.0,0.1052631578947368,2.0,1.0,0.0,0.5,28.210526315789476,19.0,0.0,1.0,1.0,0
12.013771583727491,1376.500774430484,133.27173913043478,0.2362321587573509,1.934782608695652,215.82608695652172,0.0,0.0,0.0,62.97826086956522,4.724965959823832,0.2388918379464683,0.4802472584489859,3.0,64.28260869565217,150.6086956521739,2.3430337444598224,0.0,1.0,0.0,1.0,1.0,0.1608391608391608,1.0,1.0,0.0,1.0,0.3111888111888112,6.355555555555555,5.993164830985214,0.5146732095806996,46.0,4
627.8908554832508,879047.6890900235,1400.00078264155,59.01344107246428,37054.0,51875629.0,1.0,1.0,1.0,0.0,0.0,0.0,0.0,0.0,15340.0,51860289.0,3380.7228813559323,1.0,0.0,0.0,1.0,1.0,1.0,1.0,1.0,0.0,1.0,37054.0,0.0,0.0,0.0,0.0,5
10.093203883376416,1153.9615098366708,136.42248062015503,0.2461699101492463,1.9069767441860463,209.6046511627907,0.0,0.0,0.0,61.46511627906977,4.741408070118973,0.2414550320787885,0.4966073533622941,3.0,62.46511627906977,146.25581395348837,2.3417428229552355,0.0,1.0,0.0,1.0,1.0,0.1467576791808873,1.0,1.0,0.0,1.0,0.2798634812286689,6.976190476190476,5.922065659717439,0.5408630750299035,43.0,4
1167.8656019055834,70071.93611433501,60.0,0.255561471694795,123.07042253521126,7384.225352112676,120.64788732394366,2.422535211267605,64.31549295774647,0.0,0.0,0.0,0.0,0.0,145.35211267605635,7238.87323943662,43.17464788732395,1.0,0.0,0.0,1.0,1.0,72.52298263534219,0.0140845070422535,71.0,6.149747119504677,1.0,8925.434116445353,0.0139857142857142,0.0124481700974685,0.5290828272901109,71.0,1
84.25395167542398,5055.237100525438,60.0,0.0530300662358664,2.0201342281879198,121.20805369127515,1.0,0.1275167785234899,1.0,0.0,0.0,0.0,0.0,0.0,7.651006711409396,60.0,0.1275167785234899,1.0,0.0,0.0,149.0,1.0,19.35064935064935,1.0,1.0,0.0,1.0,39.09090909090909,0.052027027027027,0.0504702141146939,0.5075944137373438,1.0,2
8.937331814996442,1579.4256326488735,204.39507936507937,0.9862316060365016,7.8,1466.8,1.0,1.0,1.0,0.0,0.0,0.0,0.0,0.0,581.0,885.8,1.523118783606103,1.0,0.0,0.0,1.0,1.0,0.0069649577929129,1.0,1.0,0.0,1.0,0.0543266707847211,179.46986,104.50426594191444,0.6319937050768833,5.0,3
499.348763419533,699091.7705852657,1400.0106182455213,159.6049743048715,55340.0,77476549.5,1.0,1.0,1.0,0.0,0.0,0.0,0.0,0.0,33839.5,77442710.0,2365.465778155942,1.0,0.0,0.0,1.0,1.0,1.0,1.0,1.0,0.0,1.0,55340.0,2.0,0.0,1.0,2.0,5
7.657722696594677,9509.581673927383,1192.6,35.803632171276,234.0,278422.8,1.0,1.2,0.3333333333333333,2.4,0.5710777084415067,0.0,0.1333333333333333,0.6,135231.4,143191.4,1.1465996233886842,0.4,0.6,0.0,3.0,4.0,0.0252525252525252,0.8,5.0,2.321928094887362,0.4,5.909090909090909,49.5,39.68311983702894,0.5550377704935092,1.0,0
9.32025179453367,1011.5752930495078,124.50505050505048,0.2798710112933548,1.9393939393939397,204.24242424242425,0.0,0.0,0.0,62.03030303030303,4.729234116139352,0.2251358727619165,0.4927912393811077,3.0,60.81818181818182,142.54545454545453,2.3445135929362544,0.0,1.0,0.0,1.0,1.0,0.1191335740072202,1.0,1.0,0.0,1.0,0.2310469314079422,8.65625,8.79136428192462,0.4961280012343981,33.0,4
9.131220536240155,1237.9990680335873,142.36607142857144,1.3055870337302182,10.625,1419.75,1.0,1.0,1.0,0.0,0.0,0.0,0.0,0.0,561.375,858.375,1.53129876297813,1.0,0.0,0.0,1.0,1.0,0.0095299016836376,1.0,1.0,0.0,1.0,0.1012552053886495,119.92328785714284,2.4324389102008275,0.9801199422825052,8.0,3
790.2620593973651,47415.72356384192,60.0,0.2572625594486124,130.41379310344828,7824.827586206897,127.82758620689656,2.586206896551724,68.87643678160919,0.0,0.0,0.0,0.0,0.0,155.17241379310346,7669.6551724137935,52.2212643678161,1.0,0.0,0.0,1.0,1.0,32.07964601769911,0.0344827586206896,29.0,4.857980995127571,1.0,4183.62831858407,0.0322857142857142,0.0281575378677808,0.5341491917695792,29.0,1
74.43330618232741,4465.998370939645,60.0,0.0490238670353127,2.008,120.48,1.0,0.112,1.0,0.0,0.0,0.0,0.0,0.0,6.72,60.0,0.112,1.0,0.0,0.0,125.0,1.0,14.671361502347418,1.0,1.0,0.0,1.0,29.460093896713616,0.0687096774193548,0.0619699165039686,0.525787350239781,1.0,2
10.382791804010468,10524.784926543924,1021.4,33.67054335129943,302.8,334606.2,1.6,1.8,0.5666666666666667,0.0,0.0,0.0,0.0,0.0,184736.2,149870.0,0.8432034630536933,0.6,0.2,0.2,3.0,4.0,0.0226244343891402,1.0,4.0,1.9219280948873625,0.4,6.850678733031674,55.25,50.38042774729091,0.5230500451269543,1.0,0
1296.426944136908,77785.61664821446,60.0,0.2528403633494454,125.125,7507.5,122.45833333333331,2.6666666666666665,69.99479166666667,0.0,0.0,0.0,0.0,0.0,160.0,7347.5,44.723958333333336,1.0,0.0,0.0,1.0,1.0,48.24120603015076,0.0208333333333333,48.0,5.5849625007211605,1.0,6036.180904522613,0.0211702127659574,0.0199865051801567,0.5143804905355973,48.0,1
10.320736946013763,814.0082571025616,91.11970172684458,1.263548992532075,11.571428571428571,907.7142857142856,1.0,1.0,1.0,0.0,0.0,0.0,0.0,0.0,362.4285714285714,545.2857142857143,1.4859958918819012,1.0,0.0,0.0,1.0,1.0,0.006480773432981,1.0,1.0,0.0,1.0,0.0749918068673523,180.01966566666667,59.18297233734085,0.752582275717422,7.0,3
913.8086957946464,54828.5217476788,60.0,0.2711908915011066,131.625,7897.5,129.32142857142858,2.3035714285714284,75.73988095238094,0.0,0.0,0.0,0.0,0.0,138.21428571428572,7759.285714285715,46.81130952380953,1.0,0.0,0.0,1.0,1.0,58.27263267429761,0.0178571428571428,56.0,5.807354922057609,1.0,7670.135275754423,0.0174727272727272,0.013142373585889,0.5707225121817536,56.0,1
117.90924217613647,7074.554530568188,60.0,0.0490005446114981,2.155844155844156,129.35064935064935,1.0,0.0844155844155844,1.0,0.0,0.0,0.0,0.0,0.0,5.064935064935065,60.0,0.0844155844155844,1.0,0.0,0.0,154.0,1.0,30.196078431372552,1.0,1.0,0.0,1.0,65.09803921568628,0.0333333333333333,0.026221779103379,0.5597056569871441,1.0,2
7.293775313474481,894.1431861317353,130.94018838304552,1.4985106498264738,10.0,1212.0,1.0,1.0,1.0,0.0,0.0,0.0,0.0,0.0,476.2857142857143,735.7142857142857,1.549054207857456,1.0,0.0,0.0,1.0,1.0,0.0083509514150665,1.0,1.0,0.0,1.0,0.0835095141506657,139.70464066666668,45.33480779001406,0.7549992276342776,7.0,3
1080.7810205554847,64846.86123332908,60.0,0.217652643516993,118.81632653061224,7128.979591836735,116.36734693877553,2.4489795918367347,64.45714285714286,0.0,0.0,0.0,0.0,0.0,146.9387755102041,6982.040816326531,39.78367346938776,1.0,0.0,0.0,1.0,1.0,49.746192893401016,0.0204081632653061,49.0,5.614709844115208,1.0,5910.659898477157,0.0205208333333333,0.0148000416431471,0.5809831536449138,49.0,1
96.80512456618423,5808.307473971056,60.0,0.0521179534491383,1.8974358974358971,113.84615384615384,1.0,0.0384615384615384,1.0,0.0,0.0,0.0,0.0,0.0,2.3076923076923075,60.0,0.0384615384615384,1.0,0.0,0.0,78.0,1.0,21.195652173913043,1.0,1.0,0.0,1.0,40.21739130434782,0.0477922077922077,0.0401174696092977,0.5436512703138338,1.0,2
9.226652197998904,1226.9294513894422,142.18334998334996,1.01507741807151,9.285714285714286,1152.142857142857,1.0,1.0,1.0,0.0,0.0,0.0,0.0,0.0,471.2857142857143,680.8571428571429,1.4634352518384233,1.0,0.0,0.0,1.0,1.0,0.0097096565511104,1.0,1.0,0.0,1.0,0.0901610965460252,120.15529699999998,1.2710674476776065,0.9895321954712288,7.0,3
24.928596369972112,22199.690694888588,1018.75,18.780766170699646,221.5,208066.75,0.25,0.0,0.25,6.0,1.526754427398839,0.0,0.375,1.5,103870.0,104196.75,0.9832894911438635,0.25,0.75,0.0,2.0,4.0,0.0258064516129032,2.0,2.0,0.8112781244591328,0.25,5.716129032258064,51.66666666666666,18.080068829760823,0.7407754111920134,1.0,0
97.22716264082456,136119.3340939651,1400.013436541551,211.26812139815615,20541.0,28757676.0,1.0,1.0,1.0,0.0,0.0,0.0,0.0,0.0,34405.0,28723271.0,834.8574625781137,1.0,0.0,0.0,1.0,1.0,1.0,1.0,1.0,0.0,1.0,20541.0,0.0,0.0,0.0,0.0,5
1577.2586542348815,94635.5192540929,60.0,0.2280942571289341,132.56896551724137,7954.137931034483,129.82758620689654,2.7413793103448274,64.97241379310344,0.0,0.0,0.0,0.0,0.0,164.48275862068965,7789.6551724137935,50.231034482758616,1.0,0.0,0.0,1.0,1.0,62.29860365198711,0.0172413793103448,58.0,5.85798099512757,1.0,8258.861439312566,0.0163333333333333,0.0135599168518556,0.5463886741036238,58.0,1
9.84626566027246,976.4917337601704,120.23076923076924,0.2771566098949166,2.1153846153846154,209.69230769230768,0.0,0.0,0.0,62.15384615384615,4.7305220463486055,0.2339029128509908,0.4896916132766988,3.0,62.5,146.46153846153845,2.3437088177534173,0.0,1.0,0.0,1.0,1.0,0.0981132075471698,1.0,1.0,0.0,1.0,0.2075471698113207,10.6,10.453707476297584,0.5034742698849387,26.0,4
19.99907212087604,19971.096304009672,947.75,28.17710414173743,271.75,266639.25,1.25,1.0,0.5833333333333333,3.0,0.7295739585136223,0.0,0.1666666666666666,0.75,122636.25,144003.0,1.10711347072216,0.5,0.25,0.25,4.0,3.0,0.0141342756183745,0.75,4.0,2.0,0.5,3.8409893992932864,94.33333333333331,74.37442810237638,0.5591523029560284,1.0,0
22.82279450976728,28233.615256145174,905.0,20.366868416974967,237.66666666666663,214337.0,1.6666666666666667,2.0,0.2777777777777778,8.0,2.001086111591881,0.0,0.4722222222222221,2.0,107442.0,106895.0,1.1205357114943353,0.3333333333333333,0.0,0.6666666666666666,2.0,2.0,0.0212765957446808,1.0,2.0,0.9182958340544896,0.6666666666666666,5.056737588652482,70.5,66.5,0.5145985401459854,1.0,0
8.043365271279027,7978.0390979888,968.6666666666666,48.64761038510659,387.6666666666667,377621.3333333333,2.6666666666666665,3.333333333333333,0.5333333333333333,0.0,0.0,0.0,0.0,0.0,176557.33333333334,201064.0,1.117483423745756,0.6666666666666666,0.3333333333333333,0.0,3.0,3.0,0.0277777777777777,1.5,2.0,0.9182958340544896,0.3333333333333333,10.76851851851852,54.0,41.0,0.5684210526315789,1.0,0
6.423969480015832,4680.002271748434,726.8,35.4475369497905,244.8,182383.8,1.4,1.4,0.75,2.4,0.6169925001442311,0.0,0.15,0.6,90998.2,91385.6,0.990362769091976,0.6,0.4,0.0,3.0,4.0,0.0260416666666666,1.3333333333333333,3.0,1.521928094887362,0.4,6.375,48.0,29.248931604419333,0.6213678170437501,1.0,0
7.864039200897563,886.7541224735412,136.20202020202018,0.2987559713614537,2.0,210.63636363636363,0.0,0.0,0.0,62.06060606060606,4.72583498190026,0.2355739602994688,0.4885034882057074,3.0,62.72727272727273,147.03030303030303,2.3443421919403358,0.0,1.0,0.0,1.0,1.0,0.118705035971223,1.0,1.0,0.0,1.0,0.237410071942446,8.6875,6.487668591258342,0.572481283997361,33.0,4
5.59281637933543,7430.586920352211,1249.8,25.37769316985854,129.4,171097.0,3.2,3.2,1.0,8.4,1.9030169050254588,0.0,0.43,1.8,82593.6,88503.4,1.043570207872938,1.0,0.0,0.0,3.0,3.0,0.0462962962962962,0.75,4.0,1.9219280948873625,0.6,5.9907407407407405,27.0,23.88514182499237,0.5306067553640752,2.0,0
11.07037256696788,1293.574820652653,116.57878787878788,1.0916669924331046,11.0,1159.1666666666667,1.0,1.0,1.0,0.0,0.0,0.0,0.0,0.0,483.5,675.6666666666666,1.382274402715,1.0,0.0,0.0,1.0,1.0,0.0055650199695593,1.0,1.0,0.0,1.0,0.0612152196651533,215.6326494,192.4387830844863,0.5284188802121004,6.0,3
164.8153070660272,230744.0263364696,1400.0215434087183,151.44148779788637,23129.666666666668,32381970.0,1.0,1.0,1.0,0.0,0.0,0.0,0.0,0.0,32313.33333333333,32349656.666666668,990.3412407740268,1.0,0.0,0.0,1.0,1.0,0.0109890109890109,1.0,1.0,0.0,1.0,254.1721611721612,136.5,50.5,0.7299465240641712,3.0,5
7.302180618625012,1192.8767360244617,188.13165584415583,1.3613357626403446,8.5,1428.25,1.0,1.0,1.0,0.0,0.0,0.0,0.0,0.0,572.0,856.25,1.500373900128377,1.0,0.0,0.0,1.0,1.0,0.0066817898121155,1.0,1.0,0.0,1.0,0.0567952134029821,171.0405707142857,59.05364924795901,0.7433501404005329,8.0,3
7.8578055103105395,939.2234370538428,154.62261904761905,1.192412657983045,8.428571428571429,1076.071428571429,1.0,1.0,1.0,0.0,0.0,0.0,0.0,0.0,432.07142857142856,644.0,1.4930250510123084,1.0,0.0,0.0,1.0,1.0,0.0077744166167315,1.0,1.0,0.0,1.0,0.0655272257695944,138.52140038461542,42.93545507246397,0.7633847728469005,14.0,3
1006.2917465211876,60377.50479127125,60.0,0.2501178483975225,123.55555555555556,7413.333333333333,121.24444444444444,2.311111111111111,68.39444444444443,0.0,0.0,0.0,0.0,0.0,138.66666666666666,7274.666666666667,49.26111111111111,1.0,0.0,0.0,1.0,1.0,46.875,0.0222222222222222,45.0,5.491853096329673,1.0,5791.666666666667,0.0218181818181818,0.0191017285358642,0.5331923171240398,45.0,1
6.711804335522712,7660.238574204149,952.0,54.20422091478333,351.5,390855.5,1.0,0.5,1.0,9.0,1.696073611832267,0.0,0.3055555555555556,1.5,187341.5,203514.0,1.1190661387057896,0.5,0.5,0.0,1.0,2.0,0.0344827586206896,2.0,1.0,0.0,0.5,12.120689655172416,58.0,0.0,1.0,1.0,0
16.2850479953314,19622.92653724398,1235.3333333333333,25.41464335426956,233.0,283790.0,3.1666666666666665,3.333333333333333,0.938888888888889,4.5,1.0819755160549456,0.0,0.25,1.0,135879.83333333334,147910.16666666666,1.0202484912798775,1.0,0.0,0.0,4.0,4.0,0.027027027027027,1.0,4.0,1.9182958340544891,0.5,6.297297297297297,44.4,57.91234756077498,0.4339652159151736,1.0,0
81.10392521777892,4866.2355130667365,60.0,0.0514235354107658,2.060810810810811,123.64864864864865,1.0,0.0878378378378378,1.0,0.0,0.0,0.0,0.0,0.0,5.27027027027027,60.0,0.0878378378378378,1.0,0.0,0.0,148.0,1.0,17.330210772833727,1.0,1.0,0.0,1.0,35.714285714285715,0.058095238095238,0.05470183040295,0.5150420916849563,1.0,2
11.009971002171746,887.9543461464403,92.69150479150478,1.3697985158982098,12.555555555555555,1028.2222222222222,1.0,1.0,1.0,0.0,0.0,0.0,0.0,0.0,411.6666666666667,616.5555555555555,1.4825723290391988,1.0,0.0,0.0,1.0,1.0,0.0093623536934715,1.0,1.0,0.0,1.0,0.1175495519291431,120.162091375,1.275715011862265,0.989494910606354,9.0,3
119.09247450228705,166734.2978670272,1400.040586643661,214.1277197117126,25501.0,35702435.0,1.0,1.0,1.0,0.0,0.0,0.0,0.0,0.0,7790.0,35694645.0,4582.111039794609,1.0,0.0,0.0,1.0,1.0,1.0,1.0,1.0,0.0,1.0,25501.0,0.0,0.0,0.0,0.0,5
96.37807854680636,5782.684712808383,60.0,0.0480634575056566,1.9898477157360408,119.39086294416244,1.0,0.1472081218274111,1.0,0.0,0.0,0.0,0.0,0.0,8.83248730964467,60.0,0.1472081218274111,1.0,0.0,0.0,197.0,1.0,22.617680826636047,1.0,1.0,0.0,1.0,45.00574052812858,0.044438775510204,0.0381349821529622,0.5381706824034593,1.0,2
814.7494986088731,48884.96991653239,60.0,0.2771543062071224,127.71666666666668,7663.0,125.48333333333332,2.2333333333333334,75.58222222222223,0.0,0.0,0.0,0.0,0.0,134.0,7529.0,48.84888888888889,1.0,0.0,0.0,1.0,1.0,64.1025641025641,0.0166666666666666,60.0,5.906890595608517,1.0,8186.965811965812,0.015864406779661,0.0174370126767393,0.4763883053222817,60.0,1
10.810346608260812,1127.6863714713154,116.53174603174602,0.2527837023297447,2.142857142857143,206.7142857142857,0.0,0.0,0.0,60.19047619047619,4.673742476332374,0.2318294702219676,0.4877498558454884,3.0,61.523809523809526,144.1904761904762,2.343244660920897,0.0,1.0,0.0,1.0,1.0,0.0786516853932584,1.0,1.0,0.0,1.0,0.1685393258426966,13.35,13.86461322936922,0.4905452775493817,21.0,4
13.196536506227211,10738.687779318025,943.25,21.375979165918224,225.0,200496.25,1.25,1.25,0.6666666666666666,0.0,0.0,0.0,0.0,0.0,93386.5,107109.75,1.2760098177668575,0.75,0.25,0.0,3.0,3.0,0.023391812865497,1.0,3.0,1.5,0.5,5.2631578947368425,57.0,44.5495978283381,0.5613020752317915,2.0,0
180.50051066905803,143731.88932819024,852.0,2.6988496717051853,297.6666666666667,236355.66666666663,2.6666666666666665,3.6666666666666665,0.6833333333333332,0.0,0.0,0.0,0.0,0.0,129283.33333333331,107072.33333333331,0.8921362732418535,1.0,0.0,0.0,2.0,3.0,0.0188679245283018,1.0,3.0,1.584962500721156,0.3333333333333333,5.616352201257862,79.5,20.5,0.795,1.0,0
12.597780205847464,11978.219831428967,874.2,33.09737460917734,283.6,255791.0,2.2,1.8,0.9166666666666666,8.4,1.892951738329946,0.0,0.4166666666666667,1.8,127307.8,128483.2,0.9883617325077472,0.8,0.2,0.0,3.0,3.0,0.0387596899224806,0.75,4.0,1.9219280948873625,0.4,10.992248062015504,32.25,11.255554184490428,0.7412846613386437,1.0,0
9.503371616722768,1109.3714492502463,137.80434782608697,0.2620465699362986,1.9130434782608696,220.7826086956522,0.0,0.0,0.0,59.34782608695652,4.692240163861989,0.2216529524512167,0.4943203975393954,3.0,65.8695652173913,154.04347826086956,2.3384243825517568,0.0,1.0,0.0,1.0,1.0,0.0855018587360594,1.0,1.0,0.0,1.0,0.1635687732342007,12.227272727272728,13.062548192801287,0.483485935543625,23.0,4
650.5976111899511,39035.856671397065,60.0,0.2900810141071414,125.67241379310344,7540.3448275862065,123.15517241379312,2.5172413793103448,69.7117816091954,0.0,0.0,0.0,0.0,0.0,151.0344827586207,7389.310344827586,48.91867816091954,1.0,0.0,0.0,1.0,1.0,59.609455292908535,0.0172413793103448,58.0,5.85798099512757,1.0,7491.264131551901,0.0170701754385964,0.0163448147785363,0.5108538212243474,58.0,1
108.55376432790368,6513.225859674221,60.0,0.047720700717776,1.8827586206896552,112.96551724137932,1.0,0.096551724137931,1.0,0.0,0.0,0.0,0.0,0.0,5.793103448275862,60.0,0.096551724137931,1.0,0.0,0.0,145.0,1.0,16.201117318435756,1.0,1.0,0.0,1.0,30.502793296089383,0.0621527777777777,0.05172259331231,0.5457964894674914,1.0,2
9.33244871410632,9087.95734233986,871.5,21.82497415215173,196.0,184858.0,2.25,2.75,0.4083333333333333,0.0,0.0,0.0,0.0,0.0,97657.5,87200.5,0.9391275079204076,0.5,0.5,0.0,3.0,3.0,0.016,0.75,4.0,2.0,0.5,3.136,83.33333333333333,72.85297218065682,0.5335508325079683,2.0,0
8.447339668909974,864.50186598527,143.0,0.3258955189124008,1.9189189189189189,217.51351351351352,0.0,0.0,0.0,61.35135135135136,4.7028836957733695,0.227033865188241,0.4932997094199967,3.0,64.75675675675676,151.83783783783784,2.3451608043105936,0.0,1.0,0.0,1.0,1.0,0.1289198606271777,1.0,1.0,0.0,1.0,0.2473867595818815,7.972222222222222,8.09487530310625,0.4961830977657702,37.0,4
11.377284440461924,1341.6399880024608,125.84166666666664,0.2409967497226233,2.1,216.5,0.0,0.0,0.0,61.5,4.712641359758869,0.233341087600226,0.4963068795137273,3.0,64.5,151.2,2.344892123547589,0.0,1.0,0.0,1.0,1.0,0.0677966101694915,1.0,1.0,0.0,1.0,0.1423728813559322,15.526315789473683,16.834702320387684,0.4797845276920491,20.0,4
10.101030517232342,1238.8576153422805,143.32291666666669,0.2704793328398375,1.8125,219.6875,0.0,0.0,0.0,65.5625,4.732432317455388,0.2257917128857058,0.4743301183365739,3.0,65.375,153.375,2.3460305106054755,0.0,1.0,0.0,1.0,1.0,0.0658436213991769,1.0,1.0,0.0,1.0,0.1193415637860082,16.2,8.642530493630517,0.6521074817299143,16.0,4
7.378575663741581,8218.838958552074,1241.0,27.726901761740116,200.4,226691.8,3.2,2.8,0.8666666666666668,0.0,0.0,0.0,0.0,0.0,116505.6,110186.2,1.1096079827599263,0.8,0.2,0.0,4.0,4.0,0.0175438596491228,1.0,4.0,1.9219280948873625,0.4,3.5157894736842104,71.25,52.12185242295213,0.5775223326933254,1.0,0
6.136055956292279,787.4428978962387,141.06891534391534,1.4264079782064176,8.5,1106.5,1.0,1.0,1.0,0.0,0.0,0.0,0.0,0.0,424.0,682.5,1.581296727152299,1.0,0.0,0.0,1.0,1.0,0.003573570978281,1.0,1.0,0.0,1.0,0.030375353315389,335.79856320000005,158.35245858745063,0.6795464309379434,6.0,3
1362.1907051777107,81731.44231066265,60.0,0.2532370905054299,131.24561403508773,7874.736842105263,128.64912280701753,2.5964912280701755,66.11198830409357,0.0,0.0,0.0,0.0,0.0,155.78947368421052,7718.9473684210525,48.88391812865497,1.0,0.0,0.0,1.0,1.0,67.29634002361276,0.0175438596491228,57.0,5.832890014164737,1.0,8832.349468713106,0.015125,0.015148152291852,0.4996176101578578,57.0,1
1009.2965460777948,60557.79276466767,60.0,0.2417612823466579,126.91071428571428,7614.642857142857,124.39285714285714,2.517857142857143,66.01279761904763,0.0,0.0,0.0,0.0,0.0,151.07142857142858,7463.571428571428,39.53065476190476,1.0,0.0,0.0,1.0,1.0,58.700209643605874,0.0178571428571428,56.0,5.807354922057609,1.0,7449.685534591195,0.0173454545454545,0.0163153226160599,0.515301665859522,56.0,1
1054.492758206737,63269.56549240422,60.0,0.2543845487251369,128.546875,7712.8125,125.46875,3.078125,56.54713541666667,0.0,0.0,0.0,0.0,0.0,184.6875,7528.125,51.96901041666668,1.0,0.0,0.0,1.0,1.0,66.39004149377594,0.015625,64.0,6.0,1.0,8534.232365145228,0.0153015873015873,0.0144361043426398,0.5145519526078527,64.0,1
109.69858167156434,153581.564341215,1400.032361412252,281.6900595170597,30901.0,43262400.0,1.0,1.0,1.0,0.0,0.0,0.0,0.0,0.0,37992.0,43224408.0,1137.7239418825015,1.0,0.0,0.0,1.0,1.0,1.0,1.0,1.0,0.0,1.0,30901.0,0.0,0.0,0.0,0.0,5
8.521762329267721,8106.812093517455,993.8571428571428,33.71469502107616,252.7142857142857,243813.7142857143,2.7142857142857144,2.857142857142857,0.7333333333333334,4.714285714285714,0.9665292122771028,0.0,0.1999999999999999,0.8571428571428571,129691.42857142857,114122.28571428572,1.0371521115744629,0.7142857142857143,0.2857142857142857,0.0,3.0,5.0,0.0286885245901639,1.25,4.0,1.9502120649147463,0.2857142857142857,7.25,40.66666666666666,25.830645021412497,0.6115535445616653,1.0,0
10.661552250555095,1322.7061219555396,131.3776443001443,1.3382152305973192,11.5,1425.1,1.0,1.0,1.0,0.0,0.0,0.0,0.0,0.0,573.4,851.7,1.5026230906077338,1.0,0.0,0.0,1.0,1.0,0.0069365075239398,1.0,1.0,0.0,1.0,0.0797698365253086,160.18307588888888,79.47744214794919,0.6683749046401846,10.0,3
7.804229121333029,901.401388143866,144.54054054054052,0.2857558202022892,1.7567567567567568,208.0,0.0,0.0,0.0,61.2972972972973,4.720908458226663,0.2338561350195659,0.4980726630598708,3.0,61.891891891891895,145.16216216216216,2.3455164961660926,0.0,1.0,0.0,1.0,1.0,0.1262798634812286,1.0,1.0,0.0,1.0,0.2218430034129692,8.13888888888889,8.667156325198716,0.4842834102377932,37.0,4
78.08630028277277,4685.178016966366,60.0,0.0517476943074597,2.118811881188119,127.12871287128714,1.0,0.1188118811881188,1.0,0.0,0.0,0.0,0.0,0.0,7.128712871287129,60.0,0.1188118811881188,1.0,0.0,0.0,101.0,1.0,30.699088145896656,1.0,1.0,0.0,1.0,65.04559270516717,0.0329,0.0262028624390542,0.5566566261308553,1.0,2
73.70691311425752,82722.95067943352,1079.5,24.534955833221343,291.3333333333333,295338.1666666667,3.5,3.6666666666666665,0.7999999999999999,0.0,0.0,0.0,0.0,0.0,142547.33333333334,152790.83333333334,1.004607906351545,0.8333333333333334,0.1666666666666666,0.0,4.0,5.0,0.0219780219780219,1.0,5.0,2.2516291673878226,0.3333333333333333,6.402930402930403,54.6,54.58058262789066,0.5000889231933096,1.0,0
721.8667769717562,43312.00661830536,60.0,0.2745927935260429,137.6891891891892,8261.351351351352,134.97297297297297,2.716216216216216,71.82117117117117,0.0,0.0,0.0,0.0,0.0,162.97297297297297,8098.378378378378,51.56441441441441,1.0,0.0,0.0,1.0,1.0,74.74747474747475,0.0135135135135135,74.0,6.2094533656289554,1.0,10291.919191919193,0.0135616438356164,0.0162362576676778,0.4551207686258417,74.0,1
33.72874187075258,33892.80540564867,903.5,26.3887706989766,214.83333333333331,211339.0,2.5,2.6666666666666665,0.7916666666666666,5.5,1.0747853309659148,0.0,0.2018518518518518,1.0,108641.33333333331,102697.66666666669,0.9668277210673824,0.8333333333333334,0.1666666666666666,0.0,4.0,4.0,0.0256410256410256,0.8,5.0,2.2516291673878226,0.5,5.5085470085470085,46.8,37.637215624963545,0.5542579732598827,2.0,0
108.66961858611542,6520.1771151669245,60.0,0.051351127045967,2.1036269430051813,126.21761658031087,1.0,0.0932642487046632,1.0,0.0,0.0,0.0,0.0,0.0,5.595854922279793,60.0,0.0932642487046632,1.0,0.0,0.0,193.0,1.0,51.05820105820106,1.0,1.0,0.0,1.0,107.40740740740742,0.0196875,0.0124543437034367,0.612519312260079,1.0,2
9.701427714530253,1140.2833240313687,149.93548387096774,0.2687105232662205,1.7741935483870968,215.29032258064515,0.0,0.0,0.0,60.96774193548387,4.720022745200732,0.24838316293109,0.4947025350846779,3.0,64.12903225806451,150.19354838709677,2.342297954181352,0.0,1.0,0.0,1.0,1.0,0.1054421768707483,1.0,1.0,0.0,1.0,0.1870748299319728,9.8,9.32165936587115,0.5125078222809105,31.0,4
1104.3030199351415,66258.18119610852,60.0,0.2812596206769385,129.88732394366198,7793.239436619719,127.26760563380282,2.619718309859155,65.54131455399062,0.0,0.0,0.0,0.0,0.0,157.18309859154928,7636.056338028169,40.344131455399065,1.0,0.0,0.0,1.0,1.0,75.21186440677967,0.0140845070422535,71.0,6.149747119504677,1.0,9769.06779661017,0.0134857142857142,0.0126137598984406,0.5167044435669699,71.0,1
27.395943346419617,31850.66502855084,1003.5,39.86171021292541,220.33333333333331,247165.8333333333,3.0,3.333333333333333,0.6138888888888889,3.0,0.5653578706107557,0.0,0.1111111111111111,0.5,124354.0,122811.83333333331,1.0845093626801363,0.6666666666666666,0.3333333333333333,0.0,4.0,4.0,0.0454545454545454,1.0,4.0,1.7924812503605778,0.3333333333333333,10.015151515151516,26.4,23.87132170618125,0.5251503064570096,1.0,0
688.8974962921774,41333.849777530646,60.0,0.2564801153579678,121.16666666666669,7270.0,118.6,2.566666666666667,65.31944444444444,0.0,0.0,0.0,0.0,0.0,154.0,7116.0,46.61944444444445,1.0,0.0,0.0,1.0,1.0,31.91489361702128,0.0333333333333333,30.0,4.906890595608519,1.0,3867.021276595745,0.0324137931034482,0.0261606670290623,0.5533775818013494,30.0,1
6.983207721388421,1366.2568095497395,195.82187288020623,1.2693138327916895,8.0,1438.2222222222222,1.0,1.0,1.0,0.0,0.0,0.0,0.0,0.0,561.7777777777778,876.4444444444445,1.5868799286294388,1.0,0.0,0.0,1.0,1.0,0.0057662111596905,1.0,1.0,0.0,1.0,0.0461296892775246,195.10211625,84.88013170897628,0.6968374519179761,9.0,3
1297.710215068182,77862.61290409093,60.0,0.2512365529593793,121.22222222222224,7273.333333333333,118.57407407407408,2.6481481481481484,58.05123456790124,0.0,0.0,0.0,0.0,0.0,158.88888888888889,7114.444444444444,37.92160493827161,1.0,0.0,0.0,1.0,1.0,58.37837837837838,0.0185185185185185,54.0,5.7548875021634665,1.0,7076.756756756757,0.0174528301886792,0.0166683136720328,0.5114960465547245,54.0,1
105.46797385617128,6328.078431370276,60.0,0.0519599546350985,2.025,121.5,1.0,0.0666666666666666,1.0,0.0,0.0,0.0,0.0,0.0,4.0,60.0,0.0666666666666666,1.0,0.0,0.0,120.0,1.0,18.46153846153846,1.0,1.0,0.0,1.0,37.38461538461539,0.0546218487394958,0.0504732213877263,0.5197374974237489,1.0,2
72.83938332219765,4370.362999331859,60.0,0.0520383471896193,1.9097222222222223,114.58333333333331,1.0,0.1319444444444444,1.0,0.0,0.0,0.0,0.0,0.0,7.916666666666667,60.0,0.1319444444444444,1.0,0.0,0.0,144.0,1.0,32.43243243243243,1.0,1.0,0.0,1.0,61.93693693693693,0.031048951048951,0.026117359838117,0.5431337192684725,1.0,2
19.11418552152925,15717.312712141833,936.0,30.643981545266907,300.57142857142856,272883.28571428574,0.7142857142857143,0.8571428571428571,0.5714285714285714,8.714285714285714,1.892118524497743,0.0,0.4051282051282051,1.7142857142857142,137176.57142857142,135706.7142857143,0.9932703053179786,0.5714285714285714,0.2857142857142857,0.1428571428571428,4.0,4.0,0.0282258064516129,0.8,5.0,2.1280852788913944,0.2857142857142857,8.483870967741936,41.333333333333336,35.4197057519618,0.5385237356842624,1.0,0
1488.7207436374745,89323.24461824846,60.0,0.2312865381782319,130.6451612903226,7838.709677419355,128.4516129032258,2.193548387096774,77.01747311827958,0.0,0.0,0.0,0.0,0.0,131.61290322580646,7707.096774193548,43.24327956989247,1.0,0.0,0.0,1.0,1.0,63.45957011258956,0.0161290322580645,62.0,5.954196310386873,1.0,8290.685772773797,0.0160163934426229,0.0178614814094543,0.4727685403100439,62.0,1
18.822458699395,26969.64158246876,1391.0,21.041277937879915,222.0,301977.0,2.5,3.0,0.4166666666666667,15.0,3.281727678869736,0.0,0.7,3.0,158995.0,142982.0,0.9138306669029592,0.5,0.5,0.0,2.0,2.0,0.0392156862745098,1.0,2.0,1.0,0.5,8.705882352941176,51.0,0.0,1.0,1.0,0
8.228583876256572,1228.965570588303,189.1502136752137,1.2329029051412903,9.5,1468.8333333333333,1.0,1.0,1.0,0.0,0.0,0.0,0.0,0.0,620.5,848.3333333333334,1.393545831366353,1.0,0.0,0.0,1.0,1.0,0.0045418279887065,1.0,1.0,0.0,1.0,0.0431473658927126,264.2107986,231.95958156087292,0.5325001434272136,6.0,3
9.09926528934828,1123.00395694055,130.6845804988662,1.2474668756999097,10.857142857142858,1352.428571428571,1.0,1.0,1.0,0.0,0.0,0.0,0.0,0.0,530.4285714285714,822.0,1.550478984449157,1.0,0.0,0.0,1.0,1.0,0.0097477184493678,1.0,1.0,0.0,1.0,0.105832371735994,119.68612683333332,1.1411632679978228,0.9905554178444224,7.0,3
1186.9050796199194,71214.30477719518,60.0,0.2633014552912051,123.2,7392.0,120.83333333333331,2.3666666666666667,71.23499999999999,0.0,0.0,0.0,0.0,0.0,142.0,7250.0,60.63499999999999,1.0,0.0,0.0,1.0,1.0,30.8641975308642,0.0333333333333333,30.0,4.906890595608519,1.0,3802.469135802469,0.0335172413793103,0.0281506056646489,0.5435124296688669,30.0,1
9.773188791586913,1260.1643276297914,143.3474358974359,1.3333735772614643,11.333333333333334,1434.0,1.0,1.0,1.0,0.0,0.0,0.0,0.0,0.0,551.3333333333334,882.6666666666666,1.5531397222862615,1.0,0.0,0.0,1.0,1.0,0.0100353041666071,1.0,1.0,0.0,1.0,0.1137334472215472,119.5778404,0.8941879205190834,0.9925776304011412,6.0,3
238.52477574883656,153968.06542235633,779.3333333333334,16.066585223268444,311.3333333333333,221053.3333333333,0.6666666666666666,0.3333333333333333,0.6666666666666666,0.0,0.0,0.0,0.0,0.0,116610.0,104443.33333333331,0.854047628241552,0.3333333333333333,0.6666666666666666,0.0,2.0,2.0,0.0113207547169811,0.6666666666666666,3.0,1.584962500721156,0.6666666666666666,3.524528301886793,132.5,52.5,0.7162162162162161,1.0,0
77.16341750615733,4629.805050369439,60.0,0.0523321469079891,2.074074074074074,124.44444444444444,1.0,0.1164021164021164,1.0,0.0,0.0,0.0,0.0,0.0,6.984126984126984,60.0,0.1164021164021164,1.0,0.0,0.0,189.0,1.0,24.324324324324326,1.0,1.0,0.0,1.0,50.45045045045045,0.0413297872340425,0.0381184850165209,0.5202100192147278,1.0,2
1507.8899104361496,90473.39462616896,60.0,0.23376473521121,129.88135593220338,7792.881355932203,127.1864406779661,2.694915254237288,65.84463276836158,0.0,0.0,0.0,0.0,0.0,161.6949152542373,7631.186440677966,45.57344632768362,1.0,0.0,0.0,1.0,1.0,64.20021762785636,0.0169491525423728,59.0,5.882643049361836,1.0,8338.411316648531,0.0158448275862068,0.0130116681378251,0.5490904972571264,59.0,1
9.644270654415864,1088.977464081304,131.59420289855072,0.2482886064668271,1.9130434782608696,210.7826086956522,0.0,0.0,0.0,59.91304347826087,4.721172774659714,0.2473563351914955,0.5041536974320209,3.0,62.78260869565217,147.17391304347825,2.3436390127706965,0.0,1.0,0.0,1.0,1.0,0.0774410774410774,1.0,1.0,0.0,1.0,0.1481481481481481,13.5,11.543396380615196,0.5390642624835685,23.0,4
269.8228613604388,377756.019460612,1400.0151887681145,181.52511031285948,42885.66666666666,60040620.66666666,1.0,1.0,1.0,0.0,0.0,0.0,0.0,0.0,19107.0,60021513.66666666,6872.306456053047,1.0,0.0,0.0,1.0,1.0,0.006787330316742,1.0,1.0,0.0,1.0,291.079185520362,221.0,19.0,0.9208333333333334,3.0,5
58.3048926161018,81628.18607662502,1400.0229806949596,164.6363676686547,9614.0,13459809.5,1.0,1.0,1.0,0.0,0.0,0.0,0.0,0.0,28981.5,13430828.0,763.7821776172067,1.0,0.0,0.0,1.0,1.0,0.004040404040404,1.0,1.0,0.0,1.0,38.84444444444444,495.0,0.0,1.0,2.0,5
99.99004870051722,5999.402922031032,60.0,0.0464647220242342,2.045977011494253,122.75862068965516,1.0,0.1034482758620689,1.0,0.0,0.0,0.0,0.0,0.0,6.206896551724138,60.0,0.1034482758620689,1.0,0.0,0.0,87.0,1.0,10.970996216897856,1.0,1.0,0.0,1.0,22.446406052963432,0.0922093023255813,0.0919099807672133,0.5008128468494448,1.0,2
1118.304435109782,67098.26610658692,60.0,0.254684712078004,132.0,7920.0,129.725,2.275,79.260625,0.0,0.0,0.0,0.0,0.0,136.5,7783.5,54.948125000000005,1.0,0.0,0.0,1.0,1.0,80.97165991902834,0.0125,80.0,6.321928094887356,1.0,10688.25910931174,0.012506329113924,0.0116661073717045,0.5173797486802587,80.0,1
83.64315693841685,5018.589416305012,60.0,0.0497898402356198,2.0,120.0,1.0,0.064,1.0,0.0,0.0,0.0,0.0,0.0,3.84,60.0,0.064,1.0,0.0,0.0,125.0,1.0,39.936102236421725,1.0,1.0,0.0,1.0,79.87220447284345,0.0252419354838709,0.0185552231442071,0.5763372847591187,1.0,2
11.536199345638575,1100.5241640480715,121.55208333333331,0.2769464379206168,2.0625,199.375,0.0,0.0,0.0,61.5625,4.732414378230219,0.2332743826852849,0.4919355589846831,3.0,59.375,139.0,2.3418931345736542,0.0,1.0,0.0,1.0,1.0,0.0780487804878048,1.0,1.0,0.0,1.0,0.1609756097560975,13.666666666666666,11.545080722493408,0.5420753451045096,16.0,4
91.55047979564152,5493.028787738491,60.0,0.053920830431025,1.9,114.0,1.0,0.0875,1.0,0.0,0.0,0.0,0.0,0.0,5.25,60.0,0.0875,1.0,0.0,0.0,80.0,1.0,14.869888475836431,1.0,1.0,0.0,1.0,28.25278810408922,0.0681012658227847,0.0632270561651346,0.5185573438534399,1.0,2
7.897320287057675,1453.456458986481,186.0811011904762,1.0624075696024011,8.0,1355.625,1.0,1.0,1.0,0.0,0.0,0.0,0.0,0.0,535.625,820.0,1.5454431552699488,1.0,0.0,0.0,1.0,1.0,0.0095021433812598,1.0,1.0,0.0,1.0,0.076017147050079,120.27361585714286,1.542745268598657,0.9873354838845808,8.0,3
9.89407655904868,970.7787565737344,102.44557565450422,1.277876611553772,11.071428571428571,1051.428571428571,1.0,1.0,1.0,0.0,0.0,0.0,0.0,0.0,416.7142857142857,634.7142857142857,1.5349873592364214,1.0,0.0,0.0,1.0,1.0,0.0083398420588201,1.0,1.0,0.0,1.0,0.0923339656512226,129.12991269230767,31.83253794179628,0.8022362494085205,14.0,3
1177.001768843263,70620.10613059581,60.0,0.2485744397062955,130.21428571428572,7812.857142857143,127.38095238095238,2.833333333333333,65.32539682539684,0.0,0.0,0.0,0.0,0.0,170.0,7642.857142857143,44.34920634920635,1.0,0.0,0.0,1.0,1.0,43.16546762589928,0.0238095238095238,42.0,5.3923174227787625,1.0,5620.760534429599,0.0237317073170731,0.0206149654262162,0.5351406508995481,42.0,1
9.170381694396854,1223.6960381732429,145.14159451659452,1.257123154650872,10.363636363636363,1364.1818181818182,1.0,1.0,1.0,0.0,0.0,0.0,0.0,0.0,554.1818181818181,810.0,1.47571081152007,1.0,0.0,0.0,1.0,1.0,0.0091743020330504,1.0,1.0,0.0,1.0,0.0950791301607045,119.9001293,1.8273827362866293,0.984987923389563,11.0,3
96.18195661966143,5770.9173971796845,60.0,0.048370058496809,1.9947643979057592,119.68586387434554,1.0,0.06282722513089,1.0,0.0,0.0,0.0,0.0,0.0,3.769633507853403,60.0,0.06282722513089,1.0,0.0,0.0,191.0,1.0,27.802037845705968,1.0,1.0,0.0,1.0,55.45851528384279,0.0361578947368421,0.0308728515687961,0.5394225296548831,1.0,2
13.92907474703262,15788.69166281002,1001.8333333333334,27.48386710643433,272.1666666666667,264676.1666666667,2.833333333333333,2.6666666666666665,0.9388888888888888,4.0,1.0178362849325593,0.0,0.25,1.0,146569.33333333334,118106.83333333331,0.955378365501538,0.8333333333333334,0.1666666666666666,0.0,5.0,4.0,0.1071428571428571,1.0,4.0,1.7924812503605778,0.5,29.160714285714285,11.2,12.544321424453376,0.4716917278783779,1.0,0
8.721403587780195,8864.080102607471,1104.0,27.50770555981229,197.66666666666663,208942.0,2.333333333333333,2.6666666666666665,1.1,4.0,1.0838763891292742,0.0,0.2777777777777778,1.0,115340.33333333331,93601.66666666669,0.8761575582219329,1.0,0.0,0.0,3.0,2.0,0.0198675496688741,1.0,2.0,0.9182958340544896,0.6666666666666666,3.9271523178807946,75.5,37.5,0.6681415929203539,1.0,0
974.1083203074912,58446.49921844946,60.0,0.2836536867896486,137.0,8220.0,134.31578947368422,2.6842105263157894,73.78026315789474,0.0,0.0,0.0,0.0,0.0,161.05263157894737,8058.9473684210525,64.78026315789474,1.0,0.0,0.0,1.0,1.0,39.46002076843198,0.0263157894736842,38.0,5.247927513443589,1.0,5406.022845275182,0.026027027027027,0.0213231082447068,0.5496716509395931,38.0,1
10.6436195901977,1153.566695303468,126.5864197530864,0.2584039309187909,2.1481481481481484,215.4814814814815,0.0,0.0,0.0,62.03703703703704,4.703003776440135,0.212910225667911,0.4844606805170666,3.0,64.22222222222223,150.37037037037038,2.341802808120041,0.0,1.0,0.0,1.0,1.0,0.0944055944055944,1.0,1.0,0.0,1.0,0.2027972027972027,11.0,11.055802514099518,0.4987349697644452,27.0,4
7.536135155716231,981.17699563094,150.01963512677798,1.4108610387027385,10.285714285714286,1300.428571428571,1.0,1.0,1.0,0.0,0.0,0.0,0.0,0.0,522.8571428571429,777.5714285714286,1.5217567635470164,1.0,0.0,0.0,1.0,1.0,0.0097159868931725,1.0,1.0,0.0,1.0,0.0999358651869176,120.07701116666664,0.986547669794589,0.991850993979722,7.0,3
12.439257162297588,12851.628017855195,1153.142857142857,33.76414625133253,361.2857142857143,402861.1428571429,2.4285714285714284,2.571428571428572,0.5238095238095238,8.142857142857142,1.7561174862205555,0.0,0.3730158730158729,1.7142857142857142,215461.2857142857,187399.85714285716,0.9493086787950606,0.5714285714285714,0.4285714285714285,0.0,3.0,4.0,0.0330188679245283,1.0,4.0,1.950212064914747,0.4285714285714285,11.929245283018869,35.333333333333336,28.122746823325933,0.5568155682812902,2.0,0
8.012884977391778,1323.151832864131,171.44031385281386,1.1619563254053058,9.0,1336.25,1.0,1.0,1.0,0.0,0.0,0.0,0.0,0.0,539.625,796.625,1.4686280404904124,1.0,0.0,0.0,1.0,1.0,0.0095073288522004,1.0,1.0,0.0,1.0,0.085565959669804,120.20801642857144,1.2182950056298072,0.9899667955714032,8.0,3
8.939656523717005,921.9284221601948,132.76470588235293,0.2879681038364434,2.0,220.52941176470588,0.0,0.0,0.0,62.294117647058826,4.706537455573107,0.2421629343851544,0.4837292412472921,3.0,65.70588235294117,153.8235294117647,2.341758002191252,0.0,1.0,0.0,1.0,1.0,0.0825242718446602,1.0,1.0,0.0,1.0,0.1650485436893204,12.875,9.88606974484805,0.5656588264228769,17.0,4
10.645885370571404,1401.8909129278354,153.09208014208014,1.217468214284413,10.88888888888889,1484.2222222222222,1.0,1.0,1.0,0.0,0.0,0.0,0.0,0.0,599.8888888888889,884.3333333333334,1.4932919964675095,1.0,0.0,0.0,1.0,1.0,0.0093836494864351,1.0,1.0,0.0,1.0,0.1021775166300711,119.889388625,1.3500648528773491,0.9888644759263644,9.0,3
91.74909889020604,5504.945933412363,60.0,0.0453490547150275,1.893805309734513,113.6283185840708,1.0,0.079646017699115,1.0,0.0,0.0,0.0,0.0,0.0,4.778761061946903,60.0,0.079646017699115,1.0,0.0,0.0,113.0,1.0,34.24242424242424,1.0,1.0,0.0,1.0,64.84848484848486,0.0294642857142857,0.0243060576559735,0.5479653628282873,1.0,2
1334.8074328319544,80088.44596991729,60.0,0.2372544667840124,133.48,8008.8,131.08,2.4,76.94166666666668,0.0,0.0,0.0,0.0,0.0,144.0,7864.8,59.30166666666668,1.0,0.0,0.0,1.0,1.0,52.35602094240838,0.02,50.0,5.643856189774728,1.0,6988.481675392671,0.0194897959183673,0.0169225395510339,0.5352525639215139,50.0,1
115.47881437162656,6928.728862297593,60.0,0.0474519115141986,1.957142857142857,117.42857142857144,1.0,0.0785714285714285,1.0,0.0,0.0,0.0,0.0,0.0,4.714285714285714,60.0,0.0785714285714285,1.0,0.0,0.0,140.0,1.0,33.41288782816229,1.0,1.0,0.0,1.0,65.39379474940334,0.0301438848920863,0.0234746338380064,0.5621916756750766,1.0,2
55.35542215398946,78862.44991282608,1247.25,30.925072693214204,248.75,344024.0,0.75,0.5,0.75,6.75,1.581296607415752,0.0,0.3541666666666666,1.5,190077.5,153946.5,0.944374813649603,0.5,0.5,0.0,3.0,3.0,0.0187793427230046,0.75,4.0,2.0,0.5,4.671361502347418,71.0,20.01665972800324,0.7800769684602622,1.0,0
945.4193577351484,56725.161464108896,60.0,0.2478141916195504,124.55223880597016,7473.134328358209,121.88059701492536,2.671641791044776,64.86169154228855,0.0,0.0,0.0,0.0,0.0,160.29850746268656,7312.835820895522,53.11542288557214,1.0,0.0,0.0,1.0,1.0,67.54032258064517,0.0149253731343283,67.0,6.066089190457767,1.0,8412.298387096775,0.015030303030303,0.0143230791688753,0.512046718443361,67.0,1
70.22831506502162,4213.698903901297,60.0,0.0530187745361612,1.8251748251748248,109.5104895104895,1.0,0.1468531468531468,1.0,0.0,0.0,0.0,0.0,0.0,8.811188811188812,60.0,0.1468531468531468,1.0,0.0,0.0,143.0,1.0,27.659574468085108,1.0,1.0,0.0,1.0,50.483558994197296,0.0364084507042253,0.031674878954064,0.5347630747050642,1.0,2
10.631129189925772,1194.1513167092282,144.2941176470588,0.2428504380095524,1.7058823529411764,202.4705882352941,0.0,0.0,0.0,58.47058823529412,4.72423047372983,0.2126004885614799,0.5169487763078372,3.0,60.294117647058826,141.23529411764707,2.342840564999987,0.0,1.0,0.0,1.0,1.0,0.0636704119850187,1.0,1.0,0.0,1.0,0.1086142322097378,16.6875,11.601286297217218,0.5898980544683728,17.0,4
5.559299874338399,4674.559990261399,814.6,38.40378205848346,211.2,183314.2,1.0,1.0,0.4,6.6,1.3531408971879435,0.0,0.2799999999999999,1.2,99720.8,83593.4,0.915447176264418,0.4,0.6,0.0,4.0,4.0,0.0476190476190476,1.0,4.0,1.9219280948873625,0.4,10.057142857142855,26.25,14.113380176272443,0.6503419655480447,1.0,0
88.234740601532,5294.084436091919,60.0,0.0532948443905701,2.051851851851852,123.11111111111111,1.0,0.0962962962962963,1.0,0.0,0.0,0.0,0.0,0.0,5.777777777777778,60.0,0.0962962962962963,1.0,0.0,0.0,135.0,1.0,22.6510067114094,1.0,1.0,0.0,1.0,46.47651006711409,0.0444776119402985,0.0402708583977075,0.5248190529328314,1.0,2
10.463075085212074,1067.4713074905756,124.60752688172042,0.273391346201714,2.0,208.29032258064515,0.0,0.0,0.0,61.064516129032256,4.704592569102768,0.2352383264193318,0.4929143055533385,3.0,62.12903225806452,145.32258064516128,2.3385717152407204,0.0,1.0,0.0,1.0,1.0,0.1076388888888889,1.0,1.0,0.0,1.0,0.2152777777777778,9.6,7.296574538781879,0.568162498142188,31.0,4
8.88159506327319,1182.4553027376342,144.62452824952825,1.2335295246591278,9.466666666666669,1271.2,1.0,1.0,1.0,0.0,0.0,0.0,0.0,0.0,519.1333333333333,752.0666666666667,1.4451775278844528,1.0,0.0,0.0,1.0,1.0,0.0083287499805752,1.0,1.0,0.0,1.0,0.0788454998161125,128.64218207142858,30.61009519686252,0.8077886500467812,15.0,3
13.364477503963917,1268.8617555112387,118.65873015873017,0.2685352386087338,2.1904761904761907,213.33333333333331,0.0,0.0,0.0,61.61904761904762,4.755307826415346,0.2488466272066152,0.4987929600564306,3.0,63.47619047619048,148.85714285714286,2.344928776037863,0.0,1.0,0.0,1.0,1.0,0.0860655737704918,1.0,1.0,0.0,1.0,0.1885245901639344,12.2,9.902524930541706,0.5519731360258212,21.0,4
9.203571564598844,996.9986547352124,124.77956989247312,0.2811658782789216,2.0,211.2258064516129,0.0,0.0,0.0,60.96774193548387,4.720051515462592,0.2351653627078213,0.498490704170111,3.0,62.903225806451616,147.38709677419354,2.3440604867463346,0.0,1.0,0.0,1.0,1.0,0.12109375,1.0,1.0,0.0,1.0,0.2421875,8.533333333333333,8.433003946136607,0.5029567191063132,31.0,4
185.7021860577887,259984.5896297258,1400.0118620159406,188.907811016238,33600.0,47040317.75,1.0,1.0,1.0,0.0,0.0,0.0,0.0,0.0,12543.5,47027774.25,4203.520741718136,1.0,0.0,0.0,1.0,1.0,0.0091954022988505,1.0,1.0,0.0,1.0,308.9655172413793,145.0,105.79540002602508,0.5781605244153335,4.0,5
979.8095871608582,58788.57522965149,60.0,0.2524060653704705,130.38805970149255,7823.283582089552,127.8955223880597,2.492537313432836,74.21268656716418,0.0,0.0,0.0,0.0,0.0,149.55223880597015,7673.731343283582,51.794776119402975,1.0,0.0,0.0,1.0,1.0,67.60847628657922,0.0149253731343283,67.0,6.066089190457767,1.0,8815.338042381432,0.0150151515151515,0.0125848543221753,0.5440271137495438,67.0,1
9.580700333560957,1012.5426067655802,125.84057971014494,0.2607254430676312,2.0,210.0,0.0,0.0,0.0,63.65217391304348,4.742376090903143,0.2360164151926698,0.4770846723481278,3.0,62.52173913043478,146.6086956521739,2.344961628732469,0.0,1.0,0.0,1.0,1.0,0.0798611111111111,1.0,1.0,0.0,1.0,0.1597222222222222,13.090909090909092,9.069975899081395,0.5907214038077416,23.0,4
874.7480598890953,52484.88359334571,60.0,0.2762459996201766,129.5806451612903,7774.8387096774195,126.74193548387096,2.838709677419355,59.049193548387095,0.0,0.0,0.0,0.0,0.0,170.32258064516128,7604.516129032258,49.30725806451613,1.0,0.0,0.0,1.0,1.0,65.05771248688353,0.0161290322580645,62.0,5.954196310386873,1.0,8430.2203567681,0.0156229508196721,0.0151788938174746,0.5072082858580149,62.0,1
74.53047427377776,4471.828456426665,60.0,0.0521453181994482,2.0864864864864865,125.1891891891892,1.0,0.0702702702702702,1.0,0.0,0.0,0.0,0.0,0.0,4.216216216216216,60.0,0.0702702702702702,1.0,0.0,0.0,185.0,1.0,21.637426900584792,1.0,1.0,0.0,1.0,45.14619883040936,0.0464673913043478,0.0388981253284046,0.5443344471779317,1.0,2
10.0199279979209,12050.70336738317,1220.6666666666667,43.07404770377627,405.6666666666667,494497.0,2.6666666666666665,3.0,0.6,0.0,0.0,0.0,0.0,0.0,270810.0,223687.0,0.8462065262571855,0.6666666666666666,0.3333333333333333,0.0,3.0,3.0,0.015228426395939,1.0,3.0,1.584962500721156,0.3333333333333333,6.177664974619289,98.5,10.5,0.9036697247706422,1.0,0
12.18107190275246,1151.8918969888916,115.84999999999998,0.2540420925037368,2.1,207.45,0.0,0.0,0.0,59.0,4.685253975331316,0.2573082615949187,0.5006489871458601,3.0,61.8,144.75,2.3428292739074283,0.0,1.0,0.0,1.0,1.0,0.0727272727272727,1.0,1.0,0.0,1.0,0.1527272727272727,14.473684210526317,13.941110810732376,0.5093714102001351,20.0,4
7.916614414275367,1237.3385845408231,175.35818903318903,1.122466817691388,7.727272727272727,1237.4545454545455,1.0,1.0,1.0,0.0,0.0,0.0,0.0,0.0,490.27272727272725,747.1818181818181,1.5501047596413924,1.0,0.0,0.0,1.0,1.0,0.0091871214020155,1.0,1.0,0.0,1.0,0.0709913926519387,119.7328251,1.877314765299335,0.9845628434653664,11.0,3
10.590243635332074,11255.425555028203,1038.0,36.81373152063748,296.6666666666667,304176.6666666667,1.3333333333333333,1.3333333333333333,1.1666666666666667,0.0,0.0,0.0,0.0,0.0,146376.0,157800.66666666666,1.1419011497364526,1.0,0.0,0.0,2.0,3.0,0.0134529147982062,1.5,2.0,0.9182958340544896,0.3333333333333333,3.991031390134529,111.5,20.5,0.8446969696969696,1.0,0
9.896344193768693,8905.95809302598,825.0,33.23669822747314,303.4,257075.4,1.8,1.4,0.7,6.2,1.3569789268226635,0.0,0.2914529914529915,1.2,121942.2,135133.2,1.19625068925759,0.6,0.4,0.0,4.0,4.0,0.0248756218905472,1.3333333333333333,3.0,1.521928094887362,0.4,7.54726368159204,50.25,31.56243811875122,0.6142097846669945,1.0,0
871.1540793974165,52269.244763844974,60.0,0.260251013289414,131.66666666666666,7900.0,129.41176470588235,2.2549019607843137,73.82745098039216,0.0,0.0,0.0,0.0,0.0,135.2941176470588,7764.705882352941,40.35686274509804,1.0,0.0,0.0,1.0,1.0,52.41521068859198,0.0196078431372549,51.0,5.6724253419715005,1.0,6901.336073997944,0.0194599999999999,0.0166627848812856,0.5387181543159976,51.0,1
4.792704197451217,5531.464690895336,1106.0,34.50390649554051,156.0,180198.5,2.75,3.25,0.6166666666666667,6.75,1.5572364511206795,0.0,0.35,1.5,90717.5,89481.0,1.054634574825214,0.75,0.25,0.0,3.0,4.0,0.0199004975124378,1.0,4.0,2.0,0.25,3.1044776119402986,67.0,46.99645376692444,0.5877375811793871,1.0,0
101.60641874165486,6096.385124499292,60.0,0.0461388479329358,2.0961538461538463,125.76923076923076,1.0,0.0961538461538461,1.0,0.0,0.0,0.0,0.0,0.0,5.769230769230769,60.0,0.0961538461538461,1.0,0.0,0.0,52.0,1.0,10.33797216699801,1.0,1.0,0.0,1.0,21.669980119284293,0.0986274509803921,0.0923764592676934,0.5163635176488784,1.0,2
112.95431843065384,6777.259105839229,60.0,0.0477080559293542,1.976744186046512,118.6046511627907,1.0,0.0930232558139534,1.0,0.0,0.0,0.0,0.0,0.0,5.5813953488372094,60.0,0.0930232558139534,1.0,0.0,0.0,86.0,1.0,13.56466876971609,1.0,1.0,0.0,1.0,26.81388012618297,0.0745882352941176,0.066977659860697,0.526879974958297,1.0,2
9.995600612793218,1111.4685660969808,132.34895833333331,0.2673229951864805,2.03125,218.0,0.0,0.0,0.0,60.75,4.707758687328559,0.2141962232588277,0.4963672162992908,3.0,64.90625,152.15625,2.344670923761484,0.0,1.0,0.0,1.0,1.0,0.1081081081081081,1.0,1.0,0.0,1.0,0.2195945945945946,9.548387096774194,9.266097447937412,0.5075019235357189,32.0,4
45.63852234030958,35128.34895200582,1024.571428571429,32.090519753130096,389.1428571428572,403997.8571428572,1.1428571428571428,1.2857142857142858,0.619047619047619,1.7142857142857142,0.4079126488867905,0.0,0.0952380952380952,0.4285714285714285,201991.0,202006.85714285716,1.037678086414809,0.7142857142857143,0.1428571428571428,0.1428571428571428,3.0,4.0,0.0386740331491712,1.0,4.0,1.6644977792004614,0.4285714285714285,15.049723756906078,30.166666666666668,16.79699047117932,0.6423406630817227,2.0,0
1128.325587200179,67699.53523201073,60.0,0.2677227782015139,127.3076923076923,7638.461538461538,123.96153846153848,3.3461538461538463,45.37307692307692,0.0,0.0,0.0,0.0,0.0,200.7692307692308,7437.692307692308,32.18076923076923,1.0,0.0,0.0,1.0,1.0,28.792912513842747,0.0384615384615384,26.0,4.70043971814109,1.0,3665.559246954596,0.03612,0.0318010314298137,0.5317940443428726,26.0,1
11.805543901367075,13263.278754481064,934.5714285714286,21.78172784782262,222.28571428571428,227337.7142857143,2.7142857142857144,3.0,0.6619047619047619,1.7142857142857142,0.4645184524839746,0.0,0.119047619047619,0.4285714285714285,112226.14285714286,115111.57142857143,1.0477347193580089,0.7142857142857143,0.1428571428571428,0.1428571428571428,3.0,3.0,0.0256410256410256,1.0,3.0,1.3787834934861751,0.5714285714285714,5.6996336996337,45.5,44.70551792937124,0.5044037332131435,2.0,0
67.76048622862702,4065.62917371762,60.0,0.0528607506960149,2.0416666666666665,122.5,1.0,0.0694444444444444,1.0,0.0,0.0,0.0,0.0,0.0,4.166666666666667,60.0,0.0694444444444444,1.0,0.0,0.0,72.0,1.0,16.107382550335572,1.0,1.0,0.0,1.0,32.88590604026846,0.0629577464788732,0.0746521391295104,0.4575088933511737,1.0,2
11.639638157979029,11460.195802179953,970.3333333333334,21.79237802016953,260.6666666666667,257531.5,2.1666666666666665,2.333333333333333,0.8333333333333334,2.0,0.4758980903679222,0.0,0.1111111111111111,0.5,120328.83333333331,137202.66666666666,1.1728302011078195,0.8333333333333334,0.1666666666666666,0.0,5.0,4.0,0.0272727272727272,1.0,4.0,1.9182958340544891,0.5,7.109090909090909,44.0,49.81164522478654,0.4690249264317827,1.0,0
8.288659638009516,6564.823379469438,958.6666666666666,34.44659424203867,200.83333333333331,180273.0,3.0,3.0,0.9583333333333336,0.0,0.0,0.0,0.0,0.0,86283.0,93990.0,0.9904016861590478,0.8333333333333334,0.1666666666666666,0.0,4.0,3.0,0.0211267605633802,0.75,4.0,1.7924812503605778,0.5,4.242957746478873,56.8,55.91207383025602,0.5039389132839539,3.0,0
811.7716188594435,48706.29713156661,60.0,0.235062016814453,123.02564102564102,7381.538461538462,120.1025641025641,2.923076923076923,58.04829059829059,0.0,0.0,0.0,0.0,0.0,175.3846153846154,7206.153846153846,36.61239316239317,1.0,0.0,0.0,1.0,1.0,40.58272632674298,0.0256410256410256,39.0,5.285402218862247,1.0,4992.715920915713,0.0252894736842105,0.0215613053685688,0.5397876875370817,39.0,1
12.214318155472004,11326.752686234246,980.8,22.877268505756167,265.4,253742.6,2.0,1.6,0.8666666666666668,8.0,1.9102534346890248,0.0,0.4492307692307692,1.8,131186.4,122556.2,0.995198113764437,0.8,0.0,0.2,2.0,4.0,0.0290697674418604,1.0,4.0,1.9219280948873625,0.4,7.715116279069767,43.0,20.868636754709208,0.6732568939140461,1.0,0
7.374812870023511,887.9310532563768,122.71030844155844,1.3794857226455994,9.625,1133.875,1.0,1.0,1.0,0.0,0.0,0.0,0.0,0.0,455.5,678.375,1.494503345117473,1.0,0.0,0.0,1.0,1.0,0.0074127548452068,1.0,1.0,0.0,1.0,0.0713477653851157,154.17441514285716,84.66958816065217,0.6455025581987969,8.0,3
97.47778012016022,5848.666807209614,60.0,0.0475390706768754,2.037037037037037,122.22222222222224,1.0,0.1111111111111111,1.0,0.0,0.0,0.0,0.0,0.0,6.666666666666667,60.0,0.1111111111111111,1.0,0.0,0.0,54.0,1.0,6.308411214953271,1.0,1.0,0.0,1.0,12.850467289719626,0.1615094339622641,0.1557501170709163,0.5090766643156877,1.0,2
14.582316546210851,1424.947250532042,122.61111111111111,0.2377173826413382,2.1333333333333333,211.7333333333333,0.0,0.0,0.0,60.73333333333333,4.731873545568126,0.218655744778562,0.5033307816245499,3.0,63.0,147.73333333333332,2.3446251315772133,0.0,1.0,0.0,1.0,1.0,0.0524475524475524,1.0,1.0,0.0,1.0,0.1118881118881118,20.428571428571427,17.37286178298245,0.5404179072852588,15.0,4
1014.0354136746012,60842.124820476085,60.0,0.2638273030967754,130.71794871794873,7843.076923076923,128.05128205128204,2.6666666666666665,64.79679487179487,0.0,0.0,0.0,0.0,0.0,160.0,7683.076923076923,41.14294871794872,1.0,0.0,0.0,1.0,1.0,80.08213552361397,0.0128205128205128,78.0,6.285402218862257,1.0,10468.17248459959,0.0126493506493506,0.0100927725635675,0.5562079903852353,78.0,1
107.10449385572892,6426.269631343735,60.0,0.0483396408404944,1.9538461538461536,117.23076923076924,1.0,0.0615384615384615,1.0,0.0,0.0,0.0,0.0,0.0,3.692307692307693,60.0,0.0615384615384615,1.0,0.0,0.0,65.0,1.0,11.111111111111112,1.0,1.0,0.0,1.0,21.70940170940171,0.09140625,0.0833454255549607,0.5230636542380507,1.0,2
8.631579346755212,1029.996547766573,153.41481481481483,1.4230119712759788,9.833333333333334,1415.6666666666667,1.0,1.0,1.0,0.0,0.0,0.0,0.0,0.0,545.0,870.6666666666666,1.5996365824366314,1.0,0.0,0.0,1.0,1.0,0.0099476772074243,1.0,1.0,0.0,1.0,0.0978188258730064,120.631176,0.9626091736209452,0.9920834015303788,6.0,3
88.0973497696206,5285.840986177238,60.0,0.0508158139063124,2.086206896551724,125.17241379310344,1.0,0.1551724137931034,1.0,0.0,0.0,0.0,0.0,0.0,9.310344827586206,60.0,0.1551724137931034,1.0,0.0,0.0,58.0,1.0,8.567208271787297,1.0,1.0,0.0,1.0,17.872968980797637,0.1187719298245614,0.0909418587241629,0.5663525066544028,1.0,2
10.84862297166216,1188.0771725372813,134.66666666666669,0.258277130035873,1.870967741935484,204.03225806451613,0.0,0.0,0.0,60.516129032258064,4.70638522519114,0.2301250775139341,0.5002927289361702,3.0,60.74193548387097,142.3548387096774,2.3438293572848106,0.0,1.0,0.0,1.0,1.0,0.111913357400722,1.0,1.0,0.0,1.0,0.2093862815884476,9.233333333333333,6.917048182249098,0.5717099205628488,31.0,4
114.08144706268844,6844.886823761305,60.0,0.048556549243308,2.107843137254902,126.47058823529412,1.0,0.1078431372549019,1.0,0.0,0.0,0.0,0.0,0.0,6.470588235294118,60.0,0.1078431372549019,1.0,0.0,0.0,102.0,1.0,12.171837708830548,1.0,1.0,0.0,1.0,25.6563245823389,0.0829702970297029,0.0647851675124387,0.5615379254283948,1.0,2
12.650796391627155,1241.4750441485032,121.98717948717947,0.2731271336461531,2.076923076923077,214.80769230769232,0.0,0.0,0.0,60.26923076923077,4.689228160613499,0.2243725835914182,0.4974683594732297,3.0,64.07692307692308,149.84615384615384,2.338683104173864,0.0,1.0,0.0,1.0,1.0,0.0890410958904109,1.0,1.0,0.0,1.0,0.184931506849315,11.68,12.30843613136941,0.486901269263076,26.0,4
627.8244786249516,878958.5486210078,1400.0164351495662,170.9084690671939,54295.66666666666,76014790.0,1.0,1.0,1.0,0.0,0.0,0.0,0.0,0.0,29299.0,75985491.0,2805.379756470647,1.0,0.0,0.0,1.0,1.0,0.0057034220532319,1.0,1.0,0.0,1.0,309.67110266159693,263.0,44.0,0.8566775244299674,3.0,5
11.662408750450966,9851.356158679471,854.25,32.681480164855394,321.25,283588.0,3.5,4.25,0.8458333333333333,3.0,0.7138471355518834,0.0,0.1666666666666666,0.75,153955.75,129632.25,0.92816921135913,1.0,0.0,0.0,3.0,3.0,0.0185185185185185,1.0,3.0,1.5,0.5,5.949074074074074,72.0,25.508168626278653,0.7383996747591037,1.0,0
956.2906824112108,57377.44094467264,60.0,0.2738896750906483,122.02564102564102,7321.538461538462,119.4102564102564,2.6153846153846154,61.467521367521385,0.0,0.0,0.0,0.0,0.0,156.92307692307693,7164.615384615385,49.0059829059829,1.0,0.0,0.0,1.0,1.0,40.08221993833504,0.0256410256410256,39.0,5.285402218862247,1.0,4891.058581706064,0.0256052631578947,0.0285717374834903,0.4726223832024994,39.0,1
522.8502514178253,731998.3197481261,1400.0447887779112,113.60600635362935,37756.333333333336,52859781.333333336,1.0,1.0,1.0,0.0,0.0,0.0,0.0,0.0,39545.333333333336,52820236.0,1485.7088884994766,1.0,0.0,0.0,1.0,1.0,0.01875,1.0,1.0,0.0,1.0,707.93125,80.0,12.0,0.8695652173913044,3.0,5
793.2214441336179,47593.28664801707,60.0,0.2953446695103644,127.07894736842104,7624.736842105263,124.60526315789474,2.473684210526316,70.87280701754386,0.0,0.0,0.0,0.0,0.0,148.42105263157896,7476.315789473684,50.53070175438595,1.0,0.0,0.0,1.0,1.0,40.04214963119073,0.0263157894736842,38.0,5.247927513443589,1.0,5088.514225500527,0.0256486486486486,0.0209635671302022,0.5502559408532998,38.0,1
10.148724164703331,1150.3417309842373,127.14285714285714,0.2460676252506827,1.9142857142857144,205.11428571428573,0.0,0.0,0.0,62.2,4.73096233268299,0.2344911605243776,0.4900572854633919,3.0,61.142857142857146,143.05714285714285,2.3394487330382545,0.0,1.0,0.0,1.0,1.0,0.1186440677966101,1.0,1.0,0.0,1.0,0.2271186440677966,8.676470588235293,7.399207382969731,0.5397265735091674,35.0,4
310.0709164618058,434100.9122147092,1400.0034092082888,153.2707070950128,35673.666666666664,49943270.66666666,1.0,1.0,1.0,0.0,0.0,0.0,0.0,0.0,33107.333333333336,49910163.333333336,1720.120307119816,1.0,0.0,0.0,1.0,1.0,0.0100671140939597,1.0,1.0,0.0,1.0,359.1308724832215,149.0,99.0,0.6008064516129032,3.0,5
7.535480555378389,990.4916409520304,141.44855006105004,1.5605412191248664,10.0,1374.8333333333333,1.0,1.0,1.0,0.0,0.0,0.0,0.0,0.0,578.1666666666666,796.6666666666666,1.415544768573328,1.0,0.0,0.0,1.0,1.0,0.0035693073087245,1.0,1.0,0.0,1.0,0.0356930730872453,336.199687,191.75784762183628,0.6367930466998867,6.0,3
1165.538203351957,69932.29220111742,60.0,0.22509573343017,135.2,8112.0,132.625,2.575,67.10166666666666,0.0,0.0,0.0,0.0,0.0,154.5,7957.5,49.376666666666665,1.0,0.0,0.0,1.0,1.0,43.95604395604396,0.025,40.0,5.321928094887364,1.0,5942.857142857142,0.0233333333333333,0.023738244954172,0.4956989797711311,40.0,1
9.234054280773565,1086.541577605019,136.29166666666666,0.2554906401727862,1.9,205.9,0.0,0.0,0.0,64.1,4.757682067025988,0.2510901420757181,0.4812222643299974,3.0,61.3,143.65,2.3440512187681835,0.0,1.0,0.0,1.0,1.0,0.0714285714285714,1.0,1.0,0.0,1.0,0.1357142857142857,14.736842105263158,10.396568792600748,0.5863446933307268,20.0,4
109.43619766192826,6566.171859715695,60.0,0.043447545476441,1.8793103448275863,112.75862068965516,1.0,0.1206896551724138,1.0,0.0,0.0,0.0,0.0,0.0,7.241379310344827,60.0,0.1206896551724138,1.0,0.0,0.0,58.0,1.0,6.359649122807018,1.0,1.0,0.0,1.0,11.951754385964913,0.1599999999999999,0.1502395747616499,0.5157304645060978,1.0,2
130.98451268347216,7859.070761008331,60.0,0.0510515412012937,2.062015503875969,123.72093023255816,1.0,0.0697674418604651,1.0,0.0,0.0,0.0,0.0,0.0,4.186046511627907,60.0,0.0697674418604651,1.0,0.0,0.0,129.0,1.0,13.991323210412146,1.0,1.0,0.0,1.0,28.850325379609544,0.07203125,0.0623292589674985,0.53610432524801,1.0,2
13.059585256408052,9308.70252412139,715.2,39.135206682895976,237.8,189633.4,3.2,2.8,0.95,5.0,1.295541982233988,0.0,0.3192307692307692,1.2,87265.0,102368.4,1.0892479270972877,0.8,0.2,0.0,4.0,5.0,0.0205761316872428,1.25,4.0,1.9219280948873625,0.2,4.893004115226337,60.75,47.34118186103934,0.5620254950870963,1.0,0
200.9405292385869,281321.7330184489,1400.0246487455915,140.46605617003027,29763.0,41668974.0,1.0,1.0,1.0,0.0,0.0,0.0,0.0,0.0,24005.5,41644968.5,4037.4401425911806,1.0,0.0,0.0,1.0,1.0,0.0112359550561797,1.0,1.0,0.0,1.0,334.4157303370786,178.0,0.0,1.0,2.0,5
1011.0040745764366,60660.244474586194,60.0,0.2633538150054271,132.7674418604651,7966.046511627907,130.09302325581396,2.6744186046511627,67.56356589147286,0.0,0.0,0.0,0.0,0.0,160.46511627906978,7805.581395348837,57.40077519379845,1.0,0.0,0.0,1.0,1.0,45.40654699049631,0.0232558139534883,43.0,5.426264754702098,1.0,6028.511087645195,0.022547619047619,0.0277764908998962,0.4480480443893537,43.0,1
11.923591983026688,1181.4143854555894,123.35185185185186,0.2844371090877819,2.1666666666666665,210.66666666666663,0.0,0.0,0.0,61.833333333333336,4.71871377239538,0.2373106987959782,0.4921567488810277,3.0,62.77777777777778,147.0,2.341081093419481,0.0,1.0,0.0,1.0,1.0,0.0616438356164383,1.0,1.0,0.0,1.0,0.1335616438356164,17.176470588235293,15.986153177847555,0.5179466712100919,18.0,4
8.246791216313634,1021.6178614753312,147.09523809523813,0.3288008132539061,1.809523809523809,218.66666666666663,0.0,0.0,0.0,62.333333333333336,4.718637242652197,0.2170512379618226,0.4870617328568701,3.0,65.0952380952381,152.57142857142858,2.343616112007972,0.0,1.0,0.0,1.0,1.0,0.0739436619718309,1.0,1.0,0.0,1.0,0.1338028169014084,14.2,13.555810562264432,0.5116045870159415,21.0,4
794.8130607521119,47688.7836451267,60.0,0.2712245806649633,117.85714285714286,7071.428571428572,115.82857142857142,2.0285714285714285,73.95714285714286,0.0,0.0,0.0,0.0,0.0,121.71428571428572,6949.714285714285,43.84285714285714,1.0,0.0,0.0,1.0,1.0,35.49695740365112,0.0285714285714285,35.0,5.129283016944964,1.0,4183.569979716024,0.0289999999999999,0.0309696245869856,0.4835781480995543,35.0,1
5.755793949381626,3935.171728802205,639.3333333333334,48.47691417305722,283.3333333333333,185743.66666666663,3.0,3.333333333333333,0.6111111111111112,9.333333333333334,2.1597083951814944,0.0,0.4786324786324786,2.0,103739.0,82004.66666666667,0.9699159027108532,0.6666666666666666,0.3333333333333333,0.0,2.0,3.0,0.0188679245283018,1.0,3.0,1.584962500721156,0.3333333333333333,5.345911949685535,79.5,32.5,0.7098214285714285,1.0,0
7.865988191579335,849.5472234101377,121.56140350877192,0.289629224766496,2.0526315789473686,213.26315789473685,0.0,0.0,0.0,61.68421052631579,4.708187576979405,0.2604570275462591,0.4905522435811421,3.0,63.42105263157895,148.8421052631579,2.346890761814736,0.0,1.0,0.0,1.0,1.0,0.0666666666666666,1.0,1.0,0.0,1.0,0.1368421052631579,15.833333333333334,19.227439882741653,0.451596809795225,19.0,4
86.43770037426076,5186.262022455645,60.0,0.049913974484405,1.9788359788359788,118.73015873015872,1.0,0.0899470899470899,1.0,0.0,0.0,0.0,0.0,0.0,5.396825396825397,60.0,0.0899470899470899,1.0,0.0,0.0,189.0,1.0,41.44736842105264,1.0,1.0,0.0,1.0,82.01754385964912,0.0242553191489361,0.0178938573617071,0.5754636544989509,1.0,2
5.660415471585794,6285.880320646624,1070.0,43.46496054022254,220.8571428571429,264703.5714285714,1.5714285714285714,1.4285714285714286,0.4761904761904761,5.428571428571429,1.4338748554693417,0.0,0.3608058608058608,1.2857142857142858,120310.0,144393.57142857142,1.158970710706976,0.4285714285714285,0.4285714285714285,0.1428571428571428,4.0,4.0,0.0348258706467661,0.8,5.0,2.235926350629033,0.5714285714285714,7.691542288557214,33.5,28.946790265358725,0.5364567155116625,2.0,0
64.44668247660006,73511.77444642283,1243.857142857143,22.74010496426079,356.85714285714283,436984.28571428574,2.857142857142857,3.0,0.8452380952380952,7.857142857142857,1.825662161166516,0.0,0.4202380952380952,1.7142857142857142,214095.2857142857,222889.0,1.0848949871216604,0.8571428571428571,0.1428571428571428,0.0,4.0,6.0,0.0295358649789029,2.0,3.0,1.448815635725185,0.2857142857142857,10.540084388185656,39.5,26.06881917796304,0.6024204872866693,1.0,0
795.8716540298504,47752.29924179102,60.0,0.253238895617086,127.92,7675.2,125.44,2.48,75.52333333333334,0.0,0.0,0.0,0.0,0.0,148.8,7526.4,35.64333333333334,1.0,0.0,0.0,1.0,1.0,28.6697247706422,0.04,25.0,4.643856189774723,1.0,3667.431192660551,0.0363333333333333,0.0317157514318814,0.533928317459255,25.0,1
14.134656785417226,12976.062869028869,900.2,41.84513231202342,288.0,265286.8,3.0,3.6,0.65,5.4,1.2549721192370886,0.0,0.2833333333333333,1.2,132813.4,132473.4,0.9764629837342704,0.8,0.0,0.2,2.0,4.0,0.0442477876106194,1.0,4.0,1.9219280948873625,0.4,12.743362831858407,28.25,28.331740151286155,0.4992776808289424,1.0,0
10.58140016178223,1123.6947599523262,133.0654761904762,0.2651506963488598,1.9285714285714288,203.7142857142857,0.0,0.0,0.0,61.92857142857143,4.714777111167029,0.2338438979473862,0.4890844045753815,3.0,60.642857142857146,142.14285714285714,2.3444877326376026,0.0,1.0,0.0,1.0,1.0,0.1010830324909747,1.0,1.0,0.0,1.0,0.1949458483754512,10.25925925925926,8.386905987543663,0.550207462149265,28.0,4
4.953998780563457,6455.208801341105,1272.6666666666667,26.61824774797329,113.66666666666669,149618.0,4.333333333333333,4.666666666666667,0.9444444444444444,4.0,0.9517961807358444,0.0,0.2222222222222222,1.0,64630.0,84988.0,1.1485255671710566,1.0,0.0,0.0,2.0,3.0,0.0256410256410256,1.5,2.0,0.9182958340544896,0.3333333333333333,2.9145299145299144,58.5,30.5,0.6573033707865169,1.0,0
53.93580644375551,3236.14838662533,60.0,0.0536116669901098,1.9054054054054053,114.32432432432432,1.0,0.0945945945945946,1.0,0.0,0.0,0.0,0.0,0.0,5.675675675675675,60.0,0.0945945945945946,1.0,0.0,0.0,74.0,1.0,11.297709923664122,1.0,1.0,0.0,1.0,21.52671755725191,0.0897260273972603,0.0756881236542472,0.5424325961647679,1.0,2
150.83959188977136,211184.7206650842,1400.0601142059952,102.22195963765124,15527.0,21738758.0,1.0,1.0,1.0,0.0,0.0,0.0,0.0,0.0,19789.5,21718968.5,1643.5240121988893,1.0,0.0,0.0,1.0,1.0,0.1538461538461538,1.0,1.0,0.0,1.0,2388.769230769231,13.0,0.0,1.0,2.0,5
13.906185646846192,1610.520300444066,132.89444444444445,0.8236705814048688,10.875,1243.5,1.0,1.0,1.0,0.0,0.0,0.0,0.0,0.0,506.75,736.75,1.482029336510285,1.0,0.0,0.0,1.0,1.0,0.0074107490445258,1.0,1.0,0.0,1.0,0.0805918958592188,154.21614414285713,54.30519735278525,0.7395700748744698,8.0,3
581.4467565314663,814038.6621149116,1400.0226701943982,100.7309911932566,39541.66666666666,55359205.66666666,1.0,1.0,1.0,0.0,0.0,0.0,0.0,0.0,28526.33333333333,55330679.333333336,2027.032885480946,1.0,0.0,0.0,1.0,1.0,0.0052724077328646,1.0,1.0,0.0,1.0,208.47978910369068,284.5,152.5,0.6510297482837528,3.0,5
3.855787838060037,4499.025742462718,1039.2857142857142,42.346910785882,155.28571428571428,184889.2857142857,3.2857142857142856,3.2857142857142856,0.988095238095238,9.857142857142858,2.24384823163671,0.0,0.4904761904761904,2.142857142857143,95621.42857142857,89267.85714285714,0.9513033502492662,1.0,0.0,0.0,3.0,4.0,0.035,1.0,4.0,1.6644977792004614,0.2857142857142857,5.435,33.333333333333336,21.304668241699726,0.610075997885052,2.0,0
9.645765841977813,1203.3219878576906,139.83339577089575,1.2334557288861585,10.6,1379.6,1.0,1.0,1.0,0.0,0.0,0.0,0.0,0.0,563.6,816.0,1.445366785210884,1.0,0.0,0.0,1.0,1.0,0.0052039364867399,1.0,1.0,0.0,1.0,0.0551617267594432,213.51358033333332,123.42073894692318,0.6336949610518489,10.0,3
929.3828364764696,55762.97018858818,60.0,0.2335328052952929,119.52173913043478,7171.304347826087,117.17391304347828,2.347826086956522,59.16014492753624,0.0,0.0,0.0,0.0,0.0,140.8695652173913,7030.434782608696,29.768840579710144,1.0,0.0,0.0,1.0,1.0,23.662551440329217,0.0434782608695652,23.0,4.523561956057013,1.0,2828.1893004115227,0.0441818181818181,0.0404268546700382,0.5221901808952527,23.0,1
10.87726873992514,1246.093577886326,124.968956440385,1.154801069552582,10.142857142857142,1189.2857142857142,1.0,1.0,1.0,0.0,0.0,0.0,0.0,0.0,468.1428571428572,721.1428571428571,1.5513021108488825,1.0,0.0,0.0,1.0,1.0,0.0083026017176258,1.0,1.0,0.0,1.0,0.0842121031359195,140.51820216666667,45.47612087405318,0.7554972639455395,7.0,3
12.082242743524873,10911.542264058187,1024.0,23.896549578488973,282.3333333333333,241070.0,1.3333333333333333,1.0,0.6666666666666666,0.0,0.0,0.0,0.0,0.0,113657.66666666669,127412.33333333331,1.1298597754584294,0.6666666666666666,0.3333333333333333,0.0,3.0,3.0,0.0116731517509727,1.5,2.0,0.9182958340544896,0.3333333333333333,3.2957198443579765,128.5,8.5,0.937956204379562,1.0,0
17.625943499225148,19014.18746045785,1081.3333333333333,23.85816593209175,220.16666666666663,250363.3333333333,2.1666666666666665,1.8333333333333333,0.7083333333333334,9.166666666666666,2.113042996177076,0.0,0.4743589743589744,2.0,112955.5,137407.83333333334,1.1499816256536364,0.6666666666666666,0.1666666666666666,0.1666666666666666,4.0,4.0,0.029126213592233,1.3333333333333333,3.0,1.4591479170272448,0.5,6.412621359223301,41.2,29.3148426569204,0.584274153463726,1.0,0
7.275785486027502,1089.3330161789154,161.36578357539895,1.3480359944428078,9.23076923076923,1353.6153846153843,1.0,1.0,1.0,0.0,0.0,0.0,0.0,0.0,525.9230769230769,827.6923076923077,1.5986814802670857,1.0,0.0,0.0,1.0,1.0,0.0067708359217674,1.0,1.0,0.0,1.0,0.0625000238932383,159.99993883333337,56.98254671607641,0.7373864228175194,13.0,3
1130.3655888648668,1582516.948676189,1400.0045332814675,59.130427056896615,66839.0,93574903.0,1.0,1.0,1.0,0.0,0.0,0.0,0.0,0.0,26784.0,93548119.0,3492.686641278375,1.0,0.0,0.0,1.0,1.0,1.0,1.0,1.0,0.0,1.0,66839.0,0.0,0.0,0.0,0.0,5
191.16850056817904,267640.529977857,1400.0225254447937,218.6921151644813,40677.0,56948523.5,1.0,1.0,1.0,0.0,0.0,0.0,0.0,0.0,20356.0,56928167.5,2969.176422238,1.0,0.0,0.0,1.0,1.0,0.0344827586206896,1.0,1.0,0.0,1.0,1402.655172413793,58.0,0.0,1.0,2.0,5
13.658763596948797,13170.249633142754,971.0,20.256175963559265,277.5,258945.5,2.5,3.0,0.4166666666666667,15.0,3.281727678869736,0.0,0.7333333333333333,3.0,126723.5,132222.0,1.0520453463787378,0.5,0.0,0.5,2.0,2.0,0.08,1.0,2.0,1.0,0.5,22.2,25.0,0.0,1.0,1.0,0
5.920437837798229,726.7070683115485,127.12033568283567,1.722269882040356,10.166666666666666,1183.3333333333333,1.0,1.0,1.0,0.0,0.0,0.0,0.0,0.0,450.1666666666667,733.1666666666666,1.607479196599816,1.0,0.0,0.0,1.0,1.0,0.0099939703711691,1.0,1.0,0.0,1.0,0.1016053654402201,120.07239920000002,1.8979030273640825,0.9844396300352998,6.0,3
7.226446041032086,6811.749714432102,962.6666666666666,26.083194697297785,177.0,197208.66666666663,2.6666666666666665,3.0,0.9333333333333332,0.0,0.0,0.0,0.0,0.0,82178.66666666667,115030.0,1.3898944591583613,1.0,0.0,0.0,2.0,3.0,0.1578947368421052,1.0,3.0,1.584962500721156,0.3333333333333333,27.94736842105263,9.5,6.5,0.59375,1.0,0
6.423448561859458,6950.304800718453,985.0,25.25254514588183,217.5,236746.0,5.0,6.0,0.8333333333333334,7.5,1.6616157143988102,0.0,0.3666666666666666,1.5,138176.5,98569.5,0.7371548067693411,1.0,0.0,0.0,2.0,2.0,0.0606060606060606,1.0,2.0,1.0,0.5,13.181818181818182,33.0,0.0,1.0,1.0,0
1251.9231531319313,75115.38918791588,60.0,0.2600244171092045,119.04761904761904,7142.857142857143,116.42857142857144,2.619047619047619,64.15912698412698,0.0,0.0,0.0,0.0,0.0,157.14285714285714,6985.714285714285,43.54007936507936,1.0,0.0,0.0,1.0,1.0,44.25711275026344,0.0238095238095238,42.0,5.3923174227787625,1.0,5268.703898840886,0.0231463414634146,0.0226323327700683,0.5056140626826009,42.0,1
1382.2352850378616,82934.11710227169,60.0,0.2317943404118071,123.06153846153846,7383.692307692308,120.78461538461538,2.276923076923077,74.68358974358975,0.0,0.0,0.0,0.0,0.0,136.6153846153846,7247.076923076923,50.36051282051282,1.0,0.0,0.0,1.0,1.0,65.5241935483871,0.0153846153846153,65.0,6.022367813028458,1.0,8063.508064516129,0.0155,0.0150031246745469,0.5081446627313504,65.0,1
275.39556459699344,385557.5112802631,1400.0140816129342,156.57494113557863,44939.5,62915757.0,1.0,1.0,1.0,0.0,0.0,0.0,0.0,0.0,34313.0,62881444.0,2233.7145633153687,1.0,0.0,0.0,1.0,1.0,0.0186915887850467,1.0,1.0,0.0,1.0,839.9906542056075,107.0,0.0,1.0,2.0,5
365.1958932340568,334317.27518360614,957.0,14.47431900384778,318.6666666666667,309304.6666666667,2.333333333333333,1.6666666666666667,1.0833333333333333,0.0,0.0,0.0,0.0,0.0,162039.66666666666,147265.0,0.8750861629174324,0.6666666666666666,0.3333333333333333,0.0,2.0,2.0,0.0182926829268292,0.6666666666666666,3.0,1.584962500721156,0.6666666666666666,5.829268292682927,82.0,67.0,0.5503355704697988,2.0,0
11.93136061430818,1207.7652219226293,115.38235294117646,0.2481009165609447,2.176470588235294,206.7058823529412,0.0,0.0,0.0,61.88235294117647,4.652509438365953,0.2089354693372144,0.4709156763120338,3.0,61.588235294117645,144.23529411764707,2.3418480838023807,0.0,1.0,0.0,1.0,1.0,0.0592334494773519,1.0,1.0,0.0,1.0,0.1289198606271777,17.9375,14.50632943752485,0.552878630882374,17.0,4
7.703790755782332,6086.924214181624,729.0,46.43596995521341,299.5,231960.0,1.5,1.5,0.8333333333333333,0.0,0.0,0.0,0.0,0.0,129314.5,102645.5,0.7969814706352885,1.0,0.0,0.0,2.0,2.0,0.0137931034482758,1.0,2.0,1.0,0.5,4.13103448275862,145.0,0.0,1.0,1.0,0
533.3636993781953,32001.82196269172,60.0,0.2839390983961525,112.60975609756098,6756.585365853659,110.2439024390244,2.365853658536585,62.17723577235772,0.0,0.0,0.0,0.0,0.0,141.9512195121951,6614.634146341464,44.079674796747966,1.0,0.0,0.0,1.0,1.0,41.58215010141988,0.024390243902439,41.0,5.357552004618081,1.0,4682.555780933063,0.02465,0.0175791780240146,0.583719625941622,41.0,1
9.89928831762642,1051.1737306460996,114.12698412698413,0.266763927128018,2.0476190476190474,211.0,0.0,0.0,0.0,60.38095238095238,4.725583939695489,0.233643025997752,0.5003467420030264,3.0,62.90476190476191,147.14285714285714,2.339660597462224,0.0,1.0,0.0,1.0,1.0,0.0726643598615917,1.0,1.0,0.0,1.0,0.1487889273356401,14.45,14.520588831035743,0.498781715631542,21.0,4
6.308435500206327,7524.629521467929,1079.4,44.31531078284449,173.2,176262.8,2.0,2.2,0.7166666666666667,6.6,1.343075730492431,0.0,0.2799999999999999,1.2,85344.6,90918.2,1.0383317229803528,0.8,0.2,0.0,3.0,5.0,0.0282485875706214,1.6666666666666667,3.0,1.3709505944546687,0.2,4.892655367231638,44.25,34.23722389446901,0.5637860253472196,1.0,0
9.892960885035968,1009.9143703651234,113.50595238095238,0.2840425427197045,2.2142857142857144,207.32142857142856,0.0,0.0,0.0,60.67857142857143,4.6887670570957445,0.2501828921547832,0.4876389652843844,3.0,61.75,144.71428571428572,2.343488244884516,0.0,1.0,0.0,1.0,1.0,0.0958904109589041,1.0,1.0,0.0,1.0,0.2123287671232876,10.814814814814817,10.413797958894218,0.5094451969187842,28.0,4
10.27344317606989,891.7852477139892,113.25,0.2615667129879783,2.2,208.0,0.0,0.0,0.0,64.5,4.775303378203936,0.2295337349438392,0.4881967160921429,3.0,61.8,145.2,2.349357503536532,0.0,1.0,0.0,1.0,1.0,0.045045045045045,1.0,1.0,0.0,1.0,0.0990990990990991,24.666666666666668,14.055445761538676,0.637017588139106,10.0,4
63.14447568105796,3788.6685408634794,60.0,0.0554559306460109,2.135802469135802,128.14814814814815,1.0,0.0987654320987654,1.0,0.0,0.0,0.0,0.0,0.0,5.925925925925926,60.0,0.0987654320987654,1.0,0.0,0.0,81.0,1.0,21.37203166226913,1.0,1.0,0.0,1.0,45.64643799472295,0.047375,0.0460636448297353,0.5070171992148124,1.0,2
346.22442422207,484720.6156096119,1400.0286903692493,185.92163125324691,35181.333333333336,49254803.66666666,1.0,1.0,1.0,0.0,0.0,0.0,0.0,0.0,18448.666666666668,49236355.0,3557.4795158465604,1.0,0.0,0.0,1.0,1.0,0.009375,1.0,1.0,0.0,1.0,329.825,160.0,142.0,0.5298013245033113,3.0,5
7.912511078427809,10372.535165448286,1247.3333333333333,41.45861617431801,276.0,355039.3333333333,3.6666666666666665,3.6666666666666665,1.0,0.0,0.0,0.0,0.0,0.0,198366.3333333333,156673.0,0.8031305987130875,1.0,0.0,0.0,3.0,2.0,0.0112359550561797,0.6666666666666666,3.0,1.584962500721156,0.6666666666666666,3.101123595505618,133.5,34.5,0.7946428571428572,1.0,0
